candidate_identity_key,eccv_first_author_name,eccv_first_author_affiliation_raw,primary_affiliation_category,eccv_selected_paper_count,eccv_virtual_poster_ids,eccv_titles,identity_resolution_status,identity_profile_url,preferred_identity_evidence_source,prior_work_cutoff,verified_prior_work_row_count,review_status,notes
cai_b8qb30,Beom Young Kim,NAVER Cloud,KOREAN_COMPANY,1,3154,Learning from Adversity: Semantic-Aware Mask Refinement through Adversarial Perturbation,resolved,https://beomyoung-kim.github.io/,"Official personal CV, institutional profile, ORCID, then official proceedings or publisher metadata",2026-03-05T23:00:00+01:00,3,identity_resolved_prior_work_incomplete,"At least three eligible prior first-listed main-conference papers were verified. Review was not exhaustive across all listed venues, so no exact count is asserted. ECCV 2026 paper is after the cutoff and is not counted."
cai_jr6jbb,Bonmu Do,Inha University,KOREAN_UNIVERSITY_GRAD_SCIENCE_INSTITUTE,1,5644,TriNLOS: Triplane Representations for Neural Non-Line-of-Sight Imaging,unresolved,,"Official personal CV, institutional profile, ORCID, then official proceedings or publisher metadata",2026-03-05T23:00:00+01:00,0,identity_unresolved_prior_work_incomplete,No eligible prior work was entered because identity could not be verified. The ECCV 2026 paper itself is after the cutoff and is not counted.
cai_ro66h9,Boseung Jeong,POSTECH,KOREAN_UNIVERSITY_GRAD_SCIENCE_INSTITUTE,1,4294,Learning Sample-wise Rank-Aware Interpolation Weights for Composed Visual Data Retrieval,resolved,https://boseungjeong.github.io/,"Official personal CV, institutional profile, ORCID, then official proceedings or publisher metadata",2026-03-05T23:00:00+01:00,1,identity_resolved_prior_work_incomplete,At least one earlier eligible first-listed paper is verified. Exhaustive count still pending.
cai_12x2ya,Bryan Sangwoo Kim,Korea Advanced Institute of Science & Technology,KOREAN_UNIVERSITY_GRAD_SCIENCE_INSTITUTE,1,4355,Tiled Prompts: Overcoming Prompt Misguidance in Image and Video Super-Resolution,resolved,https://bryanswkim.github.io/,"Official personal CV, institutional profile, ORCID, then official proceedings or publisher metadata",2026-03-05T23:00:00+01:00,1,identity_resolved_prior_work_complete,One eligible first-listed NeurIPS 2025 paper is listed before the cutoff. The equal-contribution but second-listed CVPR 2025 paper is recorded separately and excluded from the primary count.
cai_1yyss68,Byeonggyu Park,Seoul National University,KOREAN_UNIVERSITY_GRAD_SCIENCE_INSTITUTE,1,4784,Reflection-Aware Reasoning for Non-Line-of-Sight Pedestrian Localization,resolved,https://bingurrr.github.io/,"Official personal CV, institutional profile, ORCID, then official proceedings or publisher metadata",2026-03-05T23:00:00+01:00,1,identity_resolved_prior_work_incomplete,At least one earlier eligible first-listed paper is verified. Exhaustive count still pending.
cai_1a10uti,Byeonghun Lee,Korea University,KOREAN_UNIVERSITY_GRAD_SCIENCE_INSTITUTE,1,5013,ReAL: Reference-to-Image (R2I) Aware Latent Diffusion for Image Super-Resolution,resolved,https://ipa.korea.ac.kr/members.html,"Official personal CV, institutional profile, ORCID, then official proceedings or publisher metadata",2026-03-05T23:00:00+01:00,1,identity_resolved_prior_work_incomplete,At least one eligible prior first-listed main-conference paper was verified. WACV 2024 and ICLR 2026 records were not counted because WACV is outside the defined venue scope and ICLR 2026 is not prior to the cutoff/publication timing; exact count not asserted.
cai_18w3st,Byoungwoo Kim,KAIST,KOREAN_UNIVERSITY_GRAD_SCIENCE_INSTITUTE,1,3383,ProSR: Semantic-Prototype-Guided Discrete Modeling for Physically Consistent SAR Super-Resolution,unresolved,,"Official personal CV, institutional profile, ORCID, then official proceedings or publisher metadata",2026-03-05T23:00:00+01:00,0,identity_unresolved_prior_work_incomplete,No eligible prior work entered without authoritative identity linkage. The ProSR ECCV 2026 result is after the cutoff and is not counted.
cai_5k7e2r,Byungoh Ko,Korea University,KOREAN_UNIVERSITY_GRAD_SCIENCE_INSTITUTE,1,5807,Context Blindness in DPO: Mitigating Object Hallucination in MLLMs via Context-Calibrated Preference Optimization,resolved,https://dcollection.korea.ac.kr/public_resource/pdf/000000307913_20260421163300.pdf,"Official personal CV, institutional profile, ORCID, then official proceedings or publisher metadata",2026-03-05T23:00:00+01:00,0,identity_resolved_prior_work_incomplete,"At least one eligible prior first-listed? No: the verified ICCV paper lists Joonmyung Choi first, so it establishes prior coauthorship/identity but not prior first-listed authorship. No eligible prior first-listed work was found in this limited review; exact zero is not asserted. ECCV 2026 paper is after cutoff."
cai_1gmil2t,Byungwoo Jeon,KAIST,KOREAN_UNIVERSITY_GRAD_SCIENCE_INSTITUTE,1,4502,SpatialBoost: Enhancing Visual Representation through Language-Guided Reasoning,resolved,https://rootyjeon.github.io/,"Official personal CV, institutional profile, ORCID, then official proceedings or publisher metadata",2026-03-05T23:00:00+01:00,0,identity_resolved_prior_work_complete,Before the cutoff the listed publications are a first-listed CoRL workshop paper and a third-listed NeurIPS 2024 paper. Neither qualifies under the fixed first-listed main-conference rule.
cai_4234nl,Chaesong Park,Seoul National University,KOREAN_UNIVERSITY_GRAD_SCIENCE_INSTITUTE,1,4619,OmniDS: Dual-Stream Context Fusion for Omnidirectional Depth from Fisheye Cameras,resolved,https://parkchaesong.github.io/,"Official personal CV, institutional profile, ORCID, then official proceedings or publisher metadata",2026-03-05T23:00:00+01:00,1,identity_resolved_prior_work_complete,The sole pre-cutoff eligible first-listed paper shown is SC-Lane at ICCV 2025. HeightLane is WACV and excluded by the fixed venue scope.
cai_1wxi2l,Chaeyeon Lee,Korea University,KOREAN_UNIVERSITY_GRAD_SCIENCE_INSTITUTE,1,5220,TaxoMIL: Taxonomy-Constrained Learning for Hierarchical Whole Slide Image Analysis,unresolved,,"Official personal CV, institutional profile, ORCID, then official proceedings or publisher metadata",2026-03-05T23:00:00+01:00,0,identity_unresolved_prior_work_incomplete,The official personal page is a plausible but affiliation/topic-incompatible lead; no eligible prior work is entered without identity resolution.
cai_naliiu,Changjin Kim,Hanyang University,KOREAN_UNIVERSITY_GRAD_SCIENCE_INSTITUTE,1,5875,Breaking High Confidence: Practical Face Impersonation under High-Security Thresholds,resolved,https://cryptology-algorithm-lab.github.io/,"Official personal CV, institutional profile, ORCID, then official proceedings or publisher metadata",2026-03-05T23:00:00+01:00,1,identity_resolved_prior_work_complete,One eligible prior first-listed paper is verified; AAAI 2026 GuidNoise is after the cutoff and is outside the fixed venue scope. ICTC and CoRR records are also outside scope.
cai_1xjvdwb,Changwoo Baek,Pusan National University,KOREAN_UNIVERSITY_GRAD_SCIENCE_INSTITUTE,1,5396,3DZip: Spatial-Aware Feature Diversity-Guided Token Compression for 3D Question Answering,resolved,https://www.pnu-cvsp.com/members/changwoo,"Official personal CV, institutional profile, ORCID, then official proceedings or publisher metadata",2026-03-05T23:00:00+01:00,0,identity_resolved_prior_work_incomplete,"The lab page lists ICLR 2026 AgilePruner and RA-L 2026 Target-Aware Change Detection, but their publication dates are after the 2026-03-05 cutoff; 3DZip itself is the ECCV 2026 target. No pre-cutoff eligible first-listed work was found on the official publication list."
cai_2jhbnw,Changwoo Jeon,Yonsei University,KOREAN_UNIVERSITY_GRAD_SCIENCE_INSTITUTE,1,4711,MoCA3D: Monocular 3D Bounding Box Prediction in the Image Plane,resolved,https://jeoncwcw.github.io/,"Official personal CV, institutional profile, ORCID, then official proceedings or publisher metadata",2026-03-05T23:00:00+01:00,0,identity_resolved_prior_work_incomplete,"The only listed work is MoCA3D, dated ECCV 2026 on the personal page and submitted to arXiv on 2026-03-20, both after the cutoff; no earlier eligible work is listed."
cai_efi1pk,Changyeon Won,GIST,KOREAN_UNIVERSITY_GRAD_SCIENCE_INSTITUTE,1,5137,JacobianAvatar: Temporally Consistent Semi-rigid Avatar Reconstruction from a Monocular Video,resolved,https://scholar.gist.ac.kr/handle/local/21806,"Official personal CV, institutional profile, ORCID, then official proceedings or publisher metadata",2026-03-05T23:00:00+01:00,1,identity_resolved_prior_work_incomplete,At least one earlier eligible first-listed paper is verified. Exhaustive count still pending.
cai_hrvtmd,Chanhui Lee,POSTECH,KOREAN_UNIVERSITY_GRAD_SCIENCE_INSTITUTE,1,3278,Universal Image Immunization against Diffusion-based Image Editing via Semantic Injection,resolved,https://cvlab.postech.ac.kr/page/members,"Official personal CV, institutional profile, ORCID, then official proceedings or publisher metadata",2026-03-05T23:00:00+01:00,1,identity_resolved_prior_work_incomplete,One verified eligible first-listed CVPR paper establishes a positive prior count. An exhaustive exact count was not asserted because no complete official CV/publication list was located.
cai_irr0x2,ChanYeong Hwang,Korea University,KOREAN_UNIVERSITY_GRAD_SCIENCE_INSTITUTE,1,5289,SpatiO: Adaptive Test-Time Orchestration of Vision-Language Agents for Spatial Reasoning,unresolved,,"Official personal CV, institutional profile, ORCID, then official proceedings or publisher metadata",2026-03-05T23:00:00+01:00,0,identity_unresolved_prior_work_incomplete,"The arXiv SpatiO record is dated April 2026, after the 2026-03-05 cutoff, and is not itself an eligible prior work. Identity must be resolved before any prior-paper count can be asserted."
cai_1dmv880,Cheng-Yaw Low,Changwon National University,KOREAN_UNIVERSITY_GRAD_SCIENCE_INSTITUTE,1,4527,Dual-Margin Embedding for Fine-Grained Long-Tailed Plant Taxonomy,resolved,https://chengyawlow.github.io/,"Official personal CV, institutional profile, ORCID, then official proceedings or publisher metadata",2026-03-05T23:00:00+01:00,0,identity_resolved_prior_work_incomplete,No eligible prior first-listed work was verified. SlackedFace is first-listed but BMVC 2023 is excluded; Recognizability Embedding Enhancement is CVPR 2023 but Low is third-listed. The official profile does not provide a dated exhaustive publication ledger sufficient for an exact zero claim.
cai_bhhbue,Cheolhong Min,Seoul National University,KOREAN_UNIVERSITY_GRAD_SCIENCE_INSTITUTE,1,5463,Why Far Looks Up: Probing Spatial Representation in Vision-Language Models,resolved,https://cheolhong0916.github.io/,"Official personal CV, institutional profile, ORCID, then official proceedings or publisher metadata",2026-03-05T23:00:00+01:00,0,identity_resolved_prior_work_complete,Official CV/publication evidence reviewed through the cutoff. No eligible fixed-scope prior work with Cheolhong Min first-listed was found. The ECCV 2024 ReALFRED paper is not first-authored by Min and therefore is excluded from the primary statistic.
cai_1w4p635,DAEHYEON JEON,UNIST,KOREAN_UNIVERSITY_GRAD_SCIENCE_INSTITUTE,1,3932,Ray-Path-Aware Virtual Point Removal on 2D Layer-Wise Nearest Point Map,resolved,https://oroadingo.github.io/eccv2026-vpr/,"Official personal CV, institutional profile, ORCID, then official proceedings or publisher metadata",2026-03-05T23:00:00+01:00,0,identity_resolved_prior_work_incomplete,"The official project page is for the ECCV 2026 paper itself and supplies identity evidence, but no prior publication CV or complete official publication list was located; no eligible prior first-listed work is asserted."
cai_1jly6ub,DaeHyun Kim,Chungnam National University,KOREAN_UNIVERSITY_GRAD_SCIENCE_INSTITUTE,1,4835,SAND: Stage-Aware Noise Decomposition for Training-Free Diffusion Guidance,resolved,https://sites.google.com/view/cvlabcnu/people,"Official personal CV, institutional profile, ORCID, then official proceedings or publisher metadata",2026-03-05T23:00:00+01:00,0,identity_resolved_prior_work_incomplete,"The verified CVPR 2023 Local Connectivity-Based Density Estimation paper is eligible by venue/date but Daehyun Kim is fifth-listed, so it contributes no first-author count. The official lab page does not provide an exhaustive publication ledger; no eligible prior first-listed work is asserted."
cai_riq103,Daehyun We,Korea Advanced Institute of Science & Technology; Korea Advanced Institute of Science & Technology,KOREAN_UNIVERSITY_GRAD_SCIENCE_INSTITUTE,1,4803,MotionEditGS: Editing Motion and Appearance of 4D Scenes from Monocular Video via Semantically Anchored Gaussians,resolved,https://vi.kaist.ac.kr/pages/people/,"Official personal CV, institutional profile, ORCID, then official proceedings or publisher metadata",2026-03-05T23:00:00+01:00,0,identity_resolved_prior_work_incomplete,"No eligible prior first-listed top-tier work was verified in this limited pass. The official CV labels MotionEditGS as preprints/under review, and it is the ECCV 2026 queue paper itself, so it is not prior under the cutoff. Exhaustive venue-by-venue review remains pending."
cai_hfk2wa,Daeun Lee,Seoul National University,KOREAN_UNIVERSITY_GRAD_SCIENCE_INSTITUTE,1,4279,Articulated Object Reconstruction from Rest-State Observation,resolved,https://openreview.net/profile?id=~Daeun_Lee6,"Official personal CV, institutional profile, ORCID, then official proceedings or publisher metadata",2026-03-05T23:00:00+01:00,0,identity_resolved_prior_work_incomplete,No eligible prior first-listed top-tier work was verified in this limited pass. The queue paper is ECCV 2026 and after the prior-work cutoff. Exhaustive review remains pending.
cai_1frm1kx,Daeun Lee,Sung Kyun Kwan University,KOREAN_UNIVERSITY_GRAD_SCIENCE_INSTITUTE,1,5616,DICE: Disentangled Instance-Class knowlEdge prompt tuning via SAE for Vision-Language Models,unresolved,,"Official personal CV, institutional profile, ORCID, then official proceedings or publisher metadata",2026-03-05T23:00:00+01:00,0,identity_unresolved_prior_work_incomplete,Identity is unresolved; no prior-paper count is asserted. The SKKU-hosted CV is only a same-name/affiliation lead and not proof of identity.
cai_168kmvb,Daeyeon Kim,POSTECH,KOREAN_UNIVERSITY_GRAD_SCIENCE_INSTITUTE,1,3904,REON-NVS: Real-Time Online Novel-View Synthesis from Sparse-View Videos,resolved,https://daeyeonkr.github.io/,"Official personal CV, institutional profile, ORCID, then official proceedings or publisher metadata",2026-03-05T23:00:00+01:00,0,identity_resolved_prior_work_incomplete,"The official page lists a CVPR 2026 paper where Daeyeon Kim is not first, but CVPR 2026 is after the cutoff and therefore not counted. No eligible prior first-listed work was verified in this limited pass; exhaustive review remains pending."
cai_1o6n2vf,Daeyoung Choi,Korea Cyber University,KOREAN_UNIVERSITY_GRAD_SCIENCE_INSTITUTE,1,4679,Prototype Normalization: Optimizing Prototype Separation for Heterogeneous Federated Learning,resolved,https://eng.koreacu.ac.kr/cms/FrCon/index.do?MENU_ID=1070,"Official personal CV, institutional profile, ORCID, then official proceedings or publisher metadata",2026-03-05T23:00:00+01:00,0,identity_resolved_prior_work_incomplete,"The 2025 Heterogeneous Federated Learning with Prototype Alignment and Upscaling record lists Daeyoung Choi after Gyuejeong Lee and Jihwan Shin, so it is not an eligible first-listed prior work; it is also an arXiv preprint rather than an in-scope venue. No eligible prior first-listed work was verified in this limited pass."
cai_qbdd0v,Daneul Kim,Seoul National University,KOREAN_UNIVERSITY_GRAD_SCIENCE_INSTITUTE,1,5079,Learning Zero-Shot Subject-Driven Video Generation Using 1% Compute,resolved,https://carpedkm.github.io/,"Official personal CV, institutional profile, ORCID, then official proceedings or publisher metadata",2026-03-05T23:00:00+01:00,1,identity_resolved_prior_work_complete,"One verified eligible prior first-listed work found. The official CVF record shows Daneul Kim first-listed on the CVPR 2025 paper. Pick-or-Mix (CVPR 2024) lists Ashish Kumar first, and Online Generic Event Boundary Detection (ICCV 2025) lists Hyung Rok Jung first (Daneul is co-first/second-listed), so those are excluded under the first-listed rule."
cai_oxumrd,Doeon Kim,Soongsil university,KOREAN_UNIVERSITY_GRAD_SCIENCE_INSTITUTE,1,5874,WiFi-JEPA: Self-supervised Learning for WiFi-CSI 3D Human Pose Estimation,resolved,https://kimdoeon.github.io/,"Official personal CV, institutional profile, ORCID, then official proceedings or publisher metadata",2026-03-05T23:00:00+01:00,0,identity_resolved_prior_work_incomplete,"No eligible prior top-tier first-listed paper was found on the official profile/CV-linked publication record. The site lists ECCV 2026, later 2026 preprints, and under-review work; because the available CV/publication page is not an exhaustive historical bibliography, exact zero cannot be asserted."
cai_18x3r1d,Dogyun Park,Korea University,KOREAN_UNIVERSITY_GRAD_SCIENCE_INSTITUTE,1,5488,EFlow: Fast Few-Step Video Generator Training from Scratch via Efficient Solution Flow,resolved,https://mlv.korea.edu/people,"Official personal CV, institutional profile, ORCID, then official proceedings or publisher metadata",2026-03-05T23:00:00+01:00,1,identity_resolved_prior_work_incomplete,At least one earlier eligible first-listed paper is verified. Exhaustive count still pending.
cai_1t7khxo,Dohun Lee,Korea Advanced Institute of Science and Technology,KOREAN_UNIVERSITY_GRAD_SCIENCE_INSTITUTE,1,4121,Memory-V2V: Memory-Augmented Video-to-Video Diffusion for Consistent Multi-Turn Editing,resolved,https://github.com/DoHunLee1,"Official personal CV, institutional profile, ORCID, then official proceedings or publisher metadata",2026-03-05T23:00:00+01:00,1,identity_resolved_prior_work_incomplete,"One verified eligible prior first-listed paper is sufficient to establish that the candidate is not first-paper eligible. Exact historical count was not established from an exhaustive CV, so completeness remains incomplete."
cai_qogv77,Dohyun Kim,Korea University,KOREAN_UNIVERSITY_GRAD_SCIENCE_INSTITUTE,1,4303,Direct Diffusion Score Preference Optimization via Stepwise Contrastive Policy-Pair Supervision,resolved,https://dohyun-as.github.io/,"Official personal CV, institutional profile, ORCID, then official proceedings or publisher metadata",2026-03-05T23:00:00+01:00,1,identity_resolved_prior_work_complete,"The official homepage publication list contains the prior CVPR 2025 paper and the ECCV 2026 queue paper. Random Conditioning has an equal-contribution marker for Dohyun Kim and Sehwan Park, but Dohyun is first-listed, so it counts under the stated primary statistic."
cai_1a82rny,Dong-Hyun Moon,Inha University,KOREAN_UNIVERSITY_GRAD_SCIENCE_INSTITUTE,1,5314,SARIF: Segment Anything for Robust Image Forensics,resolved,https://imageinfo.inha.ac.kr/research.html,"Official personal CV, institutional profile, ORCID, then official proceedings or publisher metadata",2026-03-05T23:00:00+01:00,0,identity_resolved_prior_work_complete,No eligible prior first-listed work found in the official Inha CV lab conference-publication record. M2SFormer (ICCV 2025) is explicitly excluded because Ju-Hyeon Nam is first-listed and Dong-Hyun Moon is second-listed.
cai_4momyb,Dong-Woo Kim,Korea University,KOREAN_UNIVERSITY_GRAD_SCIENCE_INSTITUTE,1,5826,TDSR-VLA: Transition-aware Denoising Sequence Representations for Vision-Language-Action,resolved,https://mintlab.korea.ac.kr/TDSR-VLA/index.html,"Official personal CV, institutional profile, ORCID, then official proceedings or publisher metadata",2026-03-05T23:00:00+01:00,0,identity_resolved_prior_work_incomplete,The official project record is for the ECCV 2026 paper itself and therefore is not a prior work under the cutoff. No qualifying pre-cutoff first-listed paper was found in the reviewed official record; an exhaustive CV/publication ledger was not available.
cai_1r34pvk,Donggeon Bae,Seoul National University,KOREAN_UNIVERSITY_GRAD_SCIENCE_INSTITUTE,1,5659,Integrated Forward–Inverse Network for Reconstruction for Lensless Image Reconstruction,resolved,https://iilab.io/IFIN/,"Official personal CV, institutional profile, ORCID, then official proceedings or publisher metadata",2026-03-05T23:00:00+01:00,0,identity_resolved_prior_work_incomplete,The IFIN project is an ECCV 2026 paper after the cutoff and is excluded as prior work. The official project record does not provide a complete historical CV; no qualifying pre-cutoff first-listed paper was confirmed.
cai_14zol5l,Donghyun Kim,Emory University; Yonsei University,KOREAN_UNIVERSITY_GRAD_SCIENCE_INSTITUTE,1,3930,Delaunay Canopy: Building Wireframe Reconstruction from Airborne LiDAR Point Clouds via Delaunay Graph,resolved,https://dannyboy0103.github.io/,"Official personal CV, institutional profile, ORCID, then official proceedings or publisher metadata",2026-03-05T23:00:00+01:00,0,identity_resolved_prior_work_incomplete,"The only earlier first-listed work found in the official personal page is PLATYPUS at AAAI 2025, outside the fixed venue scope. Delaunay Canopy is ECCV 2026 and after the cutoff. No qualifying prior first-listed work was confirmed, but the available page is not an exhaustive CV."
cai_180le5h,Dongsu Song,Korea Aerospace University,KOREAN_UNIVERSITY_GRAD_SCIENCE_INSTITUTE,1,4370,SegPAR: Class-Centric Decision-Based Sparse Attack for Semantic Segmentation,resolved,https://proceedings.neurips.cc/paper_files/paper/2024/hash/9e770fcdb456400325c11d58b3a04d08-Abstract-Conference.html,"Official personal CV, institutional profile, ORCID, then official proceedings or publisher metadata",2026-03-05T23:00:00+01:00,1,identity_resolved_prior_work_incomplete,One verified eligible prior first-listed work is sufficient to establish that the candidate is not first-time under the audit rule. Exact total count is not asserted because no complete authoritative publication ledger was located.
cai_1q4k30l,E In Son,Seoul National University,KOREAN_UNIVERSITY_GRAD_SCIENCE_INSTITUTE,1,3475,ORION: Ordinal Neural Collapse as a Representation Prior for Visual Navigation,resolved,https://ece.snu.ac.kr/en/research-faculty/research/groups?labidx=48&md=view,"Official personal CV, institutional profile, ORCID, then official proceedings or publisher metadata",2026-03-05T23:00:00+01:00,0,identity_resolved_prior_work_incomplete,"The reviewed official SNU publication list shows E-In Son only as a non-first author on listed RA-L/ICRA works; the ECCV 2026 ORION paper is after the cutoff. No qualifying prior first-listed work was confirmed, but exact zero is not asserted."
cai_qiaew2,Elena Camuffo,CLO Virtual Fashion,KOREAN_COMPANY,1,4917,MOCHA: Multi-modal Objects-aware Cross-arcHitecture Alignment,resolved,https://elenacamuffo.github.io/,"Official personal CV, institutional profile, ORCID, then official proceedings or publisher metadata",2026-03-05T23:00:00+01:00,1,identity_resolved_prior_work_incomplete,"One verified qualifying first-listed IROS 2024 paper is sufficient to establish that the candidate is not first-time under the audit rule. The personal CV/publication page is not explicitly exhaustive, so an exact count is not claimed. CVPRW 2023, ICIP, ICASSP, and other non-scope works were excluded."
cai_1hjrh6i,Eungjune Shim,CLO Virtual Fashion Inc.,KOREAN_COMPANY,1,5678,DiffGI: Differentiable Geometry Images for High-Fidelity Thin-Shell 3D Generation,resolved,https://ejshim.github.io/,"Official personal CV, institutional profile, ORCID, then official proceedings or publisher metadata",2026-03-05T23:00:00+01:00,0,identity_resolved_prior_work_incomplete,"The official personal site and the Catholic University graphics-lab publication page show prior cloth-simulation and medical-imaging works, but none are in the fixed venue scope as eligible first-listed papers. The listed prior works are Eurographics/Computer Graphics Forum, CAVW, JKGCS, and Applied Sciences; exact exhaustive zero is not claimed."
cai_ojgfc2,Eunyi Lyou,Seoul National University,KOREAN_UNIVERSITY_GRAD_SCIENCE_INSTITUTE,1,3763,Domain Generalization via Text-Anchored Information Bottleneck,resolved,https://vip.snu.ac.kr/viplab/pub.html,"Official personal CV, institutional profile, ORCID, then official proceedings or publisher metadata",2026-03-05T23:00:00+01:00,0,identity_resolved_prior_work_complete,"The official lab publication list was reviewed for Eunyi Lyou. Her earlier first-listed paper, Modality-Aware Representation Learning for Zero-shot Sketch-based Image Retrieval, is WACV 2024 and therefore excluded by the fixed venue scope. No eligible first-listed CVPR/ICCV/ECCV/NeurIPS/ICLR/ICML/SIGGRAPH/SIGGRAPH Asia/IROS/ICRA/RA-L work was found in the listed record."
cai_cap2jl,GaHye Lee,POSTECH,KOREAN_UNIVERSITY_GRAD_SCIENCE_INSTITUTE,1,4158,StructureGS: Structure-aware Gaussian Splatting for Articulated Object Reconstruction,resolved,https://cg.postech.ac.kr/ourteam,"Official personal CV, institutional profile, ORCID, then official proceedings or publisher metadata",2026-03-05T23:00:00+01:00,0,identity_resolved_prior_work_incomplete,"Deep Polycuboid Fitting for Compact 3D Representation of Indoor Scenes (3DV 2025) is first-authored by Gahye Lee but 3DV is outside the fixed venue scope. The official team/news pages establish identity and the known prior, but do not expose an exhaustive personal publication list."
cai_8a1asp,Gahyeon Kim,ETRI,KOREAN_RESEARCH_INSTITUTE,1,5540,V-HOLD: Stabilizing Flow Trajectories to Rethink the Edit–Preservation Trade-off,resolved,https://ksp.etri.re.kr/ksp/article/read?id=67722,"Official personal CV, institutional profile, ORCID, then official proceedings or publisher metadata",2026-03-05T23:00:00+01:00,0,identity_resolved_prior_work_incomplete,"The official ETRI record found is Virtual Hand Model Generation Through Size Modifications Of Hand Joint Feature Points for XR Interaction (ICCE Asia 2023), which is outside the fixed venue scope. No qualifying fixed-scope prior first-author work was found in the official ETRI record, but an exhaustive publication list was not available."
cai_aj6w7z,Ganghyeon Lee,Ulsan National Institute of Science and Technology,KOREAN_UNIVERSITY_GRAD_SCIENCE_INSTITUTE,1,4387,FeDepth: Federated Learning for Depth Estimation under Robot Heterogeneity,resolved,https://unist.info/?page_id=2181,"Official personal CV, institutional profile, ORCID, then official proceedings or publisher metadata",2026-03-05T23:00:00+01:00,0,identity_resolved_prior_work_incomplete,The official UNIST lab publication list located no earlier in-scope first-author main-conference paper; FeDepth is ECCV 2026 and post-cutoff. No exact zero is asserted because the available profile is not a full CV.
cai_96gbai,Gayoung KIM,Ewha womans university,KOREAN_UNIVERSITY_GRAD_SCIENCE_INSTITUTE,1,4608,TiCRL: Textual Image Classification with Reinforcement Learning-Based Curriculum Learning,resolved,https://bigdataewha.github.io/en/team.html,"Official personal CV, institutional profile, ORCID, then official proceedings or publisher metadata",2026-03-05T23:00:00+01:00,0,identity_resolved_prior_work_incomplete,No eligible top-tier prior first-author work was verified in the official lab/profile sources reviewed. TiCRL/ECCV 2026 itself is after the cutoff. Exact zero is not asserted without a complete CV.
cai_18fxd9z,Geo Ahn,Kyung Hee University,KOREAN_UNIVERSITY_GRAD_SCIENCE_INSTITUTE,1,3461,Why Can't I Open My Drawer? Mitigating Object-Driven Shortcuts in Zero-Shot Compositional Action Recognition,resolved,https://ahngeo.github.io/,"Official personal CV, institutional profile, ORCID, then official proceedings or publisher metadata",2026-03-05T23:00:00+01:00,1,identity_resolved_prior_work_complete,DEVIAS is the verified earlier eligible first-listed paper. The personal publication list also shows only excluded workshop/preprint items besides the ECCV 2024 paper and the post-cutoff ECCV 2026 paper.
cai_1bubn2q,Geon Tack Lee,Korea Advanced Institute of Science & Technology; New York University Abu Dhabi,KOREAN_UNIVERSITY_GRAD_SCIENCE_INSTITUTE,1,3650,Denoised Variance-Based Pruning with Optimal Brain Bias Compensation,resolved,https://davian.kaist.ac.kr/people,"Official personal CV, institutional profile, ORCID, then official proceedings or publisher metadata",2026-03-05T23:00:00+01:00,0,identity_resolved_prior_work_incomplete,No eligible prior in-scope first-author work was found; the exact ECCV 2026 paper is after cutoff. Exact zero is not asserted because no full CV was found.
cai_4b1r0v,Geon Yeong Park,Korea Advanced Institute of Science and Technology,KOREAN_UNIVERSITY_GRAD_SCIENCE_INSTITUTE,1,5538,3D-ReGen: A Unified 3D Geometry Regeneration Framework,resolved,https://geonyeong-park.github.io/,"Official personal CV, institutional profile, ORCID, then official proceedings or publisher metadata",2026-03-05T23:00:00+01:00,6,identity_resolved_prior_work_complete,"Six eligible prior first-listed papers are recorded below. Other listed works are excluded because Park is not first-listed, venue is WACV/AAAI, or the item is a preprint/non-target venue."
cai_1sefwgj,Geonho Bang,Seoul National University,KOREAN_UNIVERSITY_GRAD_SCIENCE_INSTITUTE,1,5928,Horizon3D: Sparse Radar-Camera Fusion for Long-Range 3D Perception in Autonomous Driving,resolved,https://geonhobang.github.io/,"Official personal CV, institutional profile, ORCID, then official proceedings or publisher metadata",2026-03-05T23:00:00+01:00,2,identity_resolved_prior_work_incomplete,"One verified eligible first-listed CVPR 2024 paper establishes that this author is not first-time in the defined prior-work scope. The personal page also lists two ICRA 2024 papers, one first-listed and one third-listed; no exhaustive cross-index review was attempted."
cai_pm0chr,GeonU Kim,Korea Advanced Institute of Science and Technology (KAIST),KOREAN_UNIVERSITY_GRAD_SCIENCE_INSTITUTE,1,4040,Reflection-aware generative novel view synthesis,resolved,https://kim-geonu.github.io/,"Official personal CV, institutional profile, ORCID, then official proceedings or publisher metadata",2026-03-05T23:00:00+01:00,0,identity_resolved_prior_work_complete,"The official publication list was reviewed through the cutoff. It contains qualifying CVPR/RA-L/ECCV papers, but GeonU Kim is not first-listed on any of them; no prior first-author paper was found. AAAI 2024 is outside the defined venue scope."
cai_135jdof,Geunhyuk Youk,KAIST,KOREAN_UNIVERSITY_GRAD_SCIENCE_INSTITUTE,2,5366; 5371,AVSR-Diff: Scale-Agnostic Diffusion Priors for Temporally Consistent Arbitrary-Scale Video Super-Resolution || FMA-Net++: Motion- and Exposure-Aware Joint Video Super-Resolution and Deblurring,resolved,https://kaist-viclab.github.io/,"Official personal CV, institutional profile, ORCID, then official proceedings or publisher metadata",2026-03-05T23:00:00+01:00,1,identity_resolved_prior_work_incomplete,At least one earlier eligible first-listed paper is verified. Exhaustive count still pending.
cai_5e0m3b,Geuntaek Lim,Sejong University,KOREAN_UNIVERSITY_GRAD_SCIENCE_INSTITUTE,1,5179,Video-Oasis: Rethinking Evaluation of Video Understanding,resolved,https://limgeuntaekk.github.io/,"Official personal CV, institutional profile, ORCID, then official proceedings or publisher metadata",2026-03-05T23:00:00+01:00,0,identity_resolved_prior_work_complete,"The official personal publication list was reviewed through the cutoff. No work in the defined CVPR/ICCV/ECCV/NeurIPS/ICLR/ICML/SIGGRAPH/SIGGRAPH Asia/IROS/ICRA/RA-L scope was found before the ECCV 2026 paper; AAAI, ACM MM, and IEEE Access entries are outside scope."
cai_1s5qwf4,gilha lee,SEOUL NATIONAL UNIVERSITY OF SCIENCE AND TECHNOLOGY,KOREAN_UNIVERSITY_GRAD_SCIENCE_INSTITUTE,1,5149,S3-Prune: Stability-Aware Token Budgeting for Long-Form Video-Language Models,resolved,https://kr.linkedin.com/in/gilha-lee-094b87430,"Official personal CV, institutional profile, ORCID, then official proceedings or publisher metadata",2026-03-05T23:00:00+01:00,0,identity_resolved_prior_work_incomplete,"No qualifying prior top-tier first-author paper was found in the available profile and lab publication material, but no official CV or exhaustive proceedings audit was located. Do not interpret this as an exact zero."
cai_1gstyyj,Gwanhyeong Koo,KAIST,KOREAN_UNIVERSITY_GRAD_SCIENCE_INSTITUTE,1,4474,InSpace: Structure-Aware 3D Indoor Scene Generation from a Single 360° Image,resolved,https://kookie12.github.io/,"Official personal CV, institutional profile, ORCID, then official proceedings or publisher metadata",2026-03-05T23:00:00+01:00,2,identity_resolved_prior_work_complete,"The official conference-publication list was reviewed through the cutoff; it contains two prior first-listed eligible papers (FlowDrag and FlexiEdit), plus additional qualifying non-first-author papers. The later CVPR 2026/ICML 2026/ECCV 2026 entries were excluded by the cutoff."
cai_xslldp,Habin Lim,Korea University,KOREAN_UNIVERSITY_GRAD_SCIENCE_INSTITUTE,1,5170,OSVE: One Step Video Editing with One Step Diffusion Models,resolved,https://vgi.korea.ac.kr/html/members.html,"Official personal CV, institutional profile, ORCID, then official proceedings or publisher metadata",2026-03-05T23:00:00+01:00,1,identity_resolved_prior_work_incomplete,At least one eligible prior first-listed main-conference paper was verified; exact all-venue count is not asserted. The ECCV 2026 OSVE paper is after the cutoff and is not counted.
cai_ms06pb,HAKSU LIM,Korea Advanced Institute of Science & Technology,KOREAN_UNIVERSITY_GRAD_SCIENCE_INSTITUTE,1,5816,Unified Backbone Refinement for Diffusion Models via Internal-Latent Analysis,unresolved,,"Official personal CV, institutional profile, ORCID, then official proceedings or publisher metadata",2026-03-05T23:00:00+01:00,0,identity_unresolved_prior_work_incomplete,No eligible prior work was entered without person-level identity resolution. The ECCV 2026 paper is after the cutoff and is not counted.
cai_7t4rru,Hana Kim,LG Electronics,KOREAN_COMPANY,1,4201,CoIn: Comprehensive 2D-3D Inpainting with Gaussian Splatting Guidance,unresolved,,"Official personal CV, institutional profile, ORCID, then official proceedings or publisher metadata",2026-03-05T23:00:00+01:00,0,identity_unresolved_prior_work_incomplete,No eligible prior work was entered without identity resolution. The ECCV 2026 CoIn paper is after the cutoff and is not counted.
cai_fc52e2,Hangyeol Lee,KAIST,KOREAN_UNIVERSITY_GRAD_SCIENCE_INSTITUTE,1,5702,Rethinking Token Reduction for Diffusion Models via Output-Similarity-Awareness,unresolved,,"Official personal CV, institutional profile, ORCID, then official proceedings or publisher metadata",2026-03-05T23:00:00+01:00,0,identity_unresolved_prior_work_incomplete,The apparent EXION 2025 coauthorship is not counted because identity cannot be linked to the KAIST candidate and Hangyeol Lee is not first listed there. The ECCV 2026 paper is after the cutoff.
cai_1lalvrp,Hee-Jun Jung,Gwangju Institute of Science and Technology (GIST),KOREAN_UNIVERSITY_GRAD_SCIENCE_INSTITUTE,1,4377,Disentangling Rotation and Translation from SE(3)-Equivariant Features for Shape Assembly,resolved,https://maroo-sky.github.io/,"Official personal CV, institutional profile, ORCID, then official proceedings or publisher metadata",2026-03-05T23:00:00+01:00,0,identity_resolved_prior_work_complete,The official publication list was reviewed through the cutoff: no prior eligible first-listed paper was found. ICLR 2026 is listed with Jung second and is not first-listed; AISTATS/TMLR/Expert Systems for Applications are outside the defined venue scope. ECCV 2026 is after the cutoff.
cai_1hroo1u,HEEJU HAN,Pusan National University,KOREAN_UNIVERSITY_GRAD_SCIENCE_INSTITUTE,1,4378,Towards Sparsely Annotated Open World Object Detection,resolved,https://pnu-viplab.github.io/publication/,"Official personal CV, institutional profile, ORCID, then official proceedings or publisher metadata",2026-03-05T23:00:00+01:00,0,identity_resolved_prior_work_incomplete,"The located official publication list shows the ECCV 2026 target and no earlier in-scope first-author item; the list is not a complete dated CV, so an exact zero is not asserted."
cai_1a9381q,Heejun Park,Korea Advanced Institute of Science & Technology,KOREAN_UNIVERSITY_GRAD_SCIENCE_INSTITUTE,1,4159,"RAF: Reliability-Aware Fusion of Camera, LiDAR, and 4D RADAR for Robust 3D Object Detection in Adverse Weather",resolved,https://vi.kaist.ac.kr/pages/people/,"Official personal CV, institutional profile, ORCID, then official proceedings or publisher metadata",2026-03-05T23:00:00+01:00,0,identity_resolved_prior_work_incomplete,"Doppler-Aware LiDAR-RADAR Fusion is an ICCV 2025 paper with Heejun Park second-listed, so it is excluded by the first-author rule. No pre-cutoff eligible first-listed work was found, but exhaustive review was not possible."
cai_160v8n0,Hoiyeong Jin,KAIST,KOREAN_UNIVERSITY_GRAD_SCIENCE_INSTITUTE,1,4205,InsertAnywhere: Geometrically Grounded and Optics-Aware Video Object Insertion,resolved,https://davian.kaist.ac.kr/people,"Official personal CV, institutional profile, ORCID, then official proceedings or publisher metadata",2026-03-05T23:00:00+01:00,0,identity_resolved_prior_work_incomplete,"PromptDresser is an ICCV 2025 paper but Hoiyeong Jin is second-listed; InsertAnywhere is the ECCV 2026 target and after the cutoff. No earlier eligible first-listed work was found on the official lab pages, but the review is not exhaustive."
cai_e8zy4y,Hojun Choi,KAIST AI,KOREAN_UNIVERSITY_GRAD_SCIENCE_INSTITUTE,2,3265; 3266,Open-Vocabulary BEV Segmentation with 3D-Aware Geometric Constraints || CoT-PL: Chain-of-Thought Pseudo-Labeling for Open-Vocabulary Object Detection,resolved,https://hchoi256.github.io/,"Official personal CV, institutional profile, ORCID, then official proceedings or publisher metadata",2026-03-05T23:00:00+01:00,0,identity_resolved_prior_work_complete,Before the cutoff the listed main-venue papers place Hojun Choi after the first author. The only pre-cutoff first-listed item is a CVPR workshop paper and is excluded by the fixed venue scope.
cai_1y9fxpr,Hojun Song,Kyungpook National University,KOREAN_UNIVERSITY_GRAD_SCIENCE_INSTITUTE,1,5646,G2P: Gaussian-to-Point Attribute Alignment for Boundary-Aware 3D Segmentation,resolved,https://sites.google.com/view/knuvi/member,"Official personal CV, institutional profile, ORCID, then official proceedings or publisher metadata",2026-03-05T23:00:00+01:00,0,identity_resolved_prior_work_incomplete,"The 2025 IEIE Smart Processing & Computing article Generated Image Classification Model for Deep Learning-based Inpainting Model lists Hojun Song third and is outside the fixed venue scope. No eligible prior first-listed work was found on the official pages, but exhaustive review is incomplete."
cai_1ojjouf,Hongjae Lee,Korea University,KOREAN_UNIVERSITY_GRAD_SCIENCE_INSTITUTE,2,3148; 3151,LogicIR: Logic Gate Networks for Image Restoration || TaskTok: Delving into Task Tokens for Task-driven Image Restoration,resolved,https://sites.google.com/view/hongjae/home,"Official personal CV, institutional profile, ORCID, then official proceedings or publisher metadata",2026-03-05T23:00:00+01:00,1,identity_resolved_prior_work_incomplete,One verified eligible first-listed prior (ICCV 2025) establishes a positive prior count. An exhaustive exact count was not asserted because no complete CV was located.
cai_4zux6g,Hoonhee Cho,Korea Advanced Institute of Science and Technology,KOREAN_UNIVERSITY_GRAD_SCIENCE_INSTITUTE,1,3793,VIPS: Vehicle-Infrastructure Cooperative Planning Benchmark via Pseudo-Simulation,resolved,https://chohoonhee.github.io/hoonheecho/,"Official personal CV, institutional profile, ORCID, then official proceedings or publisher metadata",2026-03-05T23:00:00+01:00,12,identity_resolved_prior_work_complete,The official publication list was reviewed through the cutoff. Twelve pre-cutoff eligible first-listed works were verified; equal-contribution marks are preserved in the authorship basis.
cai_evpjgt,HoTaek Oh,Kangwon National University,KOREAN_UNIVERSITY_GRAD_SCIENCE_INSTITUTE,1,3682,DA-F2F: Domain-Adaptive Object Detection with Feature-to-Feature Modulation and Alignment,resolved,https://sites.google.com/view/cvlabknu,"Official personal CV, institutional profile, ORCID, then official proceedings or publisher metadata",2026-03-05T23:00:00+01:00,0,identity_resolved_prior_work_incomplete,"The official KNU lab page reports only the ECCV 2026 paper and future CVPR 2026 news; no pre-cutoff eligible prior work was verified, but an exact zero is not asserted."
cai_txmnjf,Hoyeon Shin,Seoul National University of Science and Technology,KOREAN_UNIVERSITY_GRAD_SCIENCE_INSTITUTE,1,4715,Unbalanced Optimal Transport for Efficient Visual Document Retrieval,resolved,https://sites.google.com/view/cvlab-seoultech,"Official personal CV, institutional profile, ORCID, then official proceedings or publisher metadata",2026-03-05T23:00:00+01:00,0,identity_resolved_prior_work_incomplete,The lab publication page exposes the ECCV 2026 target and later work but no complete historical CV; no pre-cutoff eligible first-listed work was verified.
cai_1n7ps74,hun im,Seoul National University,KOREAN_UNIVERSITY_GRAD_SCIENCE_INSTITUTE,1,4729,DeCoFlow: Structural Decomposition of Normalizing Flows for Continual Anomaly Detection,resolved,https://dsba.snu.ac.kr/wp-content/uploads/2025/07/hunim-CV_korea.pdf?x92784=,"Official personal CV, institutional profile, ORCID, then official proceedings or publisher metadata",2026-03-05T23:00:00+01:00,0,identity_resolved_prior_work_complete,The official CV was reviewed in full. No eligible prior first-listed work in the fixed venue set was found; DeCoFlow's 2026 publication is after the cutoff and is not counted.
cai_181h3s9,Hyekang Park,Yonsei university,KOREAN_UNIVERSITY_GRAD_SCIENCE_INSTITUTE,1,4309,Learning Probabilistic Prompt for Continual Learning,resolved,https://cvlab.yonsei.ac.kr/publications/,"Official personal CV, institutional profile, ORCID, then official proceedings or publisher metadata",2026-03-05T23:00:00+01:00,1,identity_resolved_prior_work_complete,One eligible prior first-listed work is verified; the 2026 ECCV target is after the cutoff and excluded. The lab's official publication list was checked for earlier in-scope first-author entries.
cai_1nb05bx,Hyeongju Mun,Pusan National University,KOREAN_UNIVERSITY_GRAD_SCIENCE_INSTITUTE,1,5110,LivingWorld: Interactive 4D World Generation with Environmental Dynamics,resolved,https://www.pnu-cvsp.com/members/hyeong-ju,"Official personal CV, institutional profile, ORCID, then official proceedings or publisher metadata",2026-03-05T23:00:00+01:00,0,identity_resolved_prior_work_complete,Official personal/institutional profile publication list was reviewed. MoE-GS is ICLR 2026 but Mun is not first-listed; LivingWorld is the current ECCV 2026 work and is after the audit boundary as the target record.
cai_1vo1wyg,Hyeongsik Kim,Hanyang Universty,KOREAN_UNIVERSITY_GRAD_SCIENCE_INSTITUTE,1,3676,ARC-Loc: Leveraging Azimuthal Ray Convergence as a Geometric Cue for Direct Cross-View Localization,resolved,https://github.com/syt06007,"Official personal CV, institutional profile, ORCID, then official proceedings or publisher metadata",2026-03-05T23:00:00+01:00,0,identity_resolved_prior_work_incomplete,The official/personal publication list was reviewed for first-listed works; the listed ETRI Journal article is outside the defined venue scope. ARC-Loc is the target ECCV 2026 record.
cai_mn3icz,Hyeonseop Song,LG Electronins,KOREAN_COMPANY,1,4146,TMI: Text-to-Image Meets Image-to-Image for Complementary Data Synthesis to Boost Long-Tailed Instance Segmentation,resolved,https://seokhunchoi.github.io/Blending-NeRF/,"Official personal CV, institutional profile, ORCID, then official proceedings or publisher metadata",2026-03-05T23:00:00+01:00,1,identity_resolved_prior_work_incomplete,"At least one verified eligible prior first-listed work establishes that the candidate was not first-time eligible. A public CV or complete publication list for Hyeonseop Song was not located, so exact count is not asserted. PoseSyn (ICCV 2025) lists ChangHee Yang first, with Song equal-contribution second, and is not counted as first-listed for Song."
cai_14z01lt,Hyesong Choi,Ewha W. University,KOREAN_UNIVERSITY_GRAD_SCIENCE_INSTITUTE,2,5759; 5764,Isotropic Embedding Perturbations for Robust Vision Language Encoders || ECC: Encoder-Centric Corruption for Fine-Grained Vision in VLMs,resolved,https://openaccess.thecvf.com/content/ICCV2023/html/Choi_Environment_Agnostic_Representation_for_Visual_Reinforcement_Learning_ICCV_2023_paper.html,"Official personal CV, institutional profile, ORCID, then official proceedings or publisher metadata",2026-03-05T23:00:00+01:00,1,identity_resolved_prior_work_incomplete,At least one earlier eligible first-listed paper is verified. Exhaustive count still pending.
cai_kzekq6,Hyun-Ho Kim,Chungnam National University,KOREAN_UNIVERSITY_GRAD_SCIENCE_INSTITUTE,1,5524,Video Can Teach PAN-Sharpening: PSF-Aware Cross-Domain Supervision,resolved,https://ee.kaist.ac.kr/en/notices/%EA%B9%80%ED%98%84%ED%98%B8-%EB%B0%95%EC%82%AC%EC%A7%80%EA%B5%90%EC%88%98-%EA%B9%80%EB%AC%B8%EC%B2%A0-%EC%B6%A9%EB%82%A8%EB%8C%80%ED%95%99%EA%B5%90-%EC%A0%84%EC%9E%90%EA%B3%B5%ED%95%99/,"Official personal CV, institutional profile, ORCID, then official proceedings or publisher metadata",2026-03-05T23:00:00+01:00,0,identity_resolved_prior_work_incomplete,"Reviewed official KAIST Pure records and institutional announcement. The identified prior publications are journals outside the defined scope (TGRS, GRSL, etc.); no eligible CVPR/ICCV/ECCV/NeurIPS/ICLR/ICML/SIGGRAPH/IROS/ICRA/RA-L first-listed work was verified, but the available institutional list is not certified exhaustive."
cai_1s2wfz1,Hyun-Kurl Jang,KAIST,KOREAN_UNIVERSITY_GRAD_SCIENCE_INSTITUTE,1,3773,"Distill Once, Adapt Life-Long: Exploring Dataset Distillation for Continual Test-Time Adaptation",resolved,https://blue-531.github.io/,"Official personal CV, institutional profile, ORCID, then official proceedings or publisher metadata",2026-03-05T23:00:00+01:00,1,identity_resolved_prior_work_complete,Official personal publication list was reviewed. TALoS is an eligible NeurIPS 2024 main-conference paper and is first-listed (with equal-contribution marker). GMT is ECCV 2024 but Jang is not first-listed; CVPR 2023 Event-Based Video Frame Interpolation also has another first author.
cai_1nkch44,Hyunho Lee,Seoul National University,KOREAN_UNIVERSITY_GRAD_SCIENCE_INSTITUTE,1,4509,Zero-Shot Quantization for Object Detectors using Off-the-Shelf Generative Models,resolved,https://mipal.snu.ac.kr/members/integrated-m-s-ph-d-students,"Official personal CV, institutional profile, ORCID, then official proceedings or publisher metadata",2026-03-05T23:00:00+01:00,0,identity_resolved_prior_work_incomplete,No verified eligible top-tier first-listed prior work was found in the sources checked. Deep Support Vectors (NeurIPS 2024) lists Junhoo Lee first and Hyunho Lee second; the ICCV 2025 item found is explicitly an ICCV workshop paper and is excluded. Exact zero count is not asserted because review was not exhaustive.
cai_1fhyq5f,Hyunmin Cho,Korea University,KOREAN_UNIVERSITY_GRAD_SCIENCE_INSTITUTE,1,5714,Recurrent Sinusoidal INRs for Efficient High-Fidelity Representation,resolved,https://hyeon-cho.github.io/,"Official personal CV, institutional profile, ORCID, then official proceedings or publisher metadata",2026-03-05T23:00:00+01:00,0,identity_resolved_prior_work_incomplete,The official CVPR/ICCV sources checked show Hyunmin Cho as a non-first author on CVPR 2025 Towards Lossless Implicit Neural Representation via Bit Plane Decomposition and ICCV 2025 Reference-based Super-Resolution; neither is a prior first-listed work. Exact zero count is not asserted.
cai_16lmauc,Hyunsoo Lee,Seoul National University,KOREAN_UNIVERSITY_GRAD_SCIENCE_INSTITUTE,1,4695,Accelerated Likelihood Maximization for Diffusion-based Versatile Content Generation,resolved,https://hleephilip.github.io/full-profile/,"Official personal CV, institutional profile, ORCID, then official proceedings or publisher metadata",2026-03-05T23:00:00+01:00,1,identity_resolved_prior_work_incomplete,One verified eligible prior first-listed work is sufficient to establish that this candidate is not a first-time top-tier first author. Exact count remains unasserted because the review was not exhaustive; the ECCV 2026 paper itself is after the cutoff and excluded.
cai_h88dox,Hyunsuh Koh,Soongsil University,KOREAN_UNIVERSITY_GRAD_SCIENCE_INSTITUTE,1,5439,CulinaryCut: A Physics-aware Vision-Language-Action Benchmark for Food Cutting via Material Point Method,resolved,https://reality.ssu.ac.kr/,"Official personal CV, institutional profile, ORCID, then official proceedings or publisher metadata",2026-03-05T23:00:00+01:00,0,identity_resolved_prior_work_incomplete,"The official Reality Lab sources checked show Hyunsuh Koh on non-eligible workshop/BMVC work, with no verified eligible top-tier first-listed paper found. Exact zero count is not asserted."
cai_lz5fec,Hyunwoo Kim,Yonsei University,KOREAN_UNIVERSITY_GRAD_SCIENCE_INSTITUTE,1,4758,DIVA: Instruction-Aware Vision Token Pruning via Dual-Probe Attention Discrepancy,resolved,https://sites.google.com/view/mlcf/Researcher/department-of-artificial-intelligence,"Official personal CV, institutional profile, ORCID, then official proceedings or publisher metadata",2026-03-05T23:00:00+01:00,0,identity_resolved_prior_work_incomplete,No verified eligible top-tier first-listed prior work was found in the official Yonsei sources checked. The listed 2025 Journal of Korea Multimedia Society article is outside the defined venue scope. Exact zero count is not asserted.
cai_mwqjea,Hyunwoo Park,StradVision,KOREAN_COMPANY,1,5440,Domain Adaptation with Adaptive Imagination for Visual Reinforcement Learning under Limited Target Data,resolved,https://github.com/Hyunwoo-Park-Yonsei,"Official personal CV, institutional profile, ORCID, then official proceedings or publisher metadata",2026-03-05T23:00:00+01:00,0,identity_resolved_prior_work_incomplete,No eligible prior first-listed work was verified. The profile's listed 2024 TITS article is outside the defined venue scope; the 2024 trajectory-planning item is an arXiv record without an in-scope publication. Exhaustive venue review remains pending.
cai_xlzkem,InGyu Jeong,Seoul National University of Science and Technology,KOREAN_UNIVERSITY_GRAD_SCIENCE_INSTITUTE,1,5695,EGGS: Explicitly Granular 3D Gaussian Splatting via Luma-Aware and Volume-Preserving Attribute Factorization,resolved,https://immedia.seoultech.ac.kr/members,"Official personal CV, institutional profile, ORCID, then official proceedings or publisher metadata",2026-03-05T23:00:00+01:00,0,identity_resolved_prior_work_incomplete,"The official lab publication list shows a 2025 ICEIC paper, which is outside the defined venue scope. No eligible prior first-listed work was verified; exhaustive venue review remains pending."
cai_5bb72u,inha Lee,Ulsan National Institute of Science and Technology (UNIST),KOREAN_UNIVERSITY_GRAD_SCIENCE_INSTITUTE,1,4932,UniSim-SLAM: Feed-Forward SLAM with Unified Sim(3) Optimization,resolved,https://unist.info/?page_id=2181,"Official personal CV, institutional profile, ORCID, then official proceedings or publisher metadata",2026-03-05T23:00:00+01:00,0,identity_resolved_prior_work_incomplete,"AiSDF (RA-L 2024) was checked but Inha Lee is second-listed (equal contribution, alphabetical order), so it is not a first-listed prior work under this audit. No eligible prior first-listed work was verified; exhaustive venue review remains pending."
cai_1vkkwap,Injae Kim,KAIST,KOREAN_UNIVERSITY_GRAD_SCIENCE_INSTITUTE,1,5023,F⁴Splat: Feed-Forward Predictive Densification for Feed-Forward 3D Gaussian Splatting,resolved,https://mlv.kaist.ac.kr/people,"Official personal CV, institutional profile, ORCID, then official proceedings or publisher metadata",2026-03-05T23:00:00+01:00,1,identity_resolved_prior_work_incomplete,"One eligible prior first-listed work was verified (UP-NeRF, NeurIPS 2023), establishing that the candidate is not a first-time in-scope author. Exact prior count is not asserted because exhaustive review remains pending."
cai_19a1klw,Inpyo Song,SungKyunKwan University,KOREAN_UNIVERSITY_GRAD_SCIENCE_INSTITUTE,1,5841,Bounding-Box Trajectories Matter for Video Anomaly Detection,resolved,https://songinpyo.github.io/,"Official personal CV, institutional profile, ORCID, then official proceedings or publisher metadata",2026-03-05T23:00:00+01:00,1,identity_resolved_prior_work_incomplete,"One eligible prior first-listed work was verified (SFTrack, IROS 2024), establishing a positive lower bound. Exact prior count is not asserted because exhaustive review remains pending; WACV 2025 and workshop papers are outside this audit's venue scope."
cai_jdrqn8,Inwoo Hwang,Seoul National University,KOREAN_UNIVERSITY_GRAD_SCIENCE_INSTITUTE,1,3276,MoScale: Autoregressive Next-Scale Prediction for Human Motion Generation and Editing,resolved,https://inwoohwang.me/,"Official personal CV, institutional profile, ORCID, then official proceedings or publisher metadata",2026-03-05T23:00:00+01:00,1,identity_resolved_prior_work_incomplete,"One eligible first-listed ICCV 2025 paper is verified. The profile also mentions other 2025 works and a CVPR 2025 acceptance, but those are not all first-listed and an exhaustive venue-by-venue count was not completed."
cai_3yt2qp,Jae Won Jang,SEOUL NATIONAL UNIVERSITY,KOREAN_UNIVERSITY_GRAD_SCIENCE_INSTITUTE,1,4866,4DGS360: 360° Gaussian Reconstruction of Dynamic Objects from a Single Video,resolved,https://jaewon040.github.io/,"Official personal CV, institutional profile, ORCID, then official proceedings or publisher metadata",2026-03-05T23:00:00+01:00,0,identity_resolved_prior_work_incomplete,Official profile lists no eligible pre-cutoff top-tier main-conference or RA-L first-author paper; listed IJCAI 2026 is after cutoff and a NAACL workshop is excluded. Exact zero was not certified exhaustively.
cai_ue4bx1,Jaechang Kim,POSTECH,KOREAN_UNIVERSITY_GRAD_SCIENCE_INSTITUTE,1,4728,Visual Prompt Discovery via Semantic Exploration,resolved,https://jaechang.dev/,"Official personal CV, institutional profile, ORCID, then official proceedings or publisher metadata",2026-03-05T23:00:00+01:00,0,identity_resolved_prior_work_incomplete,"A verified NeurIPS 2021 paper has Kim second-listed, so it does not count as first-author evidence. The official profile lists earlier ICASSP papers (outside the fixed venue scope) and 2025 ACL/NAACL/TMLR works; exhaustive top-tier first-author review was not completed. QA removed non-qualifying evidence rows; count reflects first-listed eligible works only."
cai_1i8av7e,Jaeho Lee,Korea University,KOREAN_UNIVERSITY_GRAD_SCIENCE_INSTITUTE,2,3800; 3801,Online Versatile Incremental Learning: Towards Class and Domain-Agnostic Adaptation at Any Time || DARE to Mitigate Hallucination: Dual-path Auto-Regressive-aware Editing,resolved,https://vgi.korea.ac.kr/html/members.html,"Official personal CV, institutional profile, ORCID, then official proceedings or publisher metadata",2026-03-05T23:00:00+01:00,0,identity_resolved_prior_work_incomplete,"Verified ECCV 2024 paper is eligible but Lee is second-listed (equal contribution noted), so it is not first-author evidence. The second candidate title is later ECCV 2026 work; no exhaustive zero-count review was completed. QA removed non-qualifying evidence rows; count reflects first-listed eligible works only."
cai_7p3vxv,Jaehun Jung,Konkuk University,KOREAN_UNIVERSITY_GRAD_SCIENCE_INSTITUTE,1,5117,EgoGVAE: Ego-body Mesh Reconstruction via Guided Variational Autoencoder,resolved,https://sites.google.com/view/dcvl/team/members,"Official personal CV, institutional profile, ORCID, then official proceedings or publisher metadata",2026-03-05T23:00:00+01:00,0,identity_resolved_prior_work_incomplete,The official Konkuk lab page provides identity linkage but no prior eligible publication list. EgoGVAE is dated after the cutoff (2026-07-30 preprint) and is not eligible; exact zero was not certified.
cai_yzlijd,Jaehun Park,Sungkyunkwan University,KOREAN_UNIVERSITY_GRAD_SCIENCE_INSTITUTE,1,4345,ProtoMappingNet: Interpretable Hierarchical Prototypes through Relational Prototype Mappings,resolved,https://swb.skku.edu/appliedailab/international_pub.do,"Official personal CV, institutional profile, ORCID, then official proceedings or publisher metadata",2026-03-05T23:00:00+01:00,0,identity_resolved_prior_work_incomplete,"CSTA (CVPR 2024) is eligible by venue/date but Jaewon Son is first-listed and Jaehun Park is second. The other located first-authored paper is Image Perturbation-Based Deep Learning for Face Recognition Utilizing Discrete Cosine Transform (Electronics, 2021), outside the fixed venue scope. No exhaustive personal CV was located, so exact zero is not claimed."
cai_6itkma,Jaehyun Cho,Chung-Ang University Seoul,KOREAN_UNIVERSITY_GRAD_SCIENCE_INSTITUTE,1,4200,NGPS: Structure-Preserving Self-Supervised Denoising via Neighbor-Guided Patch Sampling,unresolved,,"Official personal CV, institutional profile, ORCID, then official proceedings or publisher metadata",2026-03-05T23:00:00+01:00,0,identity_unresolved_prior_work_incomplete,"NGPS is dated June 2026, after the cutoff and is not an eligible prior. The same-name IEEE Access 2026 article is outside the fixed venue scope and cannot resolve the identity."
cai_1fkh01b,Jaehyun Jang,KAIST,KOREAN_UNIVERSITY_GRAD_SCIENCE_INSTITUTE,1,5853,Token-level Response-visual Attention Guidance for Multimodal LLMs Knowledge Distillation,resolved,https://jhjangjh.github.io/,"Official personal CV, institutional profile, ORCID, then official proceedings or publisher metadata",2026-03-05T23:00:00+01:00,0,identity_resolved_prior_work_incomplete,The official publication list and explicit first-first-author statement support an exact zero of prior eligible first-listed papers through the 2026-03-05 cutoff. ICML 2026 and Sensors items are after cutoff or outside scope.
cai_14v5ugr,JaeHyun Park,Seoul National University,KOREAN_UNIVERSITY_GRAD_SCIENCE_INSTITUTE,1,4342,Following Motion for Sequential Modeling in Video Frame Interpolation,resolved,https://openaccess.thecvf.com/content/WACV2025/html/Park_Explicit_Guidance_for_Robust_Video_Frame_Interpolation_against_Discontinuous_Motions_WACV_2025_paper.html,"Official personal CV, institutional profile, ORCID, then official proceedings or publisher metadata",2026-03-05T23:00:00+01:00,0,identity_resolved_prior_work_incomplete,One verified eligible prior first-listed work is sufficient to classify this candidate as not first-time under the audit rule. QA removed non-qualifying evidence rows; count reflects first-listed eligible works only.
cai_ipzaj2,Jaeik Kim,Seoul National University,KOREAN_UNIVERSITY_GRAD_SCIENCE_INSTITUTE,1,4372,SUM: Unified Geometric Surgery on Spatio-Temporal Adaptation Vectors for Federated Class Incremental Learning,resolved,https://kim-jake.github.io/,"Official personal CV, institutional profile, ORCID, then official proceedings or publisher metadata",2026-03-05T23:00:00+01:00,2,identity_resolved_prior_work_complete,Two eligible prior first-listed NeurIPS 2025 main-conference papers were verified before the cutoff; SECOND (ICML 2025) includes Kim but he is third-listed and is excluded from the first-author count.
cai_6zrg0h,Jaekyun Ko,Samsung Electronics,KOREAN_COMPANY,1,5744,YeTI: You Only Need Two Noisy Images for Real-World sRGB Noise Generation,resolved,https://dongjinkim9.github.io/projects/idf/,"Official personal CV, institutional profile, ORCID, then official proceedings or publisher metadata",2026-03-05T23:00:00+01:00,0,identity_resolved_prior_work_incomplete,"IDF is an eligible ICCV 2025 paper but Ko is joint first (equal contribution) and second in listed order, so it does not count as first-listed under the audit rule. No prior first-listed eligible paper was verified; exact zero is not asserted. QA removed non-qualifying evidence rows; count reflects first-listed eligible works only."
cai_1aaah60,Jaerin Lee,Seoul National University,KOREAN_UNIVERSITY_GRAD_SCIENCE_INSTITUTE,1,5518,Vector Scaffolding: Inter-Scale Orchestration for Differentiable Image Vectorization,resolved,https://jaerinlee.com/,"Official personal CV, institutional profile, ORCID, then official proceedings or publisher metadata",2026-03-05T23:00:00+01:00,0,identity_resolved_prior_work_incomplete,Only the post-cutoff ECCV 2026 paper and an arXiv preprint were found on the official CV/site; neither is a prior eligible work under the cutoff. Exact zero is not asserted.
cai_9wp7oj,Jaeseok Byun,Seoul National University,KOREAN_UNIVERSITY_GRAD_SCIENCE_INSTITUTE,1,3658,Multi-modal Knowledge Preserving Adapter for Embedding Backward Compatibility,resolved,https://ece.snu.ac.kr/en,"Official personal CV, institutional profile, ORCID, then official proceedings or publisher metadata",2026-03-05T23:00:00+01:00,3,identity_resolved_prior_work_incomplete,At least three eligible prior first-listed main-conference papers were verified; exact all-venue count is not asserted.
cai_i3rmfg,Jaewon Kim,Seoul National University,KOREAN_UNIVERSITY_GRAD_SCIENCE_INSTITUTE,1,4349,SplitHDR: Saturation-Aware HDR Recovery and Denoising for Real-Time Detection,resolved,https://mms.snu.ac.kr/?page_id=17,"Official personal CV, institutional profile, ORCID, then official proceedings or publisher metadata",2026-03-05T23:00:00+01:00,0,identity_resolved_prior_work_incomplete,SplitHDR is the ECCV 2026 candidate itself and is post-cutoff; no earlier scoped first-listed work was found in the official group publication list. Exact zero is not asserted.
cai_1o08ey0,Jaewon Lee,Yonsei University,KOREAN_UNIVERSITY_GRAD_SCIENCE_INSTITUTE,1,5375,Graph-GSReg: Leveraging 3D Scene Graphs for Gaussian Splatting Registration,resolved,https://lee-jaewon.github.io/ljw_cv_page/cv/,"Official personal CV, institutional profile, ORCID, then official proceedings or publisher metadata",2026-03-05T23:00:00+01:00,0,identity_resolved_prior_work_incomplete,"ICRA 2025 Fast Global Localization is eligible but Jaewon Lee is second-listed, so it does not count as first-listed. The CVPR 2026 paper is post-cutoff and Lee is second-listed. No prior first-listed eligible work was verified; exact zero is not asserted. QA removed non-qualifying evidence rows; count reflects first-listed eligible works only."
cai_ofpn1x,Jaeyo Shin,KAIST,KOREAN_UNIVERSITY_GRAD_SCIENCE_INSTITUTE,1,4716,Representation Alignment for Just Image Transformers is not Easier than You Think,resolved,https://sites.google.com/view/cvml-kaist/members,"Official personal CV, institutional profile, ORCID, then official proceedings or publisher metadata",2026-03-05T23:00:00+01:00,0,identity_resolved_prior_work_incomplete,"No eligible prior first-listed main-conference or RA-L paper was verified in the sources reviewed. The searchable institutional page identifies one non-scope AAAI 2024 paper (MagiCapture) but does not provide a complete CV/publication history, so an exact zero is not asserted."
cai_18buty,Jaeyoung Chung,Seoul National University,KOREAN_UNIVERSITY_GRAD_SCIENCE_INSTITUTE,1,5295,Map2World: Segment Map Conditioned Text to 3D World Generation,resolved,https://robot0321.github.io/,"Official personal CV, institutional profile, ORCID, then official proceedings or publisher metadata",2026-03-05T23:00:00+01:00,0,identity_resolved_prior_work_complete,No eligible prior first-listed paper was found in the official personal publication list and institutional profile review. OmniSplat (CVPR 2025) is eligible but Jaeyoung Chung is second-listed; Depth-Regularized Optimization is CVPR Workshop 2024 and excluded. ECCV 2026 is after the cutoff.
cai_1hmhnfq,Jeisung Lee,Samsung,KOREAN_COMPANY,1,5790,Synthetic Sub-Aperture Phase Augmentation for Demosaicing 2×2 Shared Microlens Sensors,unresolved,,"Official personal CV, institutional profile, ORCID, then official proceedings or publisher metadata",2026-03-05T23:00:00+01:00,0,identity_unresolved_prior_work_incomplete,Identity cannot be safely resolved from name plus Samsung affiliation alone. Patent records are not eligible publications and are not counted.
cai_luktrb,Jeongeun Lee,Yonsei university,KOREAN_UNIVERSITY_GRAD_SCIENCE_INSTITUTE,1,4339,Personalized Reward Modeling for Text-to-Image Generation,resolved,https://jeongeunnn-e.github.io/,"Official personal CV, institutional profile, ORCID, then official proceedings or publisher metadata",2026-03-05T23:00:00+01:00,0,identity_resolved_prior_work_complete,"Official publication list reviewed through the cutoff: listed prior works are EMNLP Findings, COLM, and an ICLR workshop, all outside the eligible venue scope. No eligible first-listed CVPR/ICCV/ECCV/NeurIPS/ICLR/ICML/SIGGRAPH/SIGGRAPH Asia/IROS/ICRA/RA-L paper found."
cai_1ggio59,Jeongha Lee,Korea Institute of Science and Technology (KIST),KOREAN_RESEARCH_INSTITUTE,1,5399,Through Van Gogh’s Eyes: Global Style Transfer with Diffusion Model,resolved,https://sites.google.com/view/mrlabkist/members,"Official personal CV, institutional profile, ORCID, then official proceedings or publisher metadata",2026-03-05T23:00:00+01:00,0,identity_resolved_prior_work_complete,"KIST MR Lab's official publication list shows no eligible prior first-listed work before the cutoff; listed 2025 works are ISMAR (poster), IEEE Access, or other out-of-scope venues. ECCV 2026 is after the cutoff."
cai_16kt7l8,Jeongwan On,UNIST,KOREAN_UNIVERSITY_GRAD_SCIENCE_INSTITUTE,1,3183,Multi-THuMBS: Multi-person Tracking of 3D Human Meshes Beyond Video Shots,resolved,https://on-jungwoan.github.io/,"Official personal CV, institutional profile, ORCID, then official proceedings or publisher metadata",2026-03-05T23:00:00+01:00,1,identity_resolved_prior_work_incomplete,"A prior eligible first-listed CVPR paper is verified, establishing a non-zero prior count. Exact all-venue count was not exhaustively established; ECCV 2026 is after the cutoff and excluded."
cai_1vseeub,Jiah Kim,Pukyong National University,KOREAN_UNIVERSITY_GRAD_SCIENCE_INSTITUTE,1,3687,A Benchmark for Heterogeneous Stereo Deblurring with Physically- and Epipolar-constrained Cross Attention,resolved,https://pknu-vlab.github.io/peca/,"Official personal CV, institutional profile, ORCID, then official proceedings or publisher metadata",2026-03-05T23:00:00+01:00,0,identity_resolved_prior_work_incomplete,The matched PECA/ECCV 2026 work is post-cutoff and excluded. Exact zero is not asserted because exhaustive review of all eligible venues was not completed.
cai_9tizu5,jiha jang,Seoul National University,KOREAN_UNIVERSITY_GRAD_SCIENCE_INSTITUTE,1,5643,HyFL-CLIP: Hyperbolic Fine-Tuning of CLIP for Robust Long-Context Understanding,resolved,https://jeeit17.github.io/,"Official personal CV, institutional profile, ORCID, then official proceedings or publisher metadata",2026-03-05T23:00:00+01:00,0,identity_resolved_prior_work_incomplete,The candidate's ECCV 2026 HyFL-CLIP work is post-cutoff. Official records found ICCV 2025 RoMaP (Ji Ha Jang co-first but second-listed) and ECCV 2024 INTRA workshop (excluded); no eligible prior first-listed paper was established. Exact zero is not asserted. QA removed non-qualifying evidence rows; count reflects first-listed eligible works only.
cai_1lf0emb,Jiho Choi,Korea Advanced Institute of Science and Technology,KOREAN_UNIVERSITY_GRAD_SCIENCE_INSTITUTE,1,5231,Dense Reward for Multi-View 3D Reasoning with Global Maps and Local Views,resolved,https://github.com/jihochoi,"Official personal CV, institutional profile, ORCID, then official proceedings or publisher metadata",2026-03-05T23:00:00+01:00,2,identity_resolved_prior_work_incomplete,At least two eligible prior main-conference first-listed/co-first papers were verified; exact all-venue count remains incomplete. ECCV 2026 is after cutoff.
cai_1nt9dwz,JIHO JANG,SEOUL NATIONAL UNIVERSITY,KOREAN_UNIVERSITY_GRAD_SCIENCE_INSTITUTE,1,3625,Multi-dimensional Preference Alignment by Conditioning Reward Itself,resolved,https://arxiv.org/abs/2512.10237,"Official personal CV, institutional profile, ORCID, then official proceedings or publisher metadata",2026-03-05T23:00:00+01:00,0,identity_resolved_prior_work_incomplete,"The matched ECCV 2026 paper is post-cutoff. SNU institutional material confirms identity context, but the cited prior AAAI/ACL works are outside the fixed venue scope and not counted. Exact zero is not asserted."
cai_1dfrfb7,Jihyun Lee,Sung Kyun Kwan University,KOREAN_UNIVERSITY_GRAD_SCIENCE_INSTITUTE,1,5215,Mitigating Modality and Language-Style Gaps for Zero-Shot Video Moment Retrieval,resolved,https://sites.google.com/site/vclabskku/people,"Official personal CV, institutional profile, ORCID, then official proceedings or publisher metadata",2026-03-05T23:00:00+01:00,0,identity_resolved_prior_work_incomplete,"The official lab roster and AAAI proceedings record resolve the identity. The reviewed eligible-venue records show Jihyun Lee as a non-first author on AAAI-25 (outside the fixed venue scope); no eligible first-listed prior was found, but no complete personal CV was located, so an exact zero is not asserted."
cai_1672kz7,Jin Hong,Chung-Ang University,KOREAN_UNIVERSITY_GRAD_SCIENCE_INSTITUTE,1,4432,C3ASD: Multi-Level Consistency-Driven Representation Learning for Robust Active Speaker Detection,resolved,https://sites.google.com/view/cau-cvml/cvmlcau/jinhong?authuser=0,"Official personal CV, institutional profile, ORCID, then official proceedings or publisher metadata",2026-03-05T23:00:00+01:00,0,identity_resolved_prior_work_complete,"The official personal/lab publication list was reviewed through the cutoff. Pre-cutoff works are ESWA 2022/2024, Applied Sciences 2021, AVSS 2025, and an ACCV workshop; none is in the fixed eligible venue scope. No prior eligible first-listed paper was found."
cai_1qjkno1,Jinhee Park,Korea Electronics Technology Institute; Chung-Ang University,KOREAN_RESEARCH_INSTITUTE,1,5164,R2M: Real-Aware Residual Model Merging for Robust and Generalizable Deepfake Detection,resolved,https://sites.google.com/view/cau-cvml/cvmlcau/jinheepark?authuser=0,"Official personal CV, institutional profile, ORCID, then official proceedings or publisher metadata",2026-03-05T23:00:00+01:00,0,identity_resolved_prior_work_complete,The official profile's pre-cutoff publication list was reviewed. Deep Disentangled Metric Learning (AAAI 2025) is first-listed but AAAI is outside the user-defined venue scope; CVPRW 2023 work is a workshop and excluded; the remaining listed works are journals outside scope. Thus exact eligible prior first-author count is 0.
cai_1849jvr,Jinho Kim,Yonsei University,KOREAN_UNIVERSITY_GRAD_SCIENCE_INSTITUTE,1,4299,Dual-Output Multi-Exposure HDR Reconstruction via SDR Fusion and Gain Map Inverse Tone Mapping,resolved,https://www.ciplab.kr/members/students,"Official personal CV, institutional profile, ORCID, then official proceedings or publisher metadata",2026-03-05T23:00:00+01:00,0,identity_resolved_prior_work_incomplete,"The official lab roster and publication homepage were reviewed; they show the ECCV 2026 DOME-HDR work and no earlier qualifying work for Jinho Kim. Since no complete personal CV/publication list was located, exact zero is not asserted."
cai_1of1kd,Jinhwan Seo,KAIST,KOREAN_UNIVERSITY_GRAD_SCIENCE_INSTITUTE,1,3157,What You Ask is What You Ground: Bridging Question Intent to Temporal Evidence for Grounded VideoQA,resolved,https://jinhseo.github.io/,"Official personal CV, institutional profile, ORCID, then official proceedings or publisher metadata",2026-03-05T23:00:00+01:00,1,identity_resolved_prior_work_incomplete,"One verified eligible prior first-listed ECCV 2022 paper establishes that Jinhwan Seo is not first-time in the defined scope. The official page labels its list selected rather than exhaustive, so the full prior count is not asserted."
cai_1018n5o,Jini Yang,KAIST AI,KOREAN_UNIVERSITY_GRAD_SCIENCE_INSTITUTE,1,3139,TETO: Tracking Events with Teacher Observation for Motion Estimation and Frame Interpolation,resolved,https://cvlab.kaist.ac.kr/members/students,"Official personal CV, institutional profile, ORCID, then official proceedings or publisher metadata",2026-03-05T23:00:00+01:00,0,identity_resolved_prior_work_incomplete,"No eligible prior first-listed paper was found in the reviewed official CVLab publication material. SpikeMatch is listed without an eligible in-scope venue, and later ECCV 2026 work is after the cutoff; exact zero is not asserted because exhaustive all-venue review remains incomplete."
cai_c38ddw,Jinkyu Kim,Seoul National University,KOREAN_UNIVERSITY_GRAD_SCIENCE_INSTITUTE,1,5175,D2PO: Optimizing Diffusion Samplers via Dynamic Preference,resolved,https://jinkyu032.vercel.app/,"Official personal CV, institutional profile, ORCID, then official proceedings or publisher metadata",2026-03-05T23:00:00+01:00,1,identity_resolved_prior_work_incomplete,At least one eligible prior first-listed work was verified. Two CVPR 2024 papers establish the same identity but list Jinkyu Kim second (one equal-contribution marker); they do not count toward first-listed total. Exact count is not asserted pending exhaustive review. QA removed non-qualifying evidence rows; count reflects first-listed eligible works only.
cai_1g0eg9d,Jinnyeong Kim,POSTECH,KOREAN_UNIVERSITY_GRAD_SCIENCE_INSTITUTE,1,5101,Depth-guided Multi-view Exposure Bracketing for HDR Robot Vision,resolved,https://divisonofficer.github.io/,"Official personal CV, institutional profile, ORCID, then official proceedings or publisher metadata",2026-03-05T23:00:00+01:00,1,identity_resolved_prior_work_incomplete,At least one eligible prior first-listed main-conference paper was verified. Exact count is not asserted because review of all eligible venues is incomplete.
cai_jnhf9l,Jinsoo Park,POSTECH,KOREAN_UNIVERSITY_GRAD_SCIENCE_INSTITUTE,1,5571,Diversity-Aware View Partitioning for Scalable VGGT,resolved,https://jspark1213.github.io/,"Official personal CV, institutional profile, ORCID, then official proceedings or publisher metadata",2026-03-05T23:00:00+01:00,0,identity_resolved_prior_work_incomplete,No eligible prior first-listed paper was found in the reviewed official profile/material. The ECCV 2026 paper is after the cutoff; exact zero is not asserted because exhaustive review remains incomplete.
cai_6vguok,Jinwoo Chung,Kookmin University,KOREAN_UNIVERSITY_GRAD_SCIENCE_INSTITUTE,1,5539,TAQ: Static-Deployable Temporal-Aware Quantization for Real-World Video Super-Resolution,resolved,https://jangho-kim.github.io/,"Official personal CV, institutional profile, ORCID, then official proceedings or publisher metadata",2026-03-05T23:00:00+01:00,0,identity_resolved_prior_work_incomplete,"No eligible pre-cutoff first-listed work was found in the reviewed official lab publication list. The listed CIKM 2025 work is outside the defined venue scope, while IROS 2026 and ECCV 2026 are after the cutoff; exact zero is not asserted."
cai_17oxlre,Jinwoo Jang,Sungkyunkwan University,KOREAN_UNIVERSITY_GRAD_SCIENCE_INSTITUTE,1,5948,Multi-scale Mixture of World Models for Embodied Agents in Evolving Environments,resolved,https://csiagentgroup.com/,"Official personal CV, institutional profile, ORCID, then official proceedings or publisher metadata",2026-03-05T23:00:00+01:00,0,identity_resolved_prior_work_incomplete,The official lab page confirms the ECCV identity but does not expose a complete dated prior-publication CV. No qualifying prior first-author work was verified from the accessible official material; this is not an exact zero.
cai_oifae6,Jinwook Jung,Hanyang University,KOREAN_UNIVERSITY_GRAD_SCIENCE_INSTITUTE,1,3618,Learning to Recover Task Experts from a Multi-Task Merged Model,resolved,https://hyds.hanyang.ac.kr/front/notice/unNews/view?id=1845,"Official personal CV, institutional profile, ORCID, then official proceedings or publisher metadata",2026-03-05T23:00:00+01:00,0,identity_resolved_prior_work_incomplete,The official Hanyang page verifies the ECCV identity but provides no complete prior-publication list. The similarly named 2014 semiconductor-conference author is not treated as the same person because it lacks compatible identity evidence.
cai_rkv24,Jisung Hwang,KAIST,KOREAN_UNIVERSITY_GRAD_SCIENCE_INSTITUTE,1,3859,NoiseTilt: Noise-Tilted Reverse Kernels for Diffusion Reward Alignment,resolved,https://jisung0111.github.io/,"Official personal CV, institutional profile, ORCID, then official proceedings or publisher metadata",2026-03-05T23:00:00+01:00,2,identity_resolved_prior_work_complete,The official publication list was reviewed through the cutoff. It contains one verified earlier eligible first-listed paper; later ICML 2026 and ECCV 2026 entries are after or at the current paper and excluded.
cai_7f522b,Jiun Lee,Aimfuture,KOREAN_COMPANY,1,4274,SubSplat: High-Resolution Pixel-aligned 3DGS via Sub-pixel Gaussian Reparameterization,resolved,https://kr.linkedin.com/in/jiun-lee-160874176/ko,"Official personal CV, institutional profile, ORCID, then official proceedings or publisher metadata",2026-03-05T23:00:00+01:00,0,identity_resolved_prior_work_incomplete,"The accessible profile lists IEEE Access and Korean conference work, neither in the defined venue scope. No complete official CV or qualifying in-scope prior paper was verified, so exact zero is not claimed."
cai_1p4v3g5,Jiwan Kim,KAIST,KOREAN_UNIVERSITY_GRAD_SCIENCE_INSTITUTE,1,5552,Why and When Visual Token Pruning Fails? A Study on Relevant Visual Information Shift in MLLMs Decoding,resolved,https://ptkjw1997.github.io/,"Official personal CV, institutional profile, ORCID, then official proceedings or publisher metadata",2026-03-05T23:00:00+01:00,0,identity_resolved_prior_work_complete,The official publication list was reviewed through the 2026-03-05 cutoff. The listed ICLR 2026 paper is a later conference publication and is excluded by the cutoff; SIGIR 2025 is outside the defined venue scope. No eligible prior first-author work was found before the cutoff.
cai_1re1s4r,Jiwon Kang,KAIST AI,KOREAN_UNIVERSITY_GRAD_SCIENCE_INSTITUTE,1,3137,Transferability Between Understanding and Generation in Unified Multimodal Models,resolved,https://loggerjk.github.io/,"Official personal CV, institutional profile, ORCID, then official proceedings or publisher metadata",2026-03-05T23:00:00+01:00,0,identity_resolved_prior_work_complete,No prior eligible first-listed paper was found in the reviewed publication list. NeurIPS 2025 'Where and How to Perturb' is eligible but Jiwon Kang is second-listed and marked equal contribution; ICLR 2026 and CVPR 2026 works are after the cutoff. ECCV 2026 is itself after the cutoff. QA removed non-qualifying evidence rows; count reflects first-listed eligible works only.
cai_1e07dad,Jiwon Kim,Seoul National University,KOREAN_UNIVERSITY_GRAD_SCIENCE_INSTITUTE,1,4822,WARP: Wide Attention with Rich Projections for Image Super-Resolution,unresolved,,"Official personal CV, institutional profile, ORCID, then official proceedings or publisher metadata",2026-03-05T23:00:00+01:00,0,identity_unresolved_prior_work_incomplete,The ECCV 2026 paper is after the cutoff and is not counted. The well-known SNU CVPR 2016 super-resolution author Jiwon Kim was not assumed to be this candidate without an identity link.
cai_ua9szx,Jiyeong Kim,Ewha W. University,KOREAN_UNIVERSITY_GRAD_SCIENCE_INSTITUTE,1,4741,Enhancing Alignment for Unified Multimodal Models via Semantically-Grounded Supervision,resolved,https://agile.ewha.ac.kr/,"Official personal CV, institutional profile, ORCID, then official proceedings or publisher metadata",2026-03-05T23:00:00+01:00,0,identity_resolved_prior_work_incomplete,"One eligible prior ECCV main-conference paper was verified, but Jiyeong Kim is fifth-listed, so it does not count as first-listed authorship. No eligible prior first-listed paper was found in the limited review; exact zero is not asserted. The ECCV 2026 candidate paper and March 2026 preprint are after the cutoff. QA removed non-qualifying evidence rows; count reflects first-listed eligible works only."
cai_1hl1vuh,Jiyong Boo,Korea Advanced Institute of Science & Technology,KOREAN_UNIVERSITY_GRAD_SCIENCE_INSTITUTE,1,5119,HSDF-Lane: Height-Aligned Signed Distance Field with Semantic Lane Prior for 3D Lane Detection,resolved,https://huggingface.co/boo0828,"Official personal CV, institutional profile, ORCID, then official proceedings or publisher metadata",2026-03-05T23:00:00+01:00,0,identity_resolved_prior_work_incomplete,The verified WACV 2026 paper is outside the defined venue scope and is not counted. The ECCV 2026 HSDF-Lane paper is after the cutoff. No eligible prior first-listed work was found in the limited review; exact zero is not asserted.
cai_fw6dki,Jiyoung Park,Kyung Hee University,KOREAN_UNIVERSITY_GRAD_SCIENCE_INSTITUTE,1,3949,Different Changes Require Different Reasoning: Change-Type-Specialized Experts for Robust Change Captioning,resolved,https://visualai.khu.ac.kr/publication/domestic,"Official personal CV, institutional profile, ORCID, then official proceedings or publisher metadata",2026-03-05T23:00:00+01:00,0,identity_resolved_prior_work_incomplete,The ECCV 2026 paper and September 2026 preprint are after the cutoff. The lab page's domestic publications and the 2025 CORTEX preprint are outside the eligible venue scope. No eligible prior first-listed paper was found in the limited review; exact zero is not asserted.
cai_5n2beb,Jiyun Im,Sung Kyun Kwan University,KOREAN_UNIVERSITY_GRAD_SCIENCE_INSTITUTE,1,4810,White Aggregation and Restoration for Few-shot 3D Point Cloud Semantic Segmentation,unresolved,,"Official personal CV, institutional profile, ORCID, then official proceedings or publisher metadata",2026-03-05T23:00:00+01:00,0,identity_unresolved_prior_work_incomplete,The ECCV 2026 paper itself is after the audit cutoff and is not a prior work. Identity was not resolved strongly enough to assert an exact prior count.
cai_14o5u5o,Jonghun Kim,Sungkyunkwan University,KOREAN_UNIVERSITY_GRAD_SCIENCE_INSTITUTE,1,3287,Posterior Samplings are Missing Modalities Generators for Medical Image Translation,resolved,https://pubmed.ncbi.nlm.nih.gov/41520577/,"Official personal CV, institutional profile, ORCID, then official proceedings or publisher metadata",2026-03-05T23:00:00+01:00,0,identity_resolved_prior_work_incomplete,"No eligible prior top-tier first-listed paper was located in the official PubMed/arXiv records reviewed. The available records are not an exhaustive official CV, so exact zero is not asserted. The 2026 ECCV paper itself is after the cutoff."
cai_1cwcdyg,Jonghyun Kim,LG Electronics,KOREAN_COMPANY,1,4276,Single-Query Person-Centric Bimanual Hand-Object Interaction Detection,unresolved,,"Official personal CV, institutional profile, ORCID, then official proceedings or publisher metadata",2026-03-05T23:00:00+01:00,0,identity_unresolved_prior_work_incomplete,OpenAlex and author-index matches were treated as discovery only. No prior paper was counted because identity and authorship linkage remain unverified.
cai_g2e1q9,Jonghyun Park,Seoul National University,KOREAN_UNIVERSITY_GRAD_SCIENCE_INSTITUTE,1,4363,Attention Misses Visual Risk: Risk-Adaptive Steering for Multimodal Safety Alignment,resolved,https://jonghyun813.github.io/profile/personal/JonghyunPark_CV.pdf,"Official personal CV, institutional profile, ORCID, then official proceedings or publisher metadata",2026-03-05T23:00:00+01:00,0,identity_resolved_prior_work_complete,"The official CV lists the ECCV 2026 paper and an under-review paper, with no earlier eligible CVPR/ICCV/ECCV/NeurIPS/ICLR/ICML/SIGGRAPH/SIGGRAPH Asia/IROS/ICRA/RA-L first-listed paper. The ECCV 2026 paper is after the cutoff; workshop work is excluded."
cai_epucdv,Jongoh Jeong,KAIST,KOREAN_UNIVERSITY_GRAD_SCIENCE_INSTITUTE,1,4352,Rank-Aware Hyperbolic Alignment for Vision–Language Dataset Distillation,resolved,https://sites.google.com/view/jongohjeong,"Official personal CV, institutional profile, ORCID, then official proceedings or publisher metadata",2026-03-05T23:00:00+01:00,0,identity_resolved_prior_work_complete,"The official publication list was reviewed exhaustively for the defined venues and cutoff. Earlier BMVC 2022, AAAI 2024, and ECCV 2024 papers are not first-listed by Jongoh; CVPR 2026, ICLR 2026, and WACV 2026 are after the 2026-03-05 cutoff; workshops and non-scope journals are excluded. Exact eligible prior first-author count is therefore zero."
cai_skq83z,Jongyeop Hyun,Pohang University of Science and Technology,KOREAN_UNIVERSITY_GRAD_SCIENCE_INSTITUTE,1,5677,SPLIT: Training-Free AI-Generated and Partially Edited Video Detection via Spatial Patch‑Level Incoherence and Temporal Roughness,resolved,https://mldljyh.github.io/,"Official personal CV, institutional profile, ORCID, then official proceedings or publisher metadata",2026-03-05T23:00:00+01:00,0,identity_resolved_prior_work_complete,No eligible prior first-listed CVPR/ICCV/ECCV/NeurIPS/ICLR/ICML/SIGGRAPH/SIGGRAPH Asia/IROS/ICRA or RA-L work found through the official profile and institutional corroboration. EMNLP 2025 is excluded by venue scope; ECCV 2026 is the target paper and after the cutoff.
cai_174cqdx,Joo Young Choi,KRAFTON,KOREAN_COMPANY,1,5296,"Every Dog Has Its Day, Probably: A Balanced Synthetic Benchmark and Probabilistic Modeling for 3D Dog Pose Estimation",resolved,https://lthilnklover.github.io/,"Official personal CV, institutional profile, ORCID, then official proceedings or publisher metadata",2026-03-05T23:00:00+01:00,0,identity_resolved_prior_work_complete,No eligible prior first-listed paper found. ICML 2023 Rotation and Translation Invariant Representation Learning lists Sehyun Kwon first; ICML 2022 Neural Tangent Kernel Analysis lists Jongmin Lee first. NeurIPS 2023 Workshop and TMLR are excluded.
cai_1oogw60,Joonkyu Park,Seoul National University,KOREAN_UNIVERSITY_GRAD_SCIENCE_INSTITUTE,1,3767,Learning to Corrupt for Better Restoration,resolved,https://jkpark08.github.io/,"Official personal CV, institutional profile, ORCID, then official proceedings or publisher metadata",2026-03-05T23:00:00+01:00,2,identity_resolved_prior_work_complete,"Two eligible prior first-listed main-conference papers are verified below. Other profile items are excluded when workshop, preprint-only, or non-first-listed. Exact count is 2 under the stated venue and cutoff rules."
cai_19ar351,Jooyeol Yun,Korea Advanced Institute of Science and Technology,KOREAN_UNIVERSITY_GRAD_SCIENCE_INSTITUTE,1,3480,ReDesign: Recovering Editable Design Structures from Raster Images via Agentic Decomposition,resolved,https://yeolj00.github.io/,"Official personal CV, institutional profile, ORCID, then official proceedings or publisher metadata",2026-03-05T23:00:00+01:00,0,identity_resolved_prior_work_complete,No eligible prior first-listed paper found. ICCV 2023 Learning to Generate Semantic Layouts lists Minho Park first (with Yun equal-contribution second); WACV and BMVC are outside scope. CVPR 2026 is after cutoff.
cai_10csqcn,Jouwon Song,LG Corporation,KOREAN_COMPANY,1,5909,Structured Redundancy Modeling for Efficient Visual Token Pruning in High-Resolution MLLMs,resolved,https://openreview.net/profile?id=~Jou-Won_Song1,"Official personal CV, institutional profile, ORCID, then official proceedings or publisher metadata",2026-03-05T23:00:00+01:00,0,identity_resolved_prior_work_complete,No qualifying prior first-listed paper found. ICLR 2026 AgilePruner lists Changwoo Baek first and its proceedings date is after the 2026-03-05 cutoff; NeurIPS 2025 ER is a workshop; JBE 2026 is outside venue scope. Target ECCV 2026 is after cutoff.
cai_emre,Jun-Sang YOO,Korea University,KOREAN_UNIVERSITY_GRAD_SCIENCE_INSTITUTE,1,3303,MASS: Motion-Aligned Selective Scan for Flow-Based Video Frame Interpolation,resolved,https://junsang7777.github.io/,"Official personal CV, institutional profile, ORCID, then official proceedings or publisher metadata",2026-03-05T23:00:00+01:00,2,identity_resolved_prior_work_incomplete,One eligible first-listed ICCV paper is sufficient to determine that the candidate is not a first eligible paper author. The profile and official CV/publication sources were not exhaustively reconciled across every eligible venue for an exact count.
cai_l5wc63,Junah Jung,Seoul National University College of Medicine; Seoul National University College of Medicine,KOREAN_UNIVERSITY_GRAD_SCIENCE_INSTITUTE,1,3699,CS-TTA: Preserving Concept Sensitivity in Test-Time Adaptation,resolved,https://kr.linkedin.com/in/junah-jung,"Official personal CV, institutional profile, ORCID, then official proceedings or publisher metadata",2026-03-05T23:00:00+01:00,0,identity_resolved_prior_work_incomplete,The ECCV 2026 CS-TTA record is after the cutoff and is not counted. Co-first status is noted for the candidate paper only; no earlier eligible work was verified.
cai_9jiqs9,Jungmyung Wi,Korea University,KOREAN_UNIVERSITY_GRAD_SCIENCE_INSTITUTE,1,5063,Correlation-Weighted Multi-Reward Optimization for Compositional Generation,resolved,https://utl.korea.ac.kr/team/,"Official personal CV, institutional profile, ORCID, then official proceedings or publisher metadata",2026-03-05T23:00:00+01:00,0,identity_resolved_prior_work_incomplete,No eligible pre-cutoff top-tier first-author paper was verified. The official IJCV article is outside the specified venue list and its 2026 publication is after the cutoff; exact zero remains uncertified.
cai_1f5a4rn,Jungsu Kim,Yonsei University,KOREAN_UNIVERSITY_GRAD_SCIENCE_INSTITUTE,1,4335,HiChor: Hierarchical Choreography Generation from Pop Music with Choreographic Primitives,resolved,https://openaccess.thecvf.com/content/ICCV2025/papers/Huh_MBTI_Masked_Blending_Transformers_with_Implicit_Positional_Encoding_for_Frame-rate_ICCV_2025_paper.pdf,"Official personal CV, institutional profile, ORCID, then official proceedings or publisher metadata",2026-03-05T23:00:00+01:00,0,identity_resolved_prior_work_incomplete,"Verified ICCV 2025 work is eligible but Kim is fourth-listed, so it does not count as first-author evidence. ACM Multimedia 2025 Permission to Dance is outside the fixed venue scope. No eligible first-author prior was verified."
cai_828p7g,jungu cho,CJ AI center; Gwangju Institute of Science and Technology,KOREAN_COMPANY_AND_ACADEMIC,1,5093,From Script to Shot: A Benchmark for Grounding Screenplays in Movies,resolved,https://sites.google.com/site/hgjeoncv/team,"Official personal CV, institutional profile, ORCID, then official proceedings or publisher metadata",2026-03-05T23:00:00+01:00,0,identity_resolved_prior_work_incomplete,"No eligible pre-cutoff first-author paper was verified. The only earlier same-lab record found, Rehearsal NeRF, is an ICLR 2024 withdrawn submission and is excluded by the method; the ECCV 2026 candidate paper is after cutoff."
cai_7i9zpd,Jungyong Son,Hanyang Universty,KOREAN_UNIVERSITY_GRAD_SCIENCE_INSTITUTE,1,4341,Training-Free Task Classification for Multi-Task Model Merging,resolved,https://hyds.hanyang.ac.kr/front/notice/unNews/view?id=1845,"Official personal CV, institutional profile, ORCID, then official proceedings or publisher metadata",2026-03-05T23:00:00+01:00,0,identity_resolved_prior_work_incomplete,No eligible pre-cutoff first-listed paper was found in the official Hanyang announcement or targeted official-source review. The ECCV 2026 paper and 2026 arXiv posting are after the 2026-03-05 cutoff and are excluded; exact zero is not asserted.
cai_f92iuw,Junha Kim,Hanyang University,KOREAN_UNIVERSITY_GRAD_SCIENCE_INSTITUTE,1,5103,High-Resolution Artwork Outpainting with Global Blueprint Guidance and Layout Control,resolved,https://hjpark83.github.io/,"Official personal CV, institutional profile, ORCID, then official proceedings or publisher metadata",2026-03-05T23:00:00+01:00,0,identity_resolved_prior_work_incomplete,No eligible pre-cutoff first-listed paper was found in targeted official-source review. The matching arXiv/ECCV 2026 work is after the cutoff and is excluded; exact zero is not asserted.
cai_1d1f4lw,Junha Lee,South Korea,KOREA_LOCATION_DECLARED_UNSPECIFIED_INSTITUTION,1,4336,AffoGato: Open-Vocabulary Affordance Grounding with Automated Data Generation at Scale,resolved,https://junha-l.github.io/,"Official personal CV, institutional profile, ORCID, then official proceedings or publisher metadata",2026-03-05T23:00:00+01:00,2,identity_resolved_prior_work_incomplete,"Two eligible prior first-listed papers were verified. Review was not exhaustive across every in-scope venue, so this is a lower bound; ECCV 2026 Affogato is after the cutoff and excluded."
cai_xyxncm,Junoh Lee,GIST,KOREAN_UNIVERSITY_GRAD_SCIENCE_INSTITUTE,1,4602,Relaxed Rigidity with Ray-based Grouping for Dynamic Gaussian Splatting,resolved,https://leejunoh.com/,"Official personal CV, institutional profile, ORCID, then official proceedings or publisher metadata",2026-03-05T23:00:00+01:00,2,identity_resolved_prior_work_incomplete,"Two eligible prior first-listed main-conference papers were verified. Review was not exhaustive across every in-scope venue, so this is a lower bound; ECCV 2026 paper is after cutoff and excluded."
cai_131dxvq,Junseong Shin,Hanyang University,KOREAN_UNIVERSITY_GRAD_SCIENCE_INSTITUTE,1,5668,PRISM: Latent Composition Consistency for Single-Image Reflection Removal,resolved,https://junsung6140.github.io/,"Official personal CV, institutional profile, ORCID, then official proceedings or publisher metadata",2026-03-05T23:00:00+01:00,1,identity_resolved_prior_work_incomplete,One eligible prior first-listed main-conference paper was verified. Review was not exhaustive across every in-scope venue; ECCV 2026 PRISM is after cutoff and excluded.
cai_726siz,Junyoung Seo,KAIST,KOREAN_UNIVERSITY_GRAD_SCIENCE_INSTITUTE,1,4936,Grounding World Simulation Models in a Real-World Metropolis,resolved,https://j0seo.github.io/,"Official personal CV, institutional profile, ORCID, then official proceedings or publisher metadata",2026-03-05T23:00:00+01:00,3,identity_resolved_prior_work_incomplete,"At least three eligible prior first-listed works are verified; therefore the first-author result is definitively not-first. ECCV 2026, CVPR 2026, ICLR 2026, AAAI 2026 and later/under-review records are excluded by the 2026-03-05 cutoff or venue scope."
cai_jsekvg,Juyong Lee,Chung-Ang University,KOREAN_UNIVERSITY_GRAD_SCIENCE_INSTITUTE,1,4330,Rethinking Detection Calibration: A Coordinate Perspective,unresolved,,"Official personal CV, institutional profile, ORCID, then official proceedings or publisher metadata",2026-03-05T23:00:00+01:00,0,identity_unresolved_prior_work_incomplete,The ECCV 2026 paper is after the cutoff; no eligible prior first-listed work verified.
cai_ycply5,Kang Eun Jeon,DGIST,KOREAN_UNIVERSITY_GRAD_SCIENCE_INSTITUTE,1,4410,R-ESC: Robustly Erasing Space Concepts via Stochastic Feature Remapping,resolved,https://kejeon.github.io/,"Official personal CV, institutional profile, ORCID, then official proceedings or publisher metadata",2026-03-05T23:00:00+01:00,0,identity_resolved_prior_work_incomplete,Reviewed official publication list and profile; listed works are outside the eligible venue scope or not first-listed. Exact zero requires broader exhaustive identity review.
cai_176x63n,Kang MinSeok,Chung-Ang University,KOREAN_UNIVERSITY_GRAD_SCIENCE_INSTITUTE,1,5854,Prune Once: Retraining-Free Task-Agnostic Pruning for Vision-Language Models,unresolved,,"Official personal CV, institutional profile, ORCID, then official proceedings or publisher metadata",2026-03-05T23:00:00+01:00,0,identity_unresolved_prior_work_incomplete,The ECCV 2026 paper is after cutoff and excluded; no eligible prior first-listed work verified.
cai_igfx9k,Kangmin Seo,Sungkyunkwan University,KOREAN_UNIVERSITY_GRAD_SCIENCE_INSTITUTE,1,5368,Improving Sparse-View 3DGS Generalization via Flat Minima Optimization,resolved,https://kangrnin.github.io/,"Official personal CV, institutional profile, ORCID, then official proceedings or publisher metadata",2026-03-05T23:00:00+01:00,0,identity_resolved_prior_work_incomplete,"Reviewed the official publication list through the cutoff. NeurIPS 2025 paper lists Kangmin Seo fifth, and CVPR 2026 Findings is excluded; no eligible prior first-listed work was found. Exact zero is not claimed because broader exhaustive review remains outside this shard."
cai_ql2vg6,Keonhee Park,"Vision and Learning Lab, Seoul National University",KOREAN_UNIVERSITY_GRAD_SCIENCE_INSTITUTE,1,5258,SiGMA: Sign-Guided Merging and Adaptation framework for Multimodal Continual Instruction Tuning,resolved,https://vision.snu.ac.kr/gunhee/,"Official personal CV, institutional profile, ORCID, then official proceedings or publisher metadata",2026-03-05T23:00:00+01:00,0,identity_resolved_prior_work_incomplete,"No eligible prior first-listed work was found on the official lab publication listing, but exact zero is not asserted because an exhaustive all-venue review was not completed. The ECCV 2026 candidate paper is post-cutoff."
cai_thbfl0,Kibum Kim,KAIST,KOREAN_UNIVERSITY_GRAD_SCIENCE_INSTITUTE,1,5652,Sink-Token-Aware Pruning for Fine-Grained Video Understanding in Efficient Video LLMs,resolved,https://rlqja1107.github.io/,"Official personal CV, institutional profile, ORCID, then official proceedings or publisher metadata",2026-03-05T23:00:00+01:00,3,identity_resolved_prior_work_incomplete,At least three eligible prior first-listed papers were verified. Exact total is not asserted because the review was not exhaustive across every eligible venue; post-cutoff ECCV 2026 and ICLR 2026 records were not counted.
cai_1dl94c2,Kihyun Na,Handong Global University,KOREAN_UNIVERSITY_GRAD_SCIENCE_INSTITUTE,1,4096,"Rethinking Garment Conditioning in Diffusion-based Virtual Try-On: Decouple, Don't Denoise",resolved,https://www.sciencedirect.com/science/article/abs/pii/S1077314225000840,"Official personal CV, institutional profile, ORCID, then official proceedings or publisher metadata",2026-03-05T23:00:00+01:00,0,identity_resolved_prior_work_incomplete,No eligible prior first-listed work was found in the limited official-publisher search. Kihyun Na's 2025 virtual-try-on and license-plate records are preprints/journal or outside the specified venues and were not counted; exact zero is not asserted.
cai_qkmdou,Kim Jun-Seong,Pohang University of Science and Technology (POSTECH),KOREAN_UNIVERSITY_GRAD_SCIENCE_INSTITUTE,1,3511,SA-ResGS: Self-Augmented Residual 3D Gaussian Splatting for Next Best View Selection,resolved,https://kim-junseong.github.io/,"Official personal CV, institutional profile, ORCID, then official proceedings or publisher metadata",2026-03-05T23:00:00+01:00,3,identity_resolved_prior_work_incomplete,"Three eligible prior first-listed works were verified: CVPR 2025, RA-L 2024, and ECCV 2022. Exact total is not asserted because all-venue review was not exhaustive; ECCV 2026 is post-cutoff."
cai_nnq0gi,KunHo Heo,Kyung Hee University,KOREAN_UNIVERSITY_GRAD_SCIENCE_INSTITUTE,1,5171,Rethinking Prototype-based Similarity Learning for Few-Shot Object Detection,resolved,https://heokunho.github.io/,"Official personal CV, institutional profile, ORCID, then official proceedings or publisher metadata",2026-03-05T23:00:00+01:00,1,identity_resolved_prior_work_incomplete,One eligible prior first-listed main-conference paper was verified (NeurIPS 2025). Exact total is not asserted because exhaustive all-venue review was not completed; ECCV 2026 candidate paper is post-cutoff.
cai_17clweh,Kwonyoung Ryu,Pohang University of Science and Technology,KOREAN_UNIVERSITY_GRAD_SCIENCE_INSTITUTE,1,5627,Extending a Large View Synthesis Model for Multi-view Panoptic Segmentation,resolved,https://kwonyoung9120.github.io/,"Official personal CV, institutional profile, ORCID, then official proceedings or publisher metadata",2026-03-05T23:00:00+01:00,1,identity_resolved_prior_work_incomplete,"One eligible prior first-listed CVPR paper was verified. The review was not exhaustive across every scoped venue, so an exact count is not asserted. The ECCV 2026 paper is after the cutoff and is not counted."
cai_xcjd2a,Kyeongmo Chae,Kyungpook National University,KOREAN_UNIVERSITY_GRAD_SCIENCE_INSTITUTE,1,5107,Distribution-Alignment Bridge for Uncertainty-Aware Text-to-Video Retrieval,resolved,https://vig.kist.re.kr/people,"Official personal CV, institutional profile, ORCID, then official proceedings or publisher metadata",2026-03-05T23:00:00+01:00,0,identity_resolved_prior_work_incomplete,No eligible prior first-listed paper was verified in the limited official-profile/proceedings review. The 2026 DAB text-to-video paper is dated July 2026 (after cutoff) and is not counted; exact zero is not asserted.
cai_15hmn5b,Kyobin Choo,Yonsei University,KOREAN_UNIVERSITY_GRAD_SCIENCE_INSTITUTE,1,4226,QWERTY: Training-Free Motion Control via Query-Warped Video Diffusion Transformers,resolved,https://micv.yonsei.ac.kr/members,"Official personal CV, institutional profile, ORCID, then official proceedings or publisher metadata",2026-03-05T23:00:00+01:00,0,identity_resolved_prior_work_incomplete,No eligible scoped prior first-listed paper was verified. MICCAI 2025 papers found are outside the defined venue scope; exact zero is not asserted. ECCV 2026 paper is after cutoff.
cai_ulv5l2,Kyoleen Kwak,Kyung Hee University,KOREAN_UNIVERSITY_GRAD_SCIENCE_INSTITUTE,1,4656,Geometry-Preserving in 3D Gaussian Splatting for LiDAR-Camera Extrinsic Calibration,resolved,https://kwakkyoleen.github.io/,"Official personal CV, institutional profile, ORCID, then official proceedings or publisher metadata",2026-03-05T23:00:00+01:00,0,identity_resolved_prior_work_incomplete,No eligible scoped prior first-listed paper was verified. The AAAI 2026 first-author paper is outside the user-defined venue scope; exact zero is not asserted. ECCV 2026 is after cutoff.
cai_7x33y1,Kyuan Oh,Chung-Ang University,KOREAN_UNIVERSITY_GRAD_SCIENCE_INSTITUTE,1,4172,AnchorPrune: Relevance-Anchored Contextual Expansion for Visual Token Pruning,resolved,https://kyuanoh.github.io/,"Official personal CV, institutional profile, ORCID, then official proceedings or publisher metadata",2026-03-05T23:00:00+01:00,0,identity_resolved_prior_work_incomplete,No eligible scoped prior first-listed paper was verified. ICTC 2025 papers are outside the defined venue scope; exact zero is not asserted. ECCV 2026 paper is after cutoff.
cai_ruido7,Kyungmin Min,Seoul National University,KOREAN_UNIVERSITY_GRAD_SCIENCE_INSTITUTE,1,5761,ReflectCAP: Detailed Image Captioning with Reflective Memory,resolved,https://andy9705.github.io/,"Official personal CV, institutional profile, ORCID, then official proceedings or publisher metadata",2026-03-05T23:00:00+01:00,0,identity_resolved_prior_work_complete,"The official publication list was reviewed through the cutoff. Prior listed works are NAACL 2025 Findings, EMNLP 2025, COLING 2025, a NeurIPS workshop, and DSTC11; none is an eligible main-conference full paper or RA-L article. ECCV 2026 is after the cutoff. Exact prior eligible first-author count is zero."
cai_og1gaa,Kyusik Cho,Yonsei University,KOREAN_UNIVERSITY_GRAD_SCIENCE_INSTITUTE,1,4329,Environmental Change Detection for Real-World Change Analysis,resolved,https://cilab.yonsei.ac.kr/members/,"Official personal CV, institutional profile, ORCID, then official proceedings or publisher metadata",2026-03-05T23:00:00+01:00,0,identity_resolved_prior_work_incomplete,"The official CILAB pages verify the ECCV identity, but no complete personal CV or publication list was accessible. The 2025 Environmental Change Detection arXiv version is a preprint, not an eligible main-conference or RA-L publication, and no qualifying prior first-listed work was verified."
cai_wmhgsr,Kyuwon Kim,KAIST,KOREAN_UNIVERSITY_GRAD_SCIENCE_INSTITUTE,1,5880,SPECSIA: Stylization Dataset for Novel-View Enhancement in Drawing-based 3D Animation,resolved,https://rbdnjs7830.github.io/,"Official personal CV, institutional profile, ORCID, then official proceedings or publisher metadata",2026-03-05T23:00:00+01:00,0,identity_resolved_prior_work_complete,"The official personal publication list was reviewed through the cutoff. Its only pre-cutoff item is a 2025 Journal of the IEIE paper, outside the defined venue scope; ECCV 2026 is after the cutoff. Exact prior eligible first-author count is zero. A separate similarly named KAIST mathematics student is not merged because the affiliation, lab, and research topic do not match."
cai_1ai4ln6,Mansoo Jung,Seoul National University,KOREAN_UNIVERSITY_GRAD_SCIENCE_INSTITUTE,1,4612,MixTTA: Low-Rank Cross-Channel Mixing for Reliable Test-Time Adaptation,resolved,https://cml.snu.ac.kr/students/,"Official personal CV, institutional profile, ORCID, then official proceedings or publisher metadata",2026-03-05T23:00:00+01:00,0,identity_resolved_prior_work_incomplete,"The SNU lab listing and official ECCV record resolve the identity, but the accessible institutional page does not provide a complete dated publication list. No eligible prior first-listed paper was verified; exact zero is not asserted. The MixTTA arXiv record is dated after the cutoff and is not a prior eligible publication."
cai_18cbfg7,Min Hyeok Bang,Jeonbuk National University,KOREAN_UNIVERSITY_GRAD_SCIENCE_INSTITUTE,1,4174,Geometry-Aware Style Transfer in 3D Gaussian Splatting,resolved,https://oweixx.github.io/,"Official personal CV, institutional profile, ORCID, then official proceedings or publisher metadata",2026-03-05T23:00:00+01:00,0,identity_resolved_prior_work_complete,"The official personal publication list contains only the ECCV 2026 paper, which is after the 2026-03-05 cutoff. The official VILab page confirms the same work and student context. Exact prior eligible first-author count is zero."
cai_19cht8g,Min-Jung Kim,KAIST,KOREAN_UNIVERSITY_GRAD_SCIENCE_INSTITUTE,1,4255,Infinite-Homography as Robust Conditioning for Camera-Controlled Video Generation,resolved,https://emjay73.github.io/,"Official personal CV, institutional profile, ORCID, then official proceedings or publisher metadata",2026-03-05T23:00:00+01:00,0,identity_resolved_prior_work_complete,"The official publication list was reviewed for scoped venues through the 2026-03-05T23:00:00+01:00 cutoff. Min-Jung Kim is not first-listed on the scoped prior works shown (CVPR 2025, ECCV 2024, ICCV 2023); WACV and other out-of-scope works are excluded. Exact prior eligible first-author count is 0. ECCV 2026 itself is after the cutoff and excluded."
cai_llao67,Min-Su Park,Sung Kyun Kwan University; Sung Kyun Kwan University,KOREAN_UNIVERSITY_GRAD_SCIENCE_INSTITUTE,1,5724,MagnetGS-Mesh: High-Quality Multi-Object Mesh Reconstruction via Adaptive Surface Optimization,resolved,https://imclab.skku.edu/students/,"Official personal CV, institutional profile, ORCID, then official proceedings or publisher metadata",2026-03-05T23:00:00+01:00,0,identity_resolved_prior_work_incomplete,"Identity is resolved, but the official profile does not expose a complete historical publication list. No eligible prior first-listed work was verified from authoritative proceedings during this shard review; exact zero is not asserted. ECCV 2026 itself is after the cutoff and excluded."
cai_1avphu5,Mingi Kim,Chungnam National University,KOREAN_UNIVERSITY_GRAD_SCIENCE_INSTITUTE,1,4696,BrepCoder: A Unified Multimodal Large Language Model for Multi-task B-rep Reasoning,resolved,https://mingikim1.github.io/,"Official personal CV, institutional profile, ORCID, then official proceedings or publisher metadata",2026-03-05T23:00:00+01:00,0,identity_resolved_prior_work_incomplete,"No eligible prior first-listed work was verified. The identified official works (BrepCoder arXiv/2026 and Comp-PointLLM, Journal of Computational Design and Engineering, May 2026) are either after the cutoff or outside the scoped venues. The public profile does not provide a complete historical venue ledger, so exact zero is not asserted. ECCV 2026 is excluded by cutoff."
cai_1s3524l,Mingi Kwon,Yonsei University,KOREAN_UNIVERSITY_GRAD_SCIENCE_INSTITUTE,1,5470,JAM-Flow: Joint Audio-Motion Synthesis with Flow Matching,resolved,https://sites.google.com/view/mingikwon,"Official personal CV, institutional profile, ORCID, then official proceedings or publisher metadata",2026-03-05T23:00:00+01:00,1,identity_resolved_prior_work_incomplete,The homepage identifies multiple first-or-co-first papers but does not by itself distinguish author order. At least one earlier eligible first-listed ECCV paper is independently confirmed; exhaustive first-listed count remains pending.
cai_lgn1f2,Mingue Park,Korea Advanced Institute of Science & Technology,KOREAN_UNIVERSITY_GRAD_SCIENCE_INSTITUTE,1,4304,DiverseVAR: Balancing Diversity and Quality of Next-Scale Visual Autoregressive Models,resolved,https://uygnim99.github.io/,"Official personal CV, institutional profile, ORCID, then official proceedings or publisher metadata",2026-03-05T23:00:00+01:00,0,identity_resolved_prior_work_complete,The official publication list was reviewed against the cutoff. PairFlow (ICLR 2026) and Token Warping (CVPR 2026) have 2026 conference/proceedings timing after the 2026-03-05 cutoff; DiverseVAR is the ECCV 2026 candidate itself; the remaining listed work is a preprint. No eligible prior first-listed scoped paper exists. Exact prior eligible first-author count is 0.
cai_10q2myd,Mingyeong Song,Ewha Women's University,KOREAN_UNIVERSITY_GRAD_SCIENCE_INSTITUTE,1,5007,JointHOI: Jointly Generating Contact Maps Enhances Hand Object Interaction Generation,resolved,https://smk11602.github.io/,"Official personal CV, institutional profile, ORCID, then official proceedings or publisher metadata",2026-03-05T23:00:00+01:00,0,identity_resolved_prior_work_complete,Official personal and lab publication lists show JointHOI (ECCV 2026) and SIREN (ICASSP 2026); neither is a prior eligible scoped paper before the cutoff (ICASSP is out of scope and 2026 timing is after cutoff). Exact prior eligible first-author count is 0.
cai_1c6rbs6,Minh Son Hoang,Korea Advanced Institute of Science & Technology,KOREAN_UNIVERSITY_GRAD_SCIENCE_INSTITUTE,1,4909,FreqOrtho-SR: Frequency-Guided Orthogonal Expert Learning for Real-World Image Super-Resolution,resolved,https://cs.kaist.ac.kr/people/msstudents,"Official personal CV, institutional profile, ORCID, then official proceedings or publisher metadata",2026-03-05T23:00:00+01:00,0,identity_resolved_prior_work_incomplete,"No scoped first-listed prior was verified; available official profile is not a complete publication CV, so exact zero is not asserted."
cai_1h8liem,Minh-Quan Bui,Korea Advanced Institute of Science & Technology,KOREAN_UNIVERSITY_GRAD_SCIENCE_INSTITUTE,1,3540,AirSplat: Alignment and Rating for Robust Feed-Forward 3D Gaussian Splatting,unresolved,,"Official personal CV, institutional profile, ORCID, then official proceedings or publisher metadata",2026-03-05T23:00:00+01:00,0,identity_unresolved_prior_work_incomplete,AirSplat is the target ECCV 2026 paper and not prior to cutoff; similarly named search leads were not used as identity proof.
cai_zrrap3,Minjoon Jung,Seoul National University,KOREAN_UNIVERSITY_GRAD_SCIENCE_INSTITUTE,1,3203,EgoExo-Con: Exploring View-Invariant Video Temporal Understanding,resolved,https://minjoong507.github.io/bio.html,"Official personal CV, institutional profile, ORCID, then official proceedings or publisher metadata",2026-03-05T23:00:00+01:00,0,identity_resolved_prior_work_incomplete,"Official site lists WACV 2025 first-author work, outside scope; no scoped prior was verified and exact zero is not asserted."
cai_1klag93,Minjun Kang,KAIST,KOREAN_UNIVERSITY_GRAD_SCIENCE_INSTITUTE,1,3876,GeoNVS: Geometry Grounded Video Diffusion for Novel View Synthesis,resolved,https://www.ecva.net/papers/eccv_2022/papers_ECCV/papers/136680176.pdf,"Official personal CV, institutional profile, ORCID, then official proceedings or publisher metadata",2026-03-05T23:00:00+01:00,1,identity_resolved_prior_work_complete,ECCV 2022 establishes not-first; later CVPR 2025 Any6D lists Kang third and is not counted.
cai_1gi6tzf,Minkuk Kim,Kyung Hee University,KOREAN_UNIVERSITY_GRAD_SCIENCE_INSTITUTE,1,4667,ReQuest: Rethinking-based Question-Aware Frame Selection for Long-Form Video QA,resolved,https://ami.khu.ac.kr/people/students/MinKukKim/,"Official personal CV, institutional profile, ORCID, then official proceedings or publisher metadata",2026-03-05T23:00:00+01:00,1,identity_resolved_prior_work_complete,CVPR 2024 first-author paper establishes not-first; ECCV 2026 target is post-cutoff.
cai_xaq0nr,MINSEOK KANG,Yonsei University,KOREAN_UNIVERSITY_GRAD_SCIENCE_INSTITUTE,1,5209,Revisiting Weakly-Supervised Video Scene Graph Generation via Pair Affinity Learning,resolved,https://minseokii.github.io/,"Official personal CV, institutional profile, ORCID, then official proceedings or publisher metadata",2026-03-05T23:00:00+01:00,1,identity_resolved_prior_work_incomplete,One verified eligible prior first-listed NeurIPS paper establishes that the candidate is not first-time. Exact count is not claimed because the profile is not an exhaustive venue-by-venue ledger.
cai_1nwybj5,Moonsoo Jeong,Sungkyunkwan University,KOREAN_UNIVERSITY_GRAD_SCIENCE_INSTITUTE,1,4346,SharpGS: Sharpness-Preserving 3D Gaussian Splatting with Differentiable Blur-Driven Density Control,resolved,https://orcid.org/0000-0001-5268-2371,"Official personal CV, institutional profile, ORCID, then official proceedings or publisher metadata",2026-03-05T23:00:00+01:00,1,identity_resolved_prior_work_incomplete,"One verified eligible prior first-listed NeurIPS paper establishes not-first. The ORCID record is not a guaranteed exhaustive venue ledger, so exact count is not claimed."
cai_11z16or,Moonyeon Jeong,"Computer Vision Lab, University of Seoul",KOREAN_UNIVERSITY_GRAD_SCIENCE_INSTITUTE,1,3759,ViewSplat: View-Adaptive Dynamic Gaussian Splatting for Feed-Forward Synthesis,resolved,https://cvlab.uos.ac.kr/,"Official personal CV, institutional profile, ORCID, then official proceedings or publisher metadata",2026-03-05T23:00:00+01:00,0,identity_resolved_prior_work_complete,The official UOS CVLab publication page lists ViewSplat and the lab's complete earlier venue publications; Moonyeon Jeong does not appear on any earlier listed eligible work. The ECCV 2026 item is after the cutoff and excluded. Exact zero prior eligible first-author count is therefore supported by the official lab publication list.
cai_1odzw09,MYOUNG-CHUL KIM,Kyung Hee University,KOREAN_UNIVERSITY_GRAD_SCIENCE_INSTITUTE,1,4744,CLUE-VAD: Structured Semantic Clues for Understanding Explainable Events in Video Anomaly Detection,resolved,https://vslab.khu.ac.kr/team/,"Official personal CV, institutional profile, ORCID, then official proceedings or publisher metadata",2026-03-05T23:00:00+01:00,0,identity_resolved_prior_work_incomplete,"The official AAAI 2026 RefineVAD paper lists MyoungChul Kim third, not first, and is before the cutoff but does not count. CLUE-VAD was an ICLR 2026 submission, not an eligible published prior. No eligible prior first-listed work was verified; exact zero is not claimed."
cai_f1p5x0,Myungchul Kim,Korea Advanced Institute of Science & Technology,KOREAN_UNIVERSITY_GRAD_SCIENCE_INSTITUTE,1,4039,"ARGOS: Who, Where, and When in Agentic Multi-Camera Person Search",resolved,https://kr.linkedin.com/in/myungchul-jaden-kim,"Official personal CV, institutional profile, ORCID, then official proceedings or publisher metadata",2026-03-05T23:00:00+01:00,0,identity_resolved_prior_work_incomplete,"The verified prior WACV 2021 paper has Myungchul Kim first but WACV is outside the fixed venue scope. The official CVPR 2024 MTMMC paper includes him fourth, not first. ARGOS is dated April 2026, after the cutoff. No eligible prior first-listed work was verified; exact zero is not claimed."
cai_gp25hv,Na Min An,KAIST AI,KOREAN_UNIVERSITY_GRAD_SCIENCE_INSTITUTE,1,3141,"Blind to Position, Biased in Language: Probing Mid-Layer Representational Bias in Vision-Language Encoders for Zero-Shot Language-Grounded Spatial Understanding",resolved,https://namin-an.github.io/assets/pdf/CV_NaMinAn.pdf,"Official personal CV, institutional profile, ORCID, then official proceedings or publisher metadata",2026-03-05T23:00:00+01:00,0,identity_resolved_prior_work_complete,"The official CV publication list was reviewed against the defined venues and cutoff. Earlier listed works are EMNLP, ACL, EACL, COLM, IJCNN, and non-scope journals. CVPR 2026, COLM 2026, and ECCV 2026 are after the 2026-03-05 cutoff. Exact eligible prior first-listed count is zero."
cai_1vksya3,Nahyuk Lee,POSTECH,KOREAN_UNIVERSITY_GRAD_SCIENCE_INSTITUTE,1,3567,TORA: Topological Representation Alignment for 3D Shape Assembly,resolved,https://nahyuklee.github.io/pdf/cv.pdf,"Official personal CV, institutional profile, ORCID, then official proceedings or publisher metadata",2026-03-05T23:00:00+01:00,2,identity_resolved_prior_work_complete,Two eligible prior first-listed works are verified. Both are marked equal contribution in the CV; first-listed authorship is counted and the equal-contribution note is retained. The ECCV 2026 TORA paper is after the cutoff.
cai_12doui9,Saad Wazir,"Korea Advanced Institute of Science & Technology (KAIST), Daejeon",KOREAN_UNIVERSITY_GRAD_SCIENCE_INSTITUTE,1,4399,MedCAGD: Context-Aware Gated Decoder for Robust Medical Image Segmentation,resolved,https://sites.google.com/view/saad-wazir?authuser=0,"Official personal CV, institutional profile, ORCID, then official proceedings or publisher metadata",2026-03-05T23:00:00+01:00,1,identity_resolved_prior_work_incomplete,At least one earlier eligible first-listed paper is verified. Exhaustive count still pending.
cai_1hqfvre,Sang-Hun Han,Gwangju Institute of Science and Technology,KOREAN_UNIVERSITY_GRAD_SCIENCE_INSTITUTE,1,4193,PIAvatar: Physically Interactive Avatars via Deformation Gradient Decoupling,resolved,https://sites.google.com/site/hgjeoncv/team,"Official personal CV, institutional profile, ORCID, then official proceedings or publisher metadata",2026-03-05T23:00:00+01:00,0,identity_resolved_prior_work_incomplete,"Identity is linked to the GIST team, but the available official page has no publication list. No eligible prior work was counted; exact zero cannot be asserted."
cai_3zlwkk,Sanghyun Jo,OGQ,KOREAN_COMPANY,2,5267; 5373,EraseLoRA: MLLM-Driven Foreground Exclusion and Background Subtype Aggregation for Dataset-Free Object Removal || ISAC: Training-Free Instance-to-Semantic Attention Control for Multi-Instance Generation,resolved,https://shjo-april.github.io/,"Official personal CV, institutional profile, ORCID, then official proceedings or publisher metadata",2026-03-05T23:00:00+01:00,4,identity_resolved_prior_work_complete,Four eligible prior first-listed works are verified. COIN (ICCV 2025) and TTD (ECCV 2024) are first-listed co-first; DHR (ECCV 2024) and MARS (ICCV 2023) are first-listed. ICLR 2026 and later works are after the cutoff; ICIP is out of scope.
cai_14mb7nm,Sangkyu Lee,Korea Institute of Science and Technology,KOREAN_RESEARCH_INSTITUTE,1,4249,Spanning Tree Autoregressive Visual Generation,resolved,https://oddqueue.github.io/,"Official personal CV, institutional profile, ORCID, then official proceedings or publisher metadata",2026-03-05T23:00:00+01:00,1,identity_resolved_prior_work_complete,One eligible prior first-listed work is verified: NeurIPS 2025. ECCV 2026 and CoRL 2026 are after the cutoff; ACL and AAAI are outside the defined venue scope.
cai_1cqvt79,Sangmin Han,LG Electronics,KOREAN_COMPANY,1,4269,LIIFusion: Coarse-to-fine Framework for Generative MEF via Implicit Neural Representation,resolved,https://sites.google.com/view/sangmin-han/home,"Official personal CV, institutional profile, ORCID, then official proceedings or publisher metadata",2026-03-05T23:00:00+01:00,0,identity_resolved_prior_work_complete,Official publication list was reviewed through the 2026 cutoff. The listed CVPR 2025 LSRNA and ORIDa papers include Han but do not list him first; APT is an arXiv preprint. No eligible prior first-listed paper was found. ECCV 2026 LIIFusion is after the cutoff and is excluded.
cai_2jvtue,Sangmin Hong,Seoul National University,KOREAN_UNIVERSITY_GRAD_SCIENCE_INSTITUTE,1,5719,PrintAnything: Learning Geometric Plan Map for 3D Printing G-code Generation from Unoriented Point Clouds,resolved,https://sangminhong.github.io/,"Official personal CV, institutional profile, ORCID, then official proceedings or publisher metadata",2026-03-05T23:00:00+01:00,0,identity_resolved_prior_work_complete,"Official personal publication list and official CVF records were reviewed. ACL-SPC (CVPR 2023) and CNC-Net (CVPR 2024) list Hong second, with equal-contribution marks, so neither counts as first-listed authorship. Shape2Gcode is an ICLR 2026 withdrawn submission and not an eligible published main-conference paper. No eligible prior first-listed paper was found."
cai_1t1e77d,Sangwon Baik,Seoul National University,KOREAN_UNIVERSITY_GRAD_SCIENCE_INSTITUTE,1,3785,Text-Guided 6D Object Pose Rearrangement via Closed-Loop VLM Agents,resolved,https://tlb-miss.github.io/,"Official personal CV, institutional profile, ORCID, then official proceedings or publisher metadata",2026-03-05T23:00:00+01:00,1,identity_resolved_prior_work_complete,One eligible prior first-listed main-conference paper was verified. The NeurIPS 2025 paper on the personal site lists Baik second (equal contribution) and is excluded from the primary first-listed count. ECCV 2026 paper is after the cutoff and is excluded.
cai_1s7xdxh,Sangwoo (Jason) Jo,Korea University,KOREAN_UNIVERSITY_GRAD_SCIENCE_INSTITUTE,1,5358,Flow Straight to Reality: Perceptually Consistent Flow Matching for Efficient Image Restoration,resolved,https://github.com/jasonjo97,"Official personal CV, institutional profile, ORCID, then official proceedings or publisher metadata",2026-03-05T23:00:00+01:00,0,identity_resolved_prior_work_incomplete,"The candidate's self-report says ECCV 2026 is his first publication during the PhD, and the official lab page lists only the ECCV paper plus a pre-2026 preprint section directing to Google Scholar. A CVPR 2024 workshop item appears in a LinkedIn activity post and is out of scope. No eligible prior first-listed main-conference or RA-L paper was verified, but exact zero is not asserted because the complete pre-2026 publication record was not available from an official CV."
cai_40wpfu,Sehyun Lee,KAIST (Korea Advanced Institute of Science and Technology),KOREAN_UNIVERSITY_GRAD_SCIENCE_INSTITUTE,1,5239,SPICE: Simple Polysemantic feature Interpretation via Clustering-based Explanations,resolved,https://sailab.kaist.ac.kr/en/members,"Official personal CV, institutional profile, ORCID, then official proceedings or publisher metadata",2026-03-05T23:00:00+01:00,0,identity_resolved_prior_work_complete,"Official KAIST profile's full publication record was reviewed. Granular Concept Circuits (ICCV 2025) and Implicit Contrastive Representation Learning (NeurIPS 2023) list Lee second with co-first/equal-contribution notation, so neither counts as first-listed authorship. No eligible prior first-listed paper was found. ECCV 2026 SPICE is after the cutoff and excluded."
cai_1bw2xeo,Seo-Yeon Choi,Jeonbuk National University,KOREAN_UNIVERSITY_GRAD_SCIENCE_INSTITUTE,1,5444,Semantic Line Diffusion: Character-Consistent Line Art from text-annotated Storyboards,resolved,https://jbnu.macs.or.kr/en/people/,"Official personal CV, institutional profile, ORCID, then official proceedings or publisher metadata",2026-03-05T23:00:00+01:00,0,identity_resolved_prior_work_incomplete,No eligible pre-cutoff first-listed paper was found in the reviewed official MACS Lab profile/publication material. Exact zero is not asserted because exhaustive review of all eligible venues remains incomplete.
cai_38vyss,Seohyun Lee,Kaist,KOREAN_UNIVERSITY_GRAD_SCIENCE_INSTITUTE,1,5813,VideoSearch-R1: Iterative Video Retrieval and Reasoning via Soft Query Refinement,resolved,https://www.seohyunleee.com/,"Official personal CV, institutional profile, ORCID, then official proceedings or publisher metadata",2026-03-05T23:00:00+01:00,0,identity_resolved_prior_work_incomplete,No eligible pre-cutoff first-listed paper was found in the reviewed official personal site and KAIST MLV publication list. The list contains later 2026 works (including ECCV 2026 and CVPR 2026) that are after the cutoff or non-first-listed. Exact zero is not asserted because exhaustive review remains incomplete.
cai_1u82pxo,Seok-Young Kim,KAIST,KOREAN_UNIVERSITY_GRAD_SCIENCE_INSTITUTE,1,3937,DepWorldSG: Depth-Aware 3D Semantic Scene Graph Generation via World-Model Priors,resolved,https://seokyoung.com/,"Official personal CV, institutional profile, ORCID, then official proceedings or publisher metadata",2026-03-05T23:00:00+01:00,0,identity_resolved_prior_work_incomplete,"No eligible pre-cutoff first-listed paper was found in the reviewed official personal site/CV. Listed prior works are TVCG 2026, SIGGRAPH Asia 2025 demo, UIST Adjunct 2025, and domestic conferences, none eligible under the defined scope. Exact zero is not asserted because exhaustive review remains incomplete."
cai_mfsxnt,Seokha Moon,Korea University,KOREAN_UNIVERSITY_GRAD_SCIENCE_INSTITUTE,1,3241,Streaming Dense Voxel Representations for 3D Occupancy Prediction,resolved,https://moonseokha.github.io/,"Official personal CV, institutional profile, ORCID, then official proceedings or publisher metadata",2026-03-05T23:00:00+01:00,1,identity_resolved_prior_work_incomplete,At least one eligible prior first-listed main-conference paper is verified. Exact count is not asserted because exhaustive review of all eligible venues remains incomplete. Other reviewed works such as WACV 2024 and WACV 2026 are outside the fixed venue scope.
cai_kh2ms1,Seokhee Jin,Pohang University of Science and Technology,KOREAN_UNIVERSITY_GRAD_SCIENCE_INSTITUTE,1,4284,AdaBoosting Text Prompts for Vision-Language Models,resolved,https://sung0503.github.io/TPB/,"Official personal CV, institutional profile, ORCID, then official proceedings or publisher metadata",2026-03-05T23:00:00+01:00,0,identity_resolved_prior_work_incomplete,No eligible pre-cutoff first-listed paper was found in the reviewed official material. Active Prompt Learning with Vision-Language Model Priors is a 2025 TMLR paper (out of the fixed venue scope) and does not count; the ECCV 2026 candidate is after the cutoff. Exact zero is not asserted because exhaustive review remains incomplete.
cai_mpz21o,Seokju Yun,KAIST AI,KOREAN_UNIVERSITY_GRAD_SCIENCE_INSTITUTE,1,4586,StAR: Segment Anything Reasoner,resolved,https://davian.kaist.ac.kr/people,"Official personal CV, institutional profile, ORCID, then official proceedings or publisher metadata",2026-03-05T23:00:00+01:00,1,identity_resolved_prior_work_incomplete,One eligible prior first-listed CVPR main-conference paper was verified. Exact all-venue count is not asserted because exhaustive review across every scoped venue was not completed; ECCV 2026 is after the cutoff.
cai_xku1g9,SeokYeong Lee,Korea Advanced Institute of Science & Technology,KOREAN_UNIVERSITY_GRAD_SCIENCE_INSTITUTE,1,4690,PLOT: Pseudo-Labeling via Object Tracking for Monocular 3D Object Detection,resolved,https://kr.linkedin.com/in/seokyeong-lee-852a96191,"Official personal CV, institutional profile, ORCID, then official proceedings or publisher metadata",2026-03-05T23:00:00+01:00,0,identity_resolved_prior_work_incomplete,"No prior eligible first-listed paper was found in this limited review. MAIR (CVPR 2023) is eligible but SeokYeong Lee is second-listed, so it is retained only as identity-linked non-first evidence; exact zero is not asserted. ECCV 2026 is after the cutoff."
cai_1yx3xks,Seonghak Lee,Chung-Ang University,KOREAN_UNIVERSITY_GRAD_SCIENCE_INSTITUTE,1,4747,URHead: A Unified UV-Space Representation for Joint Mesh–3DGS Optimization in Head Avatars,resolved,https://lseonghak.github.io/website/,"Official personal CV, institutional profile, ORCID, then official proceedings or publisher metadata",2026-03-05T23:00:00+01:00,0,identity_resolved_prior_work_incomplete,"The official CV lists prior ASRU workshop, ECCV workshop, ICCE, ICTC, and journals, none in the scoped eligible main-conference/RA-L set. Exact zero is not asserted because the review was not exhaustive; ECCV 2026 is after cutoff."
cai_19esvks,Seonghwan Park,Korea Electronics Technology Institute (KETI),KOREAN_RESEARCH_INSTITUTE,1,5630,Exploiting Local Flatness for Efficient Out-of-Distribution Detection,resolved,https://shpark97.github.io/,"Official personal CV, institutional profile, ORCID, then official proceedings or publisher metadata",2026-03-05T23:00:00+01:00,2,identity_resolved_prior_work_incomplete,At least two eligible prior first-listed papers were verified (NeurIPS 2025 and ICLR 2025). Exact count is not asserted because exhaustive review across all scoped venues was not completed; ECCV 2026 is after cutoff.
cai_1a61p0s,Seonghyun Jin,Korea Advanced Institute of Science & Technology,KOREAN_UNIVERSITY_GRAD_SCIENCE_INSTITUTE,1,4732,FILT3R: Latent State Adaptive Kalman Filter for Streaming 3D Reconstruction,resolved,https://jinotter3.github.io/,"Official personal CV, institutional profile, ORCID, then official proceedings or publisher metadata",2026-03-05T23:00:00+01:00,0,identity_resolved_prior_work_incomplete,"No eligible prior main-conference/RA-L first-listed work was found in the limited review; the official site lists only ECCV 2026 and an ECCV 2026 workshop item, both after the cutoff or excluded. Exact zero is not asserted."
cai_12g2vk1,Seongmin Jung,Seoul National University,KOREAN_UNIVERSITY_GRAD_SCIENCE_INSTITUTE,1,4323,PanoGrounder: Bridging 2D and 3D with Panoramic Scene Representations for VLM-based 3D Visual Grounding,resolved,https://seongminjung.github.io/,"Official personal CV, institutional profile, ORCID, then official proceedings or publisher metadata",2026-03-05T23:00:00+01:00,0,identity_resolved_prior_work_incomplete,"The official profile lists no eligible pre-cutoff top-tier first-author paper; the only listed research paper is the ECCV 2026 candidate itself (after the cutoff), while another item is in preparation. Exact zero is not asserted because no exhaustive dated CV was available."
cai_z352tg,Seongyu Kim,KAIST,KOREAN_UNIVERSITY_GRAD_SCIENCE_INSTITUTE,1,4376,See & Sniff: Learning Visuo-Olfactory Representations,resolved,https://seongyukim.github.io/,"Official personal CV, institutional profile, ORCID, then official proceedings or publisher metadata",2026-03-05T23:00:00+01:00,0,identity_resolved_prior_work_incomplete,"The official profile lists CVPR 2025 Seeing Speech and Sound with Seongyu Kim second-listed, and CVPR 2026 Seeing Through Touch after the cutoff; neither is an eligible prior first-author paper. Exact zero is not asserted because no exhaustive dated CV was available."
cai_1b0qrk4,Seonho Lee,Sogang university,KOREAN_UNIVERSITY_GRAD_SCIENCE_INSTITUTE,1,5958,Remembering Across Blocks: Topology-Conditioned Block-Progressive Memory for Skeleton-Based Action Recognition,resolved,https://glanceyes.github.io/,"Official personal CV, institutional profile, ORCID, then official proceedings or publisher metadata",2026-03-05T23:00:00+01:00,0,identity_resolved_prior_work_incomplete,"The official CVML publication list shows Fine-Grained Image-Text Correspondence (CVPR 2025) with Jiho Choi first and Seonho Lee second; other listed works are workshops, Findings, or post-cutoff. No verified eligible prior first-listed paper was found, but exact zero is not asserted without an exhaustive CV."
cai_10dcrrm,Seonmi Park,Gwangju Institute of Science and Technology,KOREAN_UNIVERSITY_GRAD_SCIENCE_INSTITUTE,1,3674,Bridging Online and Offline Handwriting via Differentiable Physical Rendering,resolved,https://seonmip.github.io/,"Official personal CV, institutional profile, ORCID, then official proceedings or publisher metadata",2026-03-05T23:00:00+01:00,1,identity_resolved_prior_work_incomplete,KineTy is a verified eligible prior ECCV 2024 main-conference paper with Seonmi Park first-listed. The ECCV 2026 OnOff candidate is after the cutoff and excluded. One verified prior establishes that the candidate is not first-author-free; exact count remains unreviewed.
cai_1j0rfa6,Seulgi Jeong,SNOW Corporation,KOREAN_COMPANY,1,5686,"H-Adapter: Pose-Robust Hairstyle Transfer via Attention-Derived, Source-Aligned Hair Masks",unresolved,,"Official personal CV, institutional profile, ORCID, then official proceedings or publisher metadata",2026-03-05T23:00:00+01:00,0,identity_unresolved_prior_work_incomplete,MINDiff is explicitly an ICCV 2025 workshop paper and excluded from the fixed eligible venue scope even if the identity were confirmed. H-Adapter is the ECCV 2026 candidate itself and after cutoff. No eligible prior work is entered.
cai_1lzj1na,Seunghun Baek,Pohang University of Science and Technology (POSTECH),KOREAN_UNIVERSITY_GRAD_SCIENCE_INSTITUTE,1,3678,Residual-Guided Expert Specialization for Incomplete Multimodal Learning,resolved,https://habaek4.github.io/,"Official personal CV, institutional profile, ORCID, then official proceedings or publisher metadata",2026-03-05T23:00:00+01:00,0,identity_resolved_prior_work_incomplete,"No pre-cutoff eligible first-listed paper was verified. Mark4D is a CVPR 2026 paper after the cutoff and is not counted; the official CV also records no other eligible venue first-author work, but an exhaustive venue-by-venue review was not completed."
cai_1e8w2lv,Seunghyeon Kim,POSTECH,KOREAN_UNIVERSITY_GRAD_SCIENCE_INSTITUTE,1,5152,Activation Quantization of Vision Encoders Needs Prefixing Registers,resolved,https://ace.postech.ac.kr/people,"Official personal CV, institutional profile, ORCID, then official proceedings or publisher metadata",2026-03-05T23:00:00+01:00,0,identity_resolved_prior_work_incomplete,"No pre-cutoff eligible scoped-venue first-author paper was verified. The matching RegCache paper is an arXiv preprint and ICLR 2026 submission, with no eligible proceedings publication by the cutoff; exact zero is not certified."
cai_hebl81,Seunghyun Shin,"AI Graduate School, Gwangju Institute of Science and Technology(GIST)",KOREAN_UNIVERSITY_GRAD_SCIENCE_INSTITUTE,1,3398,TriMotion: Modality-Agnostic Camera Control for Video Generation,resolved,https://www.seunghyunshin.com/,"Official personal CV, institutional profile, ORCID, then official proceedings or publisher metadata",2026-03-05T23:00:00+01:00,2,identity_resolved_prior_work_incomplete,Two verified pre-cutoff eligible first-listed papers establish that the candidate is not a first eligible paper author. The exact prior count was not exhaustively reconciled across every scoped venue.
cai_mphq7f,SeungJun Tak,Sungkyunkwan University,KOREAN_UNIVERSITY_GRAD_SCIENCE_INSTITUTE,1,3180,Real-Time LiDAR Gaussian Splatting SLAM via Geometry-Aware Covariance Coupling,resolved,https://sites.google.com/view/taks-personal-page/,"Official personal CV, institutional profile, ORCID, then official proceedings or publisher metadata",2026-03-05T23:00:00+01:00,0,identity_resolved_prior_work_incomplete,No pre-cutoff eligible first-author paper was verified in the official personal page or SKKU lab publication record. The matching ECCV 2026 paper is after cutoff and is not counted; exact zero remains uncertified.
cai_1itydzn,Seungyeon Lee,Kyungpook National University,KOREAN_UNIVERSITY_GRAD_SCIENCE_INSTITUTE,1,4769,Direct Preference Optimization for Perceptual Alignment via Vision-Language Consistency,resolved,https://openreview.net/profile?id=~Seungyeon_Lee1,"Official personal CV, institutional profile, ORCID, then official proceedings or publisher metadata",2026-03-05T23:00:00+01:00,0,identity_resolved_prior_work_incomplete,No eligible pre-cutoff first-author paper was verified in the official OpenReview profile. The ECCV 2026 candidate paper is after cutoff; exact zero remains uncertified.
cai_1nugdnl,Shingeon Kim,Seoul National University,KOREAN_UNIVERSITY_GRAD_SCIENCE_INSTITUTE,1,4093,STARLINC: Satellite Trail Artifact Removal using Inter-Frame Correlation,resolved,https://ais.snu.ac.kr/members/ShingeonKim.html,"Official personal CV, institutional profile, ORCID, then official proceedings or publisher metadata",2026-03-05T23:00:00+01:00,0,identity_resolved_prior_work_incomplete,"No eligible prior first-listed top-tier work was found in the official profile's listed record, but an exhaustive review across all scoped venues was not completed, so exact zero is not asserted. The ApJ papers listed for 2026 are outside the venue scope and after the cutoff; ECCV 2026 is after the cutoff."
cai_3e36ya,Siwoo Lim,KAIST,KOREAN_UNIVERSITY_GRAD_SCIENCE_INSTITUTE,1,5791,TanGO: Training-Free 3D Editing via Tangent-Space Guidance and Optimization,resolved,https://siw00-lim.github.io/,"Official personal CV, institutional profile, ORCID, then official proceedings or publisher metadata",2026-03-05T23:00:00+01:00,0,identity_resolved_prior_work_incomplete,"The official publication list contains only 2026 ICML/ECCV works, all after the 2026-03-05 cutoff; no eligible prior first-listed work was found there. Exact zero is not asserted because all scoped venues were not exhaustively reviewed."
cai_9kzriy,Sojung An,Korea University,KOREAN_UNIVERSITY_GRAD_SCIENCE_INSTITUTE,1,5809,LoCA: Spatially-Aware Low-Rank Convolutional Adaptation of Vision Foundation Models,resolved,https://utl.korea.ac.kr/team/,"Official personal CV, institutional profile, ORCID, then official proceedings or publisher metadata",2026-03-05T23:00:00+01:00,0,identity_resolved_prior_work_incomplete,"The official UTL publication list shows earlier Sojung An works in an ICCV workshop and journal venues outside the scoped list, while LoCA/ECCV 2026 is after the cutoff. No eligible prior first-listed scoped paper was found in the reviewed official list; exact zero is not asserted."
cai_r6mnbm,Soobin Park,Sookmyung Women's University,KOREAN_UNIVERSITY_GRAD_SCIENCE_INSTITUTE,1,4816,SA-V2V: Training-Free Subject-Aware Video-to-Video Personalization,resolved,https://parksoobin1219.github.io/SA-V2V/,"Official personal CV, institutional profile, ORCID, then official proceedings or publisher metadata",2026-03-05T23:00:00+01:00,0,identity_resolved_prior_work_incomplete,"Reviewed official CVPR/ICCV project records show Soobin Park as a non-first author (CVPR 2025 IDS; ICCV 2025 DRF), so they do not count. The ECCV 2026 SA-V2V paper is after the cutoff. No eligible prior first-listed work was found in the reviewed sources; exact zero is not asserted."
cai_12jd1n6,Soyeon Kim,"Korea Advanced Institute of Science and Technology (KAIST), INEEJI Corp.",KOREAN_COMPANY_AND_ACADEMIC,1,5647,Diffusion Integrated Gradients: Controllable Path Generation for Flexible Feature Attribution,resolved,https://sail.kaist.ac.kr/en/people/soyeon-kim,"Official personal CV, institutional profile, ORCID, then official proceedings or publisher metadata",2026-03-05T23:00:00+01:00,0,identity_resolved_prior_work_incomplete,"The official KAIST SAIL publication list records Soyeon Kim as a non-first author on ICML 2021 and first author on non-scoped HCII 2023, AIES/PLOS Climate 2025, while ICML/KDD/ECCV 2026 entries are after the cutoff. No eligible prior first-listed scoped work was found in the reviewed official list; exact zero is not asserted."
cai_1q5lcj,Suhyeon Ha,KAIST,KOREAN_UNIVERSITY_GRAD_SCIENCE_INSTITUTE,1,4048,APT: Anchor-aligned Perturbations for Tamper Localization in Fully Regenerated Images,resolved,https://suhyeonha.github.io/,"Official personal CV, institutional profile, ORCID, then official proceedings or publisher metadata",2026-03-05T23:00:00+01:00,0,identity_resolved_prior_work_incomplete,"The official publication list was checked for the scoped venues. It lists no prior eligible first-listed main-conference paper; listed prior works are workshops, journals outside RA-L, or papers where Ha is not first. Exact zero is not asserted because an exhaustive venue-by-venue review is pending. ECCV 2026 is after cutoff."
cai_1yvzovh,Sung-Hoon Yoon,Daegu Gyeongbuk Institute of Science and Technology,KOREAN_UNIVERSITY_GRAD_SCIENCE_INSTITUTE,1,3756,DINOde: Continuous Vision-Text Alignment for Open-Vocabulary Semantic Segmentation,resolved,https://scholar.dgist.ac.kr/browse-researcher?filter_field_1=nstscs_top_code&filter_field_2=nstscs_mid_code&filter_type_1=equals&filter_type_2=equals&filter_value_1=EE&filter_value_2=EE02&offset=12&page=2&query=&starts_with=,"Official personal CV, institutional profile, ORCID, then official proceedings or publisher metadata",2026-03-05T23:00:00+01:00,0,identity_resolved_prior_work_incomplete,"DBLP and official ECVA records were checked for prior scoped venues. Yoon is not first-listed on the identified CVPR 2021, ICCV 2021, ECCV 2022, CVPR 2023, CVPR 2024, or ECCV 2024 papers; no eligible prior first-listed work was entered. Exact zero is not asserted pending exhaustive review. ECCV 2026 is after cutoff."
cai_t65o4r,Sunggu Kyung,"Asan Medical Center, University of Ulsan",KOREAN_UNIVERSITY_OR_HOSPITAL,1,5301,Region-Aware Multimodal Large Language Model via SlowFast Tokenization and Pseudo-Mask Guidance for 3D CT Report Generation,resolved,https://www.researchgate.net/profile/Sunggu-Kyung,"Official personal CV, institutional profile, ORCID, then official proceedings or publisher metadata",2026-03-05T23:00:00+01:00,0,identity_resolved_prior_work_incomplete,"The institution-linked publication profile shows no scoped CVPR/ICCV/ECCV/NeurIPS/ICLR/ICML/SIGGRAPH/IROS/ICRA/RA-L first-listed paper among the reviewed works; no prior eligible first-listed work was entered. ResearchGate is supporting identity context only, not sole proof of a count. Exact zero is not asserted. ECCV 2026 is after cutoff."
cai_1wmyvnw,SungHun Kim,Korea University,KOREAN_UNIVERSITY_GRAD_SCIENCE_INSTITUTE,1,4713,Q-TriM: Question-Guided Tri-Modal Attention for Audio–Visual Question Answering,resolved,https://singkru.github.io/,"Official personal CV, institutional profile, ORCID, then official proceedings or publisher metadata",2026-03-05T23:00:00+01:00,0,identity_resolved_prior_work_incomplete,No eligible prior scoped first-listed paper was found in the official lab publication list or targeted venue search. Exact zero is not asserted pending exhaustive review. ECCV 2026 is after cutoff.
cai_11rcyvl,Sungjune Kim,Korea University,KOREAN_UNIVERSITY_GRAD_SCIENCE_INSTITUTE,1,3528,Path-level Hindsight Instructions for Semantic Exploration in Vision-Language Navigation,resolved,https://sungjune-kim.github.io/,"Official personal CV, institutional profile, ORCID, then official proceedings or publisher metadata",2026-03-05T23:00:00+01:00,2,identity_resolved_prior_work_incomplete,"At least two eligible prior first-listed main-conference papers are verified. Review is not exhaustive across all scoped venues, so no exact count is asserted. ECCV 2026 is after cutoff."
cai_1qjm8mt,Sungwoong Yune,KAIST,KOREAN_UNIVERSITY_GRAD_SCIENCE_INSTITUTE,1,5679,FastSTAR: Spatiotemporal Token Pruning for Efficient Autoregressive Video Synthesis,resolved,https://castlab.kaist.ac.kr/team/sungwoong-yune/,"Official personal CV, institutional profile, ORCID, then official proceedings or publisher metadata",2026-03-05T23:00:00+01:00,0,identity_resolved_prior_work_incomplete,No eligible prior first-listed work was verified in the limited review. DAC 2025 and A-SSCC 2025 works are outside the defined venue scope; ECCV 2026 and JSSC 2026 entries are after the cutoff. Exact zero is not asserted.
cai_r292ys,Sunyoung Jung,Yonsei University,KOREAN_UNIVERSITY_GRAD_SCIENCE_INSTITUTE,1,3621,Controlling Motion Transfer in Diffusion Transformers via Attention Heads,resolved,https://sunyj-hxppy.github.io/,"Official personal CV, institutional profile, ORCID, then official proceedings or publisher metadata",2026-03-05T23:00:00+01:00,0,identity_resolved_prior_work_incomplete,No eligible prior first-listed scoped-venue paper was verified. Her listed MICCAI 2024/2025 work is outside scope; the NeurIPS 2025 QWERTY listing names other authors first. Exact zero is not asserted.
cai_hwa1vk,Suwoong Yeom,Sogang University,KOREAN_UNIVERSITY_GRAD_SCIENCE_INSTITUTE,1,5074,TRiGS: Temporal Rigid-Body Motion for Scalable 4D Gaussian Splatting,resolved,https://github.com/YeomSuWoong,"Official personal CV, institutional profile, ORCID, then official proceedings or publisher metadata",2026-03-05T23:00:00+01:00,0,identity_resolved_prior_work_incomplete,"No eligible prior first-listed scoped-venue paper was verified. ICSD-NeRF is an IEEE Transactions on Computational Imaging article (not RA-L), and TRiGS was submitted after the cutoff. Exact zero is not asserted."
cai_1054qqb,Suyoung Yang,Yonsei University,KOREAN_UNIVERSITY_GRAD_SCIENCE_INSTITUTE,1,5723,Attention-Logit Steering to Compositional Generalization for Continual VQA,unresolved,,"Official personal CV, institutional profile, ORCID, then official proceedings or publisher metadata",2026-03-05T23:00:00+01:00,0,identity_unresolved_prior_work_incomplete,No prior work was counted because the identity could not be verified. The ECCV 2026 paper is after the cutoff and is not counted.
cai_1cjlfph,Taeho Kang,Seoul National University,KOREAN_UNIVERSITY_GRAD_SCIENCE_INSTITUTE,1,4552,Cross-View Yaw Estimation in Location Uncertainty with Line-Aligning Yaw Scoring,resolved,https://tho-kn.github.io/,"Official personal CV, institutional profile, ORCID, then official proceedings or publisher metadata",2026-03-05T23:00:00+01:00,1,identity_resolved_prior_work_incomplete,At least one eligible prior first-listed main-conference paper was verified. Exact all-venue count is not asserted; SIGGRAPH Asia 2023 paper lists another author first. ECCV 2026 paper is after cutoff.
cai_kxnc4p,Taehoon Kim,Chung-Ang University,KOREAN_UNIVERSITY_GRAD_SCIENCE_INSTITUTE,1,4132,Preserving Knowledge across Space and Time for Continual Video Deepfake Detection,resolved,https://sites.google.com/vilab.cau.ac.kr/thkim/home,"Official personal CV, institutional profile, ORCID, then official proceedings or publisher metadata",2026-03-05T23:00:00+01:00,1,identity_resolved_prior_work_incomplete,One verified eligible prior first-listed paper establishes that the candidate is not a first-time top-tier first author. The exact count is not asserted because the venue-by-venue review was not exhaustive; ECCV 2026 is after the 2026-03-05 cutoff.
cai_1ek7qzh,Taehun Kong,LG Electronics,KOREAN_COMPANY,1,5016,STVFocus: Query-guided Spatio-Temporal Visual Focusing for Video LLMs,resolved,https://kr.linkedin.com/in/taehun-kong-0521973bb,"Official personal CV, institutional profile, ORCID, then official proceedings or publisher metadata",2026-03-05T23:00:00+01:00,0,identity_resolved_prior_work_incomplete,One eligible prior first-listed ICRA paper is verified from the Tae-Kyun Kim official publication list and identity-linked profile. Exact count is not asserted because the full venue scope was not exhaustively audited; ECCV 2026 is after cutoff. QA removed non-qualifying evidence rows; count reflects first-listed eligible works only.
cai_pp6710,Taeryung Lee,Seoul National University,KOREAN_UNIVERSITY_GRAD_SCIENCE_INSTITUTE,1,4313,SIGNER: Temporally Grounded Sign Language Generation via Time-Resolved Conditioning,resolved,https://taeryunglee.github.io/,"Official personal CV, institutional profile, ORCID, then official proceedings or publisher metadata",2026-03-05T23:00:00+01:00,1,identity_resolved_prior_work_incomplete,One verified eligible prior first-listed ICCV paper establishes not-first-time status. The CV also lists an ICLR 2023 paper where Lee is not first and a CVPR 2024 workshop paper excluded by scope. Exact count is not asserted.
cai_1q7jif8,Taewon Seo,Daegu Gyeongbuk Institute of Science and Technology,KOREAN_UNIVERSITY_GRAD_SCIENCE_INSTITUTE,1,4845,Unified Prediction and Planning via Conflict-Aware Disjoint Parameter Training,resolved,https://taewon-seo.github.io/,"Official personal CV, institutional profile, ORCID, then official proceedings or publisher metadata",2026-03-05T23:00:00+01:00,0,identity_resolved_prior_work_incomplete,No eligible prior first-listed work was found in the official profile's publication list. The list includes only the ECCV 2026 item (after cutoff); exact zero is not asserted because a complete venue-scope review was not performed.
cai_jh8r6a,Taewook Kang,Seoul National University,KOREAN_UNIVERSITY_GRAD_SCIENCE_INSTITUTE,1,4444,Domain Arithmetic: One-Shot VLA Adaptation under Environmental Shifts,resolved,https://twkang43.github.io/,"Official personal CV, institutional profile, ORCID, then official proceedings or publisher metadata",2026-03-05T23:00:00+01:00,0,identity_resolved_prior_work_incomplete,No eligible prior first-listed work was found in the official profile or SNU lab publication page. The listed ICML 2026 work is after the 2026-03-05 cutoff and Kang is not first; EAAI/KSC items are outside scope. Exact zero is not asserted.
cai_1s5beor,Taeyeon Kim,Korea Advanced Institute of Science & Technology,KOREAN_UNIVERSITY_GRAD_SCIENCE_INSTITUTE,1,4778,MorphGS: Morphology-Adaptive Articulated Motion Transfer from Videos,resolved,https://xodus777.github.io/,"Official personal CV, institutional profile, ORCID, then official proceedings or publisher metadata",2026-03-05T23:00:00+01:00,0,identity_resolved_prior_work_incomplete,No eligible prior first-listed paper was found in the limited review. ICIP 2025 is outside the defined venue scope and CKAIA 2024 is outside the scope; the CVPR 2026 item is not prior to the 2026-03-05 cutoff. Exact zero is not asserted.
cai_wa4xuq,Tomislav Dobrički,Chung-Ang University,KOREAN_UNIVERSITY_GRAD_SCIENCE_INSTITUTE,1,3364,Source-Agnostic Image Translation Based on Latent Aware Adaptive Masking,resolved,https://openreview.net/profile?id=~Tomislav_Dobri%C4%8Dki1,"Official personal CV, institutional profile, ORCID, then official proceedings or publisher metadata",2026-03-05T23:00:00+01:00,0,identity_resolved_prior_work_incomplete,The verified 2019 ICIST and 2022 ICTC works are outside the defined venue scope. The ECCV 2026 Source-Agnostic paper is after the cutoff. No eligible prior first-listed work was found in the limited review; exact zero is not asserted.
cai_1ojpzxs,Wongyun Yu,POSTECH,KOREAN_UNIVERSITY_GRAD_SCIENCE_INSTITUTE,1,5090,WristMimic: Full-Body Humanoid Control with Wrist-Guided Manipulation,resolved,https://wongyun-yu.github.io/,"Official personal CV, institutional profile, ORCID, then official proceedings or publisher metadata",2026-03-05T23:00:00+01:00,1,identity_resolved_prior_work_incomplete,At least two eligible prior first-listed works were verified. Exact count is not asserted because the review was not exhaustive across all scoped venues. ECCV 2026 WristMimic is after the cutoff and is excluded.
cai_3qeim2,Wonjin Cho,Seoul National University,KOREAN_UNIVERSITY_GRAD_SCIENCE_INSTITUTE,1,4699,Accurate Zero-shot Quantization via Hierarchical Teacher-Assistant Distillation,resolved,https://likesnu.snu.ac.kr/usr/article/articleDetail.do?article_id=SNUA_000000035194624&lang=en,"Official personal CV, institutional profile, ORCID, then official proceedings or publisher metadata",2026-03-05T23:00:00+01:00,0,identity_resolved_prior_work_incomplete,"The verified IJCAI 2025 paper is eligible but Wonjin Cho is fourth-listed, so it does not count as prior first-listed authorship. No eligible prior first-listed work was found in the limited review; exact zero is not asserted."
cai_1x65kxi,WonJun Moon,Sungkyunkwan University,KOREAN_UNIVERSITY_GRAD_SCIENCE_INSTITUTE,1,3321,Selective Synergistic Learning for Video Object-Centric Learning,resolved,https://wjun0830.github.io/,"Official personal CV, institutional profile, ORCID, then official proceedings or publisher metadata",2026-03-05T23:00:00+01:00,1,identity_resolved_prior_work_incomplete,At least two eligible prior first-listed main-conference papers were verified. The CVPR 2023 paper marks WonJun Moon and Sangeek Hyun as equal contributors; it remains first-listed and is counted under the audit rule. Exact count is not asserted because review was not exhaustive. ECCV 2026 paper is after cutoff and excluded. QA removed non-qualifying evidence rows; count reflects first-listed eligible works only.
cai_7bajau,Woo Jae Kim,Korea Advanced Institute of Science and Technology,KOREAN_UNIVERSITY_GRAD_SCIENCE_INSTITUTE,1,5012,RoME: Robust Mixture of Low-Rank Experts against Multiple Adversarial Perturbations,resolved,https://wkim97.github.io/,"Official personal CV, institutional profile, ORCID, then official proceedings or publisher metadata",2026-03-05T23:00:00+01:00,1,identity_resolved_prior_work_complete,"Feature Separation and Recalibration for Adversarial Robustness is an eligible CVPR 2023 main-conference paper and Woo Jae Kim is first-listed, so the candidate is not first-time under the audit definition. The personal publication list/CV was reviewed through the cutoff; other listed top-tier papers place Kim later in author order."
cai_6zg8qo,Wooseok Jang,Korea Advanced Institute of Science & Technology,KOREAN_UNIVERSITY_GRAD_SCIENCE_INSTITUTE,1,3136,Repurposing Geometric Foundation Models for Multi-view Diffusion,resolved,https://woo1726.github.io/,"Official personal CV, institutional profile, ORCID, then official proceedings or publisher metadata",2026-03-05T23:00:00+01:00,0,identity_resolved_prior_work_complete,"The official personal publication list was reviewed. Its ICLR 2024, ICCV 2023, and other listed top-tier works do not place Jang first; no eligible prior first-listed paper was found before the cutoff. The ECCV 2026 paper itself is after the cutoff."
cai_1tvgayn,Xiangyu Sun,Sung Kyun Kwan University,KOREAN_UNIVERSITY_GRAD_SCIENCE_INSTITUTE,1,4942,Raymap-Guided Coupling for Drift-Robust Unposed Feed-Forward 3D Reconstruction,resolved,https://iris.skku.edu/authors/xiangyu-sun/,"Official personal CV, institutional profile, ORCID, then official proceedings or publisher metadata",2026-03-05T23:00:00+01:00,0,identity_resolved_prior_work_incomplete,"No eligible prior first-listed paper was located in the official IRIS page or official preprint/proceedings records reviewed. The available lab page is not a dated exhaustive CV, so exact zero is not asserted; ECCV 2026 and July 2026 preprint records are after cutoff."
cai_9o9eef,Yeeun Choi,Yonsei University,KOREAN_UNIVERSITY_GRAD_SCIENCE_INSTITUTE,1,5468,Keep It Simple: Multi-Key Episodic Memory Retrieval for Ultra-Long Video Understanding,resolved,https://choi-yeeun.github.io/,"Official personal CV, institutional profile, ORCID, then official proceedings or publisher metadata",2026-03-05T23:00:00+01:00,0,identity_resolved_prior_work_incomplete,"The official personal publication list includes ICCV 2025 Open-ended Hierarchical Streaming Video Understanding, where Choi is fourth-listed, and a CVPRW 2025 workshop paper (excluded by venue type). No eligible prior first-listed paper is listed through the cutoff; ECCV 2026 is after cutoff."
cai_jx2bx,Yeeun Seong,Korea Advanced Institute of Science & Technology,KOREAN_UNIVERSITY_GRAD_SCIENCE_INSTITUTE,1,4156,RainODE: Continuous-Time Precipitation Forecasting with Latent Neural ODEs,resolved,https://cilabs.kaist.ac.kr/members/ph-d,"Official personal CV, institutional profile, ORCID, then official proceedings or publisher metadata",2026-03-05T23:00:00+01:00,0,identity_resolved_prior_work_incomplete,"RainODE is the ECCV 2026 candidate paper and is after the cutoff; its equal-first note is recorded by the official lab page. No earlier eligible first-listed paper was found in the official lab pages reviewed, but they are not an exhaustive dated CV, so exact zero is not asserted."
cai_14sbmjs,Yejee Shin,Yonsei University,KOREAN_UNIVERSITY_GRAD_SCIENCE_INSTITUTE,1,5224,Unified Multi-plane Autoregressive Diffusion for 3D Multi-Contrast MRI Synthesis,resolved,https://yonsei.elsevierpure.com/en/publications/anatomical-consistency-and-adaptive-prior-informed-transformation/,"Official personal CV, institutional profile, ORCID, then official proceedings or publisher metadata",2026-03-05T23:00:00+01:00,1,identity_resolved_prior_work_incomplete,"One eligible prior first-listed CVPR paper was verified. The official-profile/proceedings review was not exhaustive across all scoped venues, so exact count is not asserted. ECCV 2026 is after the cutoff."
cai_1vznhth,Yeobin Hong,KAIST,KOREAN_UNIVERSITY_GRAD_SCIENCE_INSTITUTE,1,4456,InverseCrafter: Efficient Video ReCapture as a Latent Domain Inverse Problem,resolved,https://yeobinhong.github.io/,"Official personal CV, institutional profile, ORCID, then official proceedings or publisher metadata",2026-03-05T23:00:00+01:00,0,identity_resolved_prior_work_incomplete,No eligible prior first-listed paper was verified in the reviewed official profile. The listed ICML 2026 and ECCV 2026 works are after the cutoff; exact zero is not asserted.
cai_zv9xh,Yeonghwan Song,GIST,KOREAN_UNIVERSITY_GRAD_SCIENCE_INSTITUTE,1,3308,Anti-Prompt: Image Protection against Text-Guided Image-to-Video Generation,resolved,https://jeanyson.github.io/lab/members/,"Official personal CV, institutional profile, ORCID, then official proceedings or publisher metadata",2026-03-05T23:00:00+01:00,1,identity_resolved_prior_work_incomplete,One eligible prior first-listed ICCV paper was verified. His CVPR 2025 paper is second-listed and therefore not counted. Review was not exhaustive across all scoped venues; exact count is not asserted.
cai_2nl7la,YeonGyu Han,Seoul National University Hospital,KOREAN_UNIVERSITY_OR_HOSPITAL,1,3700,DRPO: Disentangling Demographic Bias from Rewards for Fair Diffusion Alignment,unresolved,,"Official personal CV, institutional profile, ORCID, then official proceedings or publisher metadata",2026-03-05T23:00:00+01:00,0,identity_unresolved_prior_work_incomplete,Identity is unresolved; no prior-work count is asserted. The candidate ECCV paper is after the cutoff and is not counted.
cai_xr8msq,Yeonkyeong Lee,Kakao,KOREAN_COMPANY,1,5142,Keep-or-Drop? Adaptive Tokenizer for Compact Video Representation,unresolved,,"Official personal CV, institutional profile, ORCID, then official proceedings or publisher metadata",2026-03-05T23:00:00+01:00,0,identity_unresolved_prior_work_incomplete,Identity is unresolved; no prior-work count is asserted. The later KATok preprint (August 2026) is post-cutoff and excluded.
cai_ghq2dv,Yeonwoo Cha,KAIST,KOREAN_UNIVERSITY_GRAD_SCIENCE_INSTITUTE,1,3225,Training-Free Refinement of Flow Matching with Divergence-based Sampling,resolved,https://yeonwoo378.github.io/,"Official personal CV, institutional profile, ORCID, then official proceedings or publisher metadata",2026-03-05T23:00:00+01:00,0,identity_resolved_prior_work_complete,The official publication list was checked against the defined venues and cutoff. FlowBind is an ICLR 2026 conference paper whose conference proceedings are after the 2026-03-05 cutoff; the NeurIPS 2024 paper is not first-listed by Yeonwoo Cha. The ECCV 2026 paper is also after the cutoff. No eligible prior first-listed scoped work was found.
cai_kvpogs,Yewon Han,Seoul National University,KOREAN_UNIVERSITY_GRAD_SCIENCE_INSTITUTE,1,4820,"Two Birds, One Projection: Harmonizing Safety and Utility in LVLMs via Inference-time Feature Projection",resolved,https://arxiv.org/abs/2603.14825,"Official personal CV, institutional profile, ORCID, then official proceedings or publisher metadata",2026-03-05T23:00:00+01:00,0,identity_resolved_prior_work_incomplete,"No eligible prior scoped first-listed paper was located in the official records reviewed. The arXiv record dates the queue-matching paper 2026-03-16, after cutoff. No exhaustive official CV/publication list was found, so exact zero is not asserted."
cai_5z4jk6,Yihalem Yimolal Tiruneh,Ulsan National Institute of Science and Technology,KOREAN_UNIVERSITY_GRAD_SCIENCE_INSTITUTE,1,3675,FlexiAvatar: Unified 3D Gaussian Human Avatars Under Arbitrary Body Visibility,resolved,https://vision.unist.ac.kr/member.html,"Official personal CV, institutional profile, ORCID, then official proceedings or publisher metadata",2026-03-05T23:00:00+01:00,0,identity_resolved_prior_work_incomplete,"No eligible prior scoped first-listed paper was located in the official UNIST lab publication records reviewed. FlexiAvatar is ECCV 2026 and after the cutoff. The lab record is not an exhaustive personal CV, so exact zero is not asserted."
cai_1q2hmkp,Yirum Kim,GIST,KOREAN_UNIVERSITY_GRAD_SCIENCE_INSTITUTE,1,4307,OP3DSG: Open-vocabulary Part-aware 3D Scene Graph Generation for Real-world Environments,resolved,https://k2room.github.io/,"Official personal CV, institutional profile, ORCID, then official proceedings or publisher metadata",2026-03-05T23:00:00+01:00,0,identity_resolved_prior_work_complete,The official personal publication list was reviewed exhaustively for the defined venues and cutoff. MA3DSG (ICRA 2026) is after 2026-03-05; OP3DSG (ECCV 2026) is also after cutoff. No earlier eligible first-listed scoped work is listed. A 2024 UR poster is outside the defined venue scope.
cai_wf4ulq,YongHoon Kang,Sungkyunkwan University,KOREAN_UNIVERSITY_GRAD_SCIENCE_INSTITUTE,1,4293,Prevention over Correction: Learning Aligned Representations in One-shot Federated Learning,resolved,https://scholarx.skku.edu/item/3a0a8fcd-c172-4ccf-a013-3fbb42ac06ec,"Official personal CV, institutional profile, ORCID, then official proceedings or publisher metadata",2026-03-05T23:00:00+01:00,0,identity_resolved_prior_work_incomplete,"The official/institutional publication records reviewed show no prior CVPR, ICCV, ECCV, NeurIPS, ICLR, ICML, SIGGRAPH, SIGGRAPH Asia, IROS, ICRA, or RA-L first-listed paper. Other listed works are journals, non-scope conferences, or a 2026 Information Sciences article; exact zero is not asserted because no exhaustive official CV was found."
cai_9prqnf,Yoonhyung Park,Ewha Womans University,KOREAN_UNIVERSITY_GRAD_SCIENCE_INSTITUTE,1,5669,Wake up for Touch! Mask-isolated Tactile Alignment Learning in MLLMs,unresolved,,"Official personal CV, institutional profile, ORCID, then official proceedings or publisher metadata",2026-03-05T23:00:00+01:00,0,identity_unresolved_prior_work_incomplete,No prior work entered because identity is unresolved. ECCV 2026 is after cutoff.
cai_tbnw12,Yoonseok Choi,Yonsei University,KOREAN_UNIVERSITY_GRAD_SCIENCE_INSTITUTE,1,3862,DRIFT: Difficulty-aware Rectified Flows for Through-plane MRI Super-Resolution,resolved,https://yoonseokchoi-ai.github.io/,"Official personal CV, institutional profile, ORCID, then official proceedings or publisher metadata",2026-03-05T23:00:00+01:00,0,identity_resolved_prior_work_complete,Official publication list reviewed through cutoff: no prior eligible first-listed work. MICCAI/CMPB are outside scope; ECCV 2026 is post-cutoff.
cai_1yvwds7,Youbin Kim,Sung Kyun Kwan University,KOREAN_UNIVERSITY_GRAD_SCIENCE_INSTITUTE,1,4759,Group3D: MLLM-Guided Semantic Grouping for Open-Vocabulary 3D Object Detection,resolved,https://github.com/Ubin108/Group3D,"Official personal CV, institutional profile, ORCID, then official proceedings or publisher metadata",2026-03-05T23:00:00+01:00,0,identity_resolved_prior_work_incomplete,No eligible prior first-listed paper found in this review. Metalens-Transformer lists Youbin Kim as non-first coauthor; exact zero not asserted. ECCV 2026 is post-cutoff.
cai_13hpuu3,Youngho Kim,Korea Advanced Institute of Science & Technology,KOREAN_UNIVERSITY_GRAD_SCIENCE_INSTITUTE,1,4118,GoStop: Reinforcement Learning for Adaptive Temporal Aggregation in Event-Based Feature Tracking,resolved,https://vi.kaist.ac.kr/pages/people/,"Official personal CV, institutional profile, ORCID, then official proceedings or publisher metadata",2026-03-05T23:00:00+01:00,0,identity_resolved_prior_work_incomplete,No eligible prior first-listed work found in limited official review; exact zero not asserted. GoStop ECCV 2026 is post-cutoff.
cai_14hrbwy,Youngjun Lee,KAIST,KOREAN_UNIVERSITY_GRAD_SCIENCE_INSTITUTE,1,5036,CURE: Cumulative Knowledge Reuse for Efficient Device-Server Hybrid Inference in Vision-Language Models,resolved,https://www.kaistdmlab.org/members,"Official personal CV, institutional profile, ORCID, then official proceedings or publisher metadata",2026-03-05T23:00:00+01:00,1,identity_resolved_prior_work_incomplete,At least one eligible prior first-listed paper verified; exact count not asserted. RA-TTA is ICLR 2025 first-listed; identified ICML/NeurIPS/KDD works list him non-first.
cai_112zspb,Youngsik Yun,Yonsei University,KOREAN_UNIVERSITY_GRAD_SCIENCE_INSTITUTE,1,3745,Do Flat Minima Improve Sparse Novel View Synthesis?,resolved,https://bbangsik13.github.io/,"Official personal CV, institutional profile, ORCID, then official proceedings or publisher metadata",2026-03-05T23:00:00+01:00,1,identity_resolved_prior_work_complete,The official publication list was reviewed against the scoped venues and 2026-03-05 cutoff. The SIGGRAPH 2025 paper is first-listed and establishes not-first status; no exact count is needed for the binary result. ECCV 2026 and the ECCV 2024 workshop are excluded.
cai_uw6q6r,Youngwan Lee,ETRI,KOREAN_RESEARCH_INSTITUTE,1,5663,MultihopSpatial: Multi-hop Compositional Spatial Reasoning Benchmark for Vision-Language Model,resolved,https://youngwanlee.github.io/,"Official personal CV, institutional profile, ORCID, then official proceedings or publisher metadata",2026-03-05T23:00:00+01:00,3,identity_resolved_prior_work_complete,"Official publication list was reviewed through cutoff. Verified eligible first-listed works: CenterMask (CVPR 2020), MPViT (CVPR 2022), and Exploring the Role of Mean Teachers (ICLR 2023, equal-first marker). Workshop, findings, and non-first works are excluded. Exact prior eligible first-author count is 3."
cai_12ozdml,Yu-Ji Kim,POSTECH,KOREAN_UNIVERSITY_GRAD_SCIENCE_INSTITUTE,1,4036,Enhancing Embodied Reasoning and Grounding by Novel View Synthesis,resolved,https://ug-kim.github.io/,"Official personal CV, institutional profile, ORCID, then official proceedings or publisher metadata",2026-03-05T23:00:00+01:00,0,identity_resolved_prior_work_incomplete,The official publication list shows no prior eligible first-listed work. CVPR 2025 and ICCV 2023 works list Yu-Ji Kim after the first author; ECCV 2022 lists Kim Jun-Seong first with Yu-Ji Kim equal-contributing second. BMVC is out of scope. Exact prior eligible first-author count is 0.
cai_12hulj8,Yuhwan Jeong,KAIST,KOREAN_UNIVERSITY_GRAD_SCIENCE_INSTITUTE,1,3978,FrozenDrive: Zero-Shot Text-Guided Driving Scene Generation and Data Augmentation with Parameter-Free Frozen Diffusion Model,resolved,https://jeongyh98.github.io/,"Official personal CV, institutional profile, ORCID, then official proceedings or publisher metadata",2026-03-05T23:00:00+01:00,2,identity_resolved_prior_work_complete,Official publication list reviewed through cutoff. Verified eligible first-listed works are ICCV 2025 Robust Adverse Weather Removal and ECCV 2024 Towards robust event-based networks (equal-first). The ICCV 2023 Non-coaxial work is non-first for Yuhwan Jeong. Exact prior eligible first-author count is 2; CVPR 2024/2026 works are non-first or after cutoff. QA removed non-qualifying evidence rows; count reflects first-listed eligible works only.
cai_4y45ro,Yujin Bae,Korea Advanced Institute of Science & Technology,KOREAN_UNIVERSITY_GRAD_SCIENCE_INSTITUTE,1,5287,Ego-Human Motion Prediction with 3D-Aware LLM,resolved,https://rp.kaist.ac.kr/english/sub040201/index/page/3,"Official personal CV, institutional profile, ORCID, then official proceedings or publisher metadata",2026-03-05T23:00:00+01:00,0,identity_resolved_prior_work_incomplete,"Identity is resolved via the official KAIST student profile and candidate ECCV page, but no complete historical publication list was found. No eligible prior first-listed work was verified; exact zero is not asserted. ECCV 2026 candidate is after cutoff."
cai_1p4okou,Yunkyu Lee,POSTECH,KOREAN_UNIVERSITY_GRAD_SCIENCE_INSTITUTE,1,5065,CLDefocus: Physically Grounded Compound-Lens Defocus Blur Synthesis,resolved,https://yklcs.com/,"Official personal CV, institutional profile, ORCID, then official proceedings or publisher metadata",2026-03-05T23:00:00+01:00,0,identity_resolved_prior_work_incomplete,"The located official personal publication list contains arXiv-era work and ECCV 2026 work, but no prior eligible first-listed main-conference or RA-L article. Exact zero is not asserted because the available profile is not an exhaustive dated CV and the ECCV 2026 paper is after the cutoff."
cai_1f7fb09,Yunseo Yang,KAIST,KOREAN_UNIVERSITY_GRAD_SCIENCE_INSTITUTE,1,4019,PriSplat: Propagating Reliable Multi-view Information for Distractor-Free 3DGS,resolved,https://vi.kaist.ac.kr/pages/people/,"Official personal CV, institutional profile, ORCID, then official proceedings or publisher metadata",2026-03-05T23:00:00+01:00,0,identity_resolved_prior_work_incomplete,"The verified ICLR 2023, ICCV 2023, and CVPR 2026 records list Yunseo Yang as a non-first author; CVPR 2026 is after the cutoff. No eligible prior first-listed work was found, but no exhaustive personal CV was located, so exact zero is not asserted."
cai_19fod1y,Yunseok Yang,Jeonbuk National University,KOREAN_UNIVERSITY_GRAD_SCIENCE_INSTITUTE,1,4884,PDF-Omni: Poincaré Dual Disk Distortion Field-based Recurrent Update for Omnidirectional Stereo Matching,resolved,https://pure.jbnu.ac.kr/en/publications/ra-distill-relational-alignment-distillation-based-on-gram-matrix/,"Official personal CV, institutional profile, ORCID, then official proceedings or publisher metadata",2026-03-05T23:00:00+01:00,0,identity_resolved_prior_work_incomplete,"The verified JBNU publications located are journal articles outside the fixed venue scope (including RA-Distill, International Journal of Control, Automation and Systems, 2025). No eligible prior first-listed CVPR/ICCV/ECCV/NeurIPS/ICLR/ICML/SIGGRAPH/IROS/ICRA/RA-L work was found, but review was not exhaustive and exact zero is not asserted."
cai_1r1aqg,Yunsung Lee,Maum AI,KOREAN_COMPANY,1,4934,Not All Prediction Targets Keep Training-Free Diffusion Guidance on the Manifold,resolved,https://alohays.github.io/cv/,"Official personal CV, institutional profile, ORCID, then official proceedings or publisher metadata",2026-03-05T23:00:00+01:00,0,identity_resolved_prior_work_complete,The official CV's dated publication list shows no prior eligible first-listed work. CVPR 2023 and NeurIPS 2023 are eligible venues but list other authors first (Yunsung is co-first/non-first); CVPR 2020 likewise lists Junsoo Lee and Eungyeup Kim first. ECCV 2022 and other located workshop papers are excluded. Exact prior eligible first-author count is therefore zero under the stated CV review.
