paper_uid,virtual_poster_id,title,eccv_first_author_name,eccv_first_author_affiliation_raw,primary_affiliation_category,candidate_identity_key,identity_resolution_status,identity_profile_url,identity_evidence_summary,top_tier_venue_scope,prior_work_cutoff,prior_work_eligibility_rule,minimum_confirmed_prior_eligible_top_tier_first_author_count,previous_eligible_top_tier_first_author_count,previous_explicit_cofirst_author_count,is_first_eligible_top_tier_first_author,first_paper_determination_status,evidence_ledger_row_count,count_confidence,official_ecva_record_url,notes
c20ad4d76fe97759aa27a0c99bff6710,3136,Repurposing Geometric Foundation Models for Multi-view Diffusion,Wooseok Jang,Korea Advanced Institute of Science & Technology,KOREAN_UNIVERSITY_GRAD_SCIENCE_INSTITUTE,cai_6zg8qo,resolved,https://woo1726.github.io/,"The official personal profile identifies Wooseok Jang as a KAIST CVLAB PhD student and lists the ECCV queue title, KAIST affiliation, collaborators, and prior research topics. This uniquely matches the ECCV candidate.",CVPR; ICCV; ECCV; NeurIPS; ICLR; ICML; SIGGRAPH; SIGGRAPH Asia; IROS; ICRA; RA-L,2026-03-05T23:00:00+01:00,"Main-conference full paper or RA-L journal article published on or before the cutoff; first-listed authorship only. Workshops, posters, demos, abstracts, and unverified identity matches are excluded.",0,0,,yes,confirmed_first,0,high,https://eccv.ecva.net/virtual/2026/poster/3136,"The official personal publication list was reviewed. Its ICLR 2024, ICCV 2023, and other listed top-tier works do not place Jang first; no eligible prior first-listed paper was found before the cutoff. The ECCV 2026 paper itself is after the cutoff."
9bf31c7ff062936a96d3c8bd1f8f2ff3,3137,Transferability Between Understanding and Generation in Unified Multimodal Models,Jiwon Kang,KAIST AI,KOREAN_UNIVERSITY_GRAD_SCIENCE_INSTITUTE,cai_1re1s4r,resolved,https://loggerjk.github.io/,"Jiwon Kang's official personal site and KAIST CVLAB profile identify the same KAIST AI student (jiwon7258@kaist.ac.kr), with matching diffusion/3D/multimodal research and the ECCV 2026 title. The official CV lists the candidate's prior publications and author order.",CVPR; ICCV; ECCV; NeurIPS; ICLR; ICML; SIGGRAPH; SIGGRAPH Asia; IROS; ICRA; RA-L,2026-03-05T23:00:00+01:00,"Main-conference full paper or RA-L journal article published on or before the cutoff; first-listed authorship only. Workshops, posters, demos, abstracts, and unverified identity matches are excluded.",0,0,,yes,confirmed_first,0,partial,https://eccv.ecva.net/virtual/2026/poster/3137,No prior eligible first-listed paper was found in the reviewed publication list. NeurIPS 2025 'Where and How to Perturb' is eligible but Jiwon Kang is second-listed and marked equal contribution; ICLR 2026 and CVPR 2026 works are after the cutoff. ECCV 2026 is itself after the cutoff. QA removed non-qualifying evidence rows; count reflects first-listed eligible works only.
02e74f10e0327ad868d138f2b4fdd6f0,3139,TETO: Tracking Events with Teacher Observation for Motion Estimation and Frame Interpolation,Jini Yang,KAIST AI,KOREAN_UNIVERSITY_GRAD_SCIENCE_INSTITUTE,cai_1018n5o,resolved,https://cvlab.kaist.ac.kr/members/students,"KAIST CVLab's official student directory identifies Jini Yang as a Ph.D. student with KAIST email and event-based vision/video diffusion interests. The official CVLab publication list identifies her as first author of the ECCV candidate TETO paper, matching the candidate name and KAIST affiliation.",CVPR; ICCV; ECCV; NeurIPS; ICLR; ICML; SIGGRAPH; SIGGRAPH Asia; IROS; ICRA; RA-L,2026-03-05T23:00:00+01:00,"Main-conference full paper or RA-L journal article published on or before the cutoff; first-listed authorship only. Workshops, posters, demos, abstracts, and unverified identity matches are excluded.",0,,,,identity_resolved_prior_work_review_incomplete,0,partial,https://eccv.ecva.net/virtual/2026/poster/3139,"No eligible prior first-listed paper was found in the reviewed official CVLab publication material. SpikeMatch is listed without an eligible in-scope venue, and later ECCV 2026 work is after the cutoff; exact zero is not asserted because exhaustive all-venue review remains incomplete."
182be0c5cdcd5072bb1864cdee4d3d6e,3141,"Blind to Position, Biased in Language: Probing Mid-Layer Representational Bias in Vision-Language Encoders for Zero-Shot Language-Grounded Spatial Understanding",Na Min An,KAIST AI,KOREAN_UNIVERSITY_GRAD_SCIENCE_INSTITUTE,cai_gp25hv,resolved,https://namin-an.github.io/assets/pdf/CV_NaMinAn.pdf,"Official personal CV identifies Na Min An (preferred first name Namin) as a KAIST AI Ph.D. student advised by Hyunjung Shim and lists the exact ECCV 2026 queue title as first-listed author, matching the KAIST AI affiliation and multimodal-bias topic.",CVPR; ICCV; ECCV; NeurIPS; ICLR; ICML; SIGGRAPH; SIGGRAPH Asia; IROS; ICRA; RA-L,2026-03-05T23:00:00+01:00,"Main-conference full paper or RA-L journal article published on or before the cutoff; first-listed authorship only. Workshops, posters, demos, abstracts, and unverified identity matches are excluded.",0,0,,yes,confirmed_first,0,high,https://eccv.ecva.net/virtual/2026/poster/3141,"The official CV publication list was reviewed against the defined venues and cutoff. Earlier listed works are EMNLP, ACL, EACL, COLM, IJCNN, and non-scope journals. CVPR 2026, COLM 2026, and ECCV 2026 are after the 2026-03-05 cutoff. Exact eligible prior first-listed count is zero."
735b90b4568125ed6c3f678819b6e058,3148,TaskTok: Delving into Task Tokens for Task-driven Image Restoration,Hongjae Lee,Korea University,KOREAN_UNIVERSITY_GRAD_SCIENCE_INSTITUTE,cai_1ojjouf,resolved,https://sites.google.com/view/hongjae/home,Hongjae Lee's official Korea University personal page identifies him as an integrated MS-PhD student in Electrical Engineering and lists both ECCV 2026 target papers. The official CVF ICCV 2025 record independently lists the same Hongjae Lee first with a Korea University affiliation.,CVPR; ICCV; ECCV; NeurIPS; ICLR; ICML; SIGGRAPH; SIGGRAPH Asia; IROS; ICRA; RA-L,2026-03-05T23:00:00+01:00,"Main-conference full paper or RA-L journal article published on or before the cutoff; first-listed authorship only. Workshops, posters, demos, abstracts, and unverified identity matches are excluded.",1,,,no,confirmed_not_first,1,medium,https://eccv.ecva.net/virtual/2026/poster/3148,One verified eligible first-listed prior (ICCV 2025) establishes a positive prior count. An exhaustive exact count was not asserted because no complete CV was located.
93db85ed909c13838ff95ccfa94cebd9,3151,LogicIR: Logic Gate Networks for Image Restoration,Hongjae Lee,Korea University,KOREAN_UNIVERSITY_GRAD_SCIENCE_INSTITUTE,cai_1ojjouf,resolved,https://sites.google.com/view/hongjae/home,Hongjae Lee's official Korea University personal page identifies him as an integrated MS-PhD student in Electrical Engineering and lists both ECCV 2026 target papers. The official CVF ICCV 2025 record independently lists the same Hongjae Lee first with a Korea University affiliation.,CVPR; ICCV; ECCV; NeurIPS; ICLR; ICML; SIGGRAPH; SIGGRAPH Asia; IROS; ICRA; RA-L,2026-03-05T23:00:00+01:00,"Main-conference full paper or RA-L journal article published on or before the cutoff; first-listed authorship only. Workshops, posters, demos, abstracts, and unverified identity matches are excluded.",1,,,no,confirmed_not_first,1,medium,https://eccv.ecva.net/virtual/2026/poster/3151,One verified eligible first-listed prior (ICCV 2025) establishes a positive prior count. An exhaustive exact count was not asserted because no complete CV was located.
202cb962ac59075b964b07152d234b70,3154,Learning from Adversity: Semantic-Aware Mask Refinement through Adversarial Perturbation,Beom Young Kim,NAVER Cloud,KOREAN_COMPANY,cai_b8qb30,resolved,https://beomyoung-kim.github.io/,Official personal site identifies Beomyoung Kim as an Applied Scientist at NAVER Cloud (Image Vision) and KAIST PhD student; its publication/CV material matches the ECCV 2026 title and NAVER/KAIST affiliation. NAVER's official publication list also links the same author's CVPR work.,CVPR; ICCV; ECCV; NeurIPS; ICLR; ICML; SIGGRAPH; SIGGRAPH Asia; IROS; ICRA; RA-L,2026-03-05T23:00:00+01:00,"Main-conference full paper or RA-L journal article published on or before the cutoff; first-listed authorship only. Workshops, posters, demos, abstracts, and unverified identity matches are excluded.",3,,,no,confirmed_not_first,3,partial,https://eccv.ecva.net/virtual/2026/poster/3154,"At least three eligible prior first-listed main-conference papers were verified. Review was not exhaustive across all listed venues, so no exact count is asserted. ECCV 2026 paper is after the cutoff and is not counted."
903ce9225fca3e988c2af215d4e544d3,3157,What You Ask is What You Ground: Bridging Question Intent to Temporal Evidence for Grounded VideoQA,Jinhwan Seo,KAIST,KOREAN_UNIVERSITY_GRAD_SCIENCE_INSTITUTE,cai_1of1kd,resolved,https://jinhseo.github.io/,Official personal page identifies Jinhwan Seo as a KAIST School of Computing PhD student advised by Sung-eui Yoon and lists the ECCV 2022 Object Discovery paper and ECCV 2026 GroundFormer paper. This matches the KAIST ECCV candidate affiliation and video-understanding topic.,CVPR; ICCV; ECCV; NeurIPS; ICLR; ICML; SIGGRAPH; SIGGRAPH Asia; IROS; ICRA; RA-L,2026-03-05T23:00:00+01:00,"Main-conference full paper or RA-L journal article published on or before the cutoff; first-listed authorship only. Workshops, posters, demos, abstracts, and unverified identity matches are excluded.",1,,,no,confirmed_not_first,1,partial,https://eccv.ecva.net/virtual/2026/poster/3157,"One verified eligible prior first-listed ECCV 2022 paper establishes that Jinhwan Seo is not first-time in the defined scope. The official page labels its list selected rather than exhaustive, so the full prior count is not asserted."
577ef1154f3240ad5b9b413aa7346a1e,3180,Real-Time LiDAR Gaussian Splatting SLAM via Geometry-Aware Covariance Coupling,SeungJun Tak,Sungkyunkwan University,KOREAN_UNIVERSITY_GRAD_SCIENCE_INSTITUTE,cai_mphq7f,resolved,https://sites.google.com/view/taks-personal-page/,"SeungJun Tak's official personal page identifies him as a combined MS-PhD student in Sungkyunkwan University's Intelligent Robotics department, gives a g.skku.edu email, and matches the ECCV candidate's LiDAR/SLAM research. The SKKU lab publication page lists the matching ECCV 2026 paper as his first-author work.",CVPR; ICCV; ECCV; NeurIPS; ICLR; ICML; SIGGRAPH; SIGGRAPH Asia; IROS; ICRA; RA-L,2026-03-05T23:00:00+01:00,"Main-conference full paper or RA-L journal article published on or before the cutoff; first-listed authorship only. Workshops, posters, demos, abstracts, and unverified identity matches are excluded.",0,,,,identity_resolved_prior_work_review_incomplete,0,partial,https://eccv.ecva.net/virtual/2026/poster/3180,No pre-cutoff eligible first-author paper was verified in the official personal page or SKKU lab publication record. The matching ECCV 2026 paper is after cutoff and is not counted; exact zero remains uncertified.
3cec07e9ba5f5bb252d13f5f431e4bbb,3183,Multi-THuMBS: Multi-person Tracking of 3D Human Meshes Beyond Video Shots,Jeongwan On,UNIST,KOREAN_UNIVERSITY_GRAD_SCIENCE_INSTITUTE,cai_16kt7l8,resolved,https://on-jungwoan.github.io/,"Jeongwan On's official personal site identifies him as a UNIST AIGS/UNIST Vision and Learning Lab student, with research in 3D human mesh reconstruction; it lists the ECCV 2026 Multi-THuMBS paper and the prior CVPR 2025 BIGS paper. This matches the queue name, UNIST affiliation, and ECCV title.",CVPR; ICCV; ECCV; NeurIPS; ICLR; ICML; SIGGRAPH; SIGGRAPH Asia; IROS; ICRA; RA-L,2026-03-05T23:00:00+01:00,"Main-conference full paper or RA-L journal article published on or before the cutoff; first-listed authorship only. Workshops, posters, demos, abstracts, and unverified identity matches are excluded.",1,,,no,confirmed_not_first,1,partial,https://eccv.ecva.net/virtual/2026/poster/3183,"A prior eligible first-listed CVPR paper is verified, establishing a non-zero prior count. Exact all-venue count was not exhaustively established; ECCV 2026 is after the cutoff and excluded."
371bce7dc83817b7893bcdeed13799b5,3203,EgoExo-Con: Exploring View-Invariant Video Temporal Understanding,Minjoon Jung,Seoul National University,KOREAN_UNIVERSITY_GRAD_SCIENCE_INSTITUTE,cai_zrrap3,resolved,https://minjoong507.github.io/bio.html,Official biography identifies Minjoon Jung as SNU PhD student advised by Byoung-Tak Zhang; research in video/multimodal AI matches the ECCV candidate.,CVPR; ICCV; ECCV; NeurIPS; ICLR; ICML; SIGGRAPH; SIGGRAPH Asia; IROS; ICRA; RA-L,2026-03-05T23:00:00+01:00,"Main-conference full paper or RA-L journal article published on or before the cutoff; first-listed authorship only. Workshops, posters, demos, abstracts, and unverified identity matches are excluded.",0,,,,identity_resolved_prior_work_review_incomplete,0,partial,https://eccv.ecva.net/virtual/2026/poster/3203,"Official site lists WACV 2025 first-author work, outside scope; no scoped prior was verified and exact zero is not asserted."
9b70e8fe62e40c570a322f1b0b659098,3225,Training-Free Refinement of Flow Matching with Divergence-based Sampling,Yeonwoo Cha,KAIST,KOREAN_UNIVERSITY_GRAD_SCIENCE_INSTITUTE,cai_ghq2dv,resolved,https://yeonwoo378.github.io/,"Yeonwoo Cha's official KAIST/Vision and Learning Lab personal site identifies the author as a KAIST computer-science master's student and lists the exact ECCV 2026 Training-Free Refinement of Flow Matching with Divergence-based Sampling paper. The site also lists FlowBind (ICLR 2026) and Simulation-Free Training of Neural ODEs on Paired Data (NeurIPS 2024), with Yeonwoo not first-listed on the latter.",CVPR; ICCV; ECCV; NeurIPS; ICLR; ICML; SIGGRAPH; SIGGRAPH Asia; IROS; ICRA; RA-L,2026-03-05T23:00:00+01:00,"Main-conference full paper or RA-L journal article published on or before the cutoff; first-listed authorship only. Workshops, posters, demos, abstracts, and unverified identity matches are excluded.",0,0,,yes,confirmed_first,0,high,https://eccv.ecva.net/virtual/2026/poster/3225,The official publication list was checked against the defined venues and cutoff. FlowBind is an ICLR 2026 conference paper whose conference proceedings are after the 2026-03-05 cutoff; the NeurIPS 2024 paper is not first-listed by Yeonwoo Cha. The ECCV 2026 paper is also after the cutoff. No eligible prior first-listed scoped work was found.
11b921ef080f7736089c757404650e40,3241,Streaming Dense Voxel Representations for 3D Occupancy Prediction,Seokha Moon,Korea University,KOREAN_UNIVERSITY_GRAD_SCIENCE_INSTITUTE,cai_mfsxnt,resolved,https://moonseokha.github.io/,"Seokha Moon's official personal site identifies him as a Korea University Vision & AI Lab PhD student, gives a Korea University email, and lists autonomous-driving/3D perception research. The official ECCV 2024 VisionTrap project and proceedings PDF list Seokha Moon first with Korea University affiliation, linking the same identity and topic trajectory to the ECCV candidate.",CVPR; ICCV; ECCV; NeurIPS; ICLR; ICML; SIGGRAPH; SIGGRAPH Asia; IROS; ICRA; RA-L,2026-03-05T23:00:00+01:00,"Main-conference full paper or RA-L journal article published on or before the cutoff; first-listed authorship only. Workshops, posters, demos, abstracts, and unverified identity matches are excluded.",1,,,no,confirmed_not_first,1,partial,https://eccv.ecva.net/virtual/2026/poster/3241,At least one eligible prior first-listed main-conference paper is verified. Exact count is not asserted because exhaustive review of all eligible venues remains incomplete. Other reviewed works such as WACV 2024 and WACV 2026 are outside the fixed venue scope.
5487315b1286f907165907aa8fc96619,3265,CoT-PL: Chain-of-Thought Pseudo-Labeling for Open-Vocabulary Object Detection,Hojun Choi,KAIST AI,KOREAN_UNIVERSITY_GRAD_SCIENCE_INSTITUTE,cai_e8zy4y,resolved,https://hchoi256.github.io/,The personal homepage identifies Hojun Choi at KAIST AI and lists both ECCV 2026 first-listed papers and the complete preceding publication list.,CVPR; ICCV; ECCV; NeurIPS; ICLR; ICML; SIGGRAPH; SIGGRAPH Asia; IROS; ICRA; RA-L,2026-03-05T23:00:00+01:00,"Main-conference full paper or RA-L journal article published on or before the cutoff; first-listed authorship only. Workshops, posters, demos, abstracts, and unverified identity matches are excluded.",0,0,,yes,confirmed_first,0,medium,https://eccv.ecva.net/virtual/2026/poster/3265,Before the cutoff the listed main-venue papers place Hojun Choi after the first author. The only pre-cutoff first-listed item is a CVPR workshop paper and is excluded by the fixed venue scope.
e4bb4c5173c2ce17fd8fcd40041c068f,3266,Open-Vocabulary BEV Segmentation with 3D-Aware Geometric Constraints,Hojun Choi,KAIST AI,KOREAN_UNIVERSITY_GRAD_SCIENCE_INSTITUTE,cai_e8zy4y,resolved,https://hchoi256.github.io/,The personal homepage identifies Hojun Choi at KAIST AI and lists both ECCV 2026 first-listed papers and the complete preceding publication list.,CVPR; ICCV; ECCV; NeurIPS; ICLR; ICML; SIGGRAPH; SIGGRAPH Asia; IROS; ICRA; RA-L,2026-03-05T23:00:00+01:00,"Main-conference full paper or RA-L journal article published on or before the cutoff; first-listed authorship only. Workshops, posters, demos, abstracts, and unverified identity matches are excluded.",0,0,,yes,confirmed_first,0,medium,https://eccv.ecva.net/virtual/2026/poster/3266,Before the cutoff the listed main-venue papers place Hojun Choi after the first author. The only pre-cutoff first-listed item is a CVPR workshop paper and is excluded by the fixed venue scope.
2e65f2f2fdaf6c699b223c61b1b5ab89,3276,MoScale: Autoregressive Next-Scale Prediction for Human Motion Generation and Editing,Inwoo Hwang,Seoul National University,KOREAN_UNIVERSITY_GRAD_SCIENCE_INSTITUTE,cai_jdrqn8,resolved,https://inwoohwang.me/,"The candidate's ECCV topic and SNU affiliation match Inwoo Hwang's official personal site, which identifies him as an SNU 3D-vision PhD candidate and lists SceneMI with the same motion-generation research profile.",CVPR; ICCV; ECCV; NeurIPS; ICLR; ICML; SIGGRAPH; SIGGRAPH Asia; IROS; ICRA; RA-L,2026-03-05T23:00:00+01:00,"Main-conference full paper or RA-L journal article published on or before the cutoff; first-listed authorship only. Workshops, posters, demos, abstracts, and unverified identity matches are excluded.",1,,,no,confirmed_not_first,1,partial,https://eccv.ecva.net/virtual/2026/poster/3276,"One eligible first-listed ICCV 2025 paper is verified. The profile also mentions other 2025 works and a CVPR 2025 acceptance, but those are not all first-listed and an exhaustive venue-by-venue count was not completed."
b137fdd1f79d56c7edf3365fea7520f2,3278,Universal Image Immunization against Diffusion-based Image Editing via Semantic Injection,Chanhui Lee,POSTECH,KOREAN_UNIVERSITY_GRAD_SCIENCE_INSTITUTE,cai_hrvtmd,resolved,https://cvlab.postech.ac.kr/page/members,"The official POSTECH Computer Vision Lab members page identifies Chanhui Lee under AI Safety. The official CVPR 2025 Open Access record lists Chanhui Lee first for Data-free Universal Adversarial Perturbation, and the author/topic/coauthor match (including Jeany Son) links that record to the POSTECH candidate.",CVPR; ICCV; ECCV; NeurIPS; ICLR; ICML; SIGGRAPH; SIGGRAPH Asia; IROS; ICRA; RA-L,2026-03-05T23:00:00+01:00,"Main-conference full paper or RA-L journal article published on or before the cutoff; first-listed authorship only. Workshops, posters, demos, abstracts, and unverified identity matches are excluded.",1,,,no,confirmed_not_first,1,partial,https://eccv.ecva.net/virtual/2026/poster/3278,One verified eligible first-listed CVPR paper establishes a positive prior count. An exhaustive exact count was not asserted because no complete official CV/publication list was located.
2dace78f80bc92e6d7493423d729448e,3287,Posterior Samplings are Missing Modalities Generators for Medical Image Translation,Jonghun Kim,Sungkyunkwan University,KOREAN_UNIVERSITY_GRAD_SCIENCE_INSTITUTE,cai_14o5u5o,resolved,https://pubmed.ncbi.nlm.nih.gov/41520577/,"The official PubMed record identifies Jonghun Kim as first author and Sungkyunkwan University/Center for Neuroscience Imaging Research affiliate on a medical-image synthesis paper, matching the ECCV queue's medical-image topic and affiliation.",CVPR; ICCV; ECCV; NeurIPS; ICLR; ICML; SIGGRAPH; SIGGRAPH Asia; IROS; ICRA; RA-L,2026-03-05T23:00:00+01:00,"Main-conference full paper or RA-L journal article published on or before the cutoff; first-listed authorship only. Workshops, posters, demos, abstracts, and unverified identity matches are excluded.",0,,,,identity_resolved_prior_work_review_incomplete,0,partial,https://eccv.ecva.net/virtual/2026/poster/3287,"No eligible prior top-tier first-listed paper was located in the official PubMed/arXiv records reviewed. The available records are not an exhaustive official CV, so exact zero is not asserted. The 2026 ECCV paper itself is after the cutoff."
f7e9050c92a851b0016442ab604b0488,3303,MASS: Motion-Aligned Selective Scan for Flow-Based Video Frame Interpolation,Jun-Sang YOO,Korea University,KOREAN_UNIVERSITY_GRAD_SCIENCE_INSTITUTE,cai_emre,resolved,https://junsang7777.github.io/,"Jun-Sang Yoo's official personal site identifies him as a Korea University Integrated M.S./Ph.D. student in the Deep Image Processing Lab and lists MASS, matching the ECCV candidate title, affiliation, and video-frame-interpolation topic. The site's publication list also links the prior ICCV 2023 VOS-VFI paper.",CVPR; ICCV; ECCV; NeurIPS; ICLR; ICML; SIGGRAPH; SIGGRAPH Asia; IROS; ICRA; RA-L,2026-03-05T23:00:00+01:00,"Main-conference full paper or RA-L journal article published on or before the cutoff; first-listed authorship only. Workshops, posters, demos, abstracts, and unverified identity matches are excluded.",2,,,no,confirmed_not_first,2,high,https://eccv.ecva.net/virtual/2026/poster/3303,One eligible first-listed ICCV paper is sufficient to determine that the candidate is not a first eligible paper author. The profile and official CV/publication sources were not exhaustively reconciled across every eligible venue for an exact count.
49c9adb18e44be0711a94e827042f630,3308,Anti-Prompt: Image Protection against Text-Guided Image-to-Video Generation,Yeonghwan Song,GIST,KOREAN_UNIVERSITY_GRAD_SCIENCE_INSTITUTE,cai_zv9xh,resolved,https://jeanyson.github.io/lab/members/,The official GIST ViRL Lab members page lists Yeonghwan Song as an M.S./Ph.D. integrated student with a GIST email. The same lab's official publications page lists his ICCV 2023 first-author paper and CVPR 2025 coauthored paper; the ECCV record confirms the candidate paper and GIST-affiliated identity.,CVPR; ICCV; ECCV; NeurIPS; ICLR; ICML; SIGGRAPH; SIGGRAPH Asia; IROS; ICRA; RA-L,2026-03-05T23:00:00+01:00,"Main-conference full paper or RA-L journal article published on or before the cutoff; first-listed authorship only. Workshops, posters, demos, abstracts, and unverified identity matches are excluded.",1,,,no,confirmed_not_first,1,partial,https://eccv.ecva.net/virtual/2026/poster/3308,One eligible prior first-listed ICCV paper was verified. His CVPR 2025 paper is second-listed and therefore not counted. Review was not exhaustive across all scoped venues; exact count is not asserted.
2f885d0fbe2e131bfc9d98363e55d1d4,3321,Selective Synergistic Learning for Video Object-Centric Learning,WonJun Moon,Sungkyunkwan University,KOREAN_UNIVERSITY_GRAD_SCIENCE_INSTITUTE,cai_1x65kxi,resolved,https://wjun0830.github.io/,"WonJun Moon's official personal site identifies him as a Sungkyunkwan University-trained researcher and lists the ECCV 2026 candidate paper. Its publication history matches the official CVPR 2023 and AAAI 2023 records below, establishing identity and author continuity.",CVPR; ICCV; ECCV; NeurIPS; ICLR; ICML; SIGGRAPH; SIGGRAPH Asia; IROS; ICRA; RA-L,2026-03-05T23:00:00+01:00,"Main-conference full paper or RA-L journal article published on or before the cutoff; first-listed authorship only. Workshops, posters, demos, abstracts, and unverified identity matches are excluded.",1,,,no,confirmed_not_first,1,partial,https://eccv.ecva.net/virtual/2026/poster/3321,At least two eligible prior first-listed main-conference papers were verified. The CVPR 2023 paper marks WonJun Moon and Sangeek Hyun as equal contributors; it remains first-listed and is counted under the audit rule. Exact count is not asserted because review was not exhaustive. ECCV 2026 paper is after cutoff and excluded. QA removed non-qualifying evidence rows; count reflects first-listed eligible works only.
ffeed84c7cb1ae7bf4ec4bd78275bb98,3364,Source-Agnostic Image Translation Based on Latent Aware Adaptive Masking,Tomislav Dobrički,Chung-Ang University,KOREAN_UNIVERSITY_GRAD_SCIENCE_INSTITUTE,cai_wa4xuq,resolved,https://openreview.net/profile?id=~Tomislav_Dobri%C4%8Dki1,The official OpenReview profile identifies Tomislav Dobrički as a Chung-Ang University PhD student with confirmed ai.cau.ac.kr email and advisor Byung-Woo Hong. The official ICTC 2022 program also lists Tomislav Dobrički with Chung-Ang University; the ECVA candidate title and affiliation match this identity.,CVPR; ICCV; ECCV; NeurIPS; ICLR; ICML; SIGGRAPH; SIGGRAPH Asia; IROS; ICRA; RA-L,2026-03-05T23:00:00+01:00,"Main-conference full paper or RA-L journal article published on or before the cutoff; first-listed authorship only. Workshops, posters, demos, abstracts, and unverified identity matches are excluded.",0,,,,identity_resolved_prior_work_review_incomplete,0,partial,https://eccv.ecva.net/virtual/2026/poster/3364,The verified 2019 ICIST and 2022 ICTC works are outside the defined venue scope. The ECCV 2026 Source-Agnostic paper is after the cutoff. No eligible prior first-listed work was found in the limited review; exact zero is not asserted.
c8ba76c279269b1c6bc8a07e38e78fa4,3383,ProSR: Semantic-Prototype-Guided Discrete Modeling for Physically Consistent SAR Super-Resolution,Byoungwoo Kim,KAIST,KOREAN_UNIVERSITY_GRAD_SCIENCE_INSTITUTE,cai_18w3st,unresolved,,"The ECCV 2026 ProSR result identifies a Byoungwoo Kim, but available search results did not provide an official KAIST/personal profile establishing that this person is the candidate in the queue.",CVPR; ICCV; ECCV; NeurIPS; ICLR; ICML; SIGGRAPH; SIGGRAPH Asia; IROS; ICRA; RA-L,2026-03-05T23:00:00+01:00,"Main-conference full paper or RA-L journal article published on or before the cutoff; first-listed authorship only. Workshops, posters, demos, abstracts, and unverified identity matches are excluded.",0,,,,blocked_on_identity_review,0,unresolved,https://eccv.ecva.net/virtual/2026/poster/3383,No eligible prior work entered without authoritative identity linkage. The ProSR ECCV 2026 result is after the cutoff and is not counted.
d759175de8ea5b1d9a2660e45554894f,3398,TriMotion: Modality-Agnostic Camera Control for Video Generation,Seunghyun Shin,"AI Graduate School, Gwangju Institute of Science and Technology(GIST)",KOREAN_UNIVERSITY_GRAD_SCIENCE_INSTITUTE,cai_hebl81,resolved,https://www.seunghyunshin.com/,"Seunghyun Shin's official personal site identifies him as a GIST AI Graduate School PhD candidate, gives a gm.gist.ac.kr email, and lists the matching TriMotion ECCV 2026 work plus the same visual-generation research trajectory as the ECVA candidate.",CVPR; ICCV; ECCV; NeurIPS; ICLR; ICML; SIGGRAPH; SIGGRAPH Asia; IROS; ICRA; RA-L,2026-03-05T23:00:00+01:00,"Main-conference full paper or RA-L journal article published on or before the cutoff; first-listed authorship only. Workshops, posters, demos, abstracts, and unverified identity matches are excluded.",2,,,no,confirmed_not_first,2,partial,https://eccv.ecva.net/virtual/2026/poster/3398,Two verified pre-cutoff eligible first-listed papers establish that the candidate is not a first eligible paper author. The exact prior count was not exhaustively reconciled across every scoped venue.
d010396ca8abf6ead8cacc2c2f2f26c7,3461,Why Can't I Open My Drawer? Mitigating Object-Driven Shortcuts in Zero-Shot Compositional Action Recognition,Geo Ahn,Kyung Hee University,KOREAN_UNIVERSITY_GRAD_SCIENCE_INSTITUTE,cai_18fxd9z,resolved,https://ahngeo.github.io/,"Geo Ahn's official personal page identifies him as a recent Kyung Hee University CSE MS graduate advised by Jinwoo Choi and lists the exact ECCV 2026 queue paper as first author. The same page lists DEVIAS at ECCV 2024 with Geo Ahn first, establishing a verified eligible prior.",CVPR; ICCV; ECCV; NeurIPS; ICLR; ICML; SIGGRAPH; SIGGRAPH Asia; IROS; ICRA; RA-L,2026-03-05T23:00:00+01:00,"Main-conference full paper or RA-L journal article published on or before the cutoff; first-listed authorship only. Workshops, posters, demos, abstracts, and unverified identity matches are excluded.",1,1,,no,confirmed_not_first,1,high,https://eccv.ecva.net/virtual/2026/poster/3461,DEVIAS is the verified earlier eligible first-listed paper. The personal publication list also shows only excluded workshop/preprint items besides the ECCV 2024 paper and the post-cutoff ECCV 2026 paper.
dca5672ff3444c7e997aa9a2c4eb2094,3475,ORION: Ordinal Neural Collapse as a Representation Prior for Visual Navigation,E In Son,Seoul National University,KOREAN_UNIVERSITY_GRAD_SCIENCE_INSTITUTE,cai_1q4k30l,resolved,https://ece.snu.ac.kr/en/research-faculty/research/groups?labidx=48&md=view,"The official SNU Vehicle Intelligence Lab page lists E-In Son in the lab's RA-L and ICRA publication records and identifies the SNU lab context, matching the queue candidate's Seoul National University affiliation.",CVPR; ICCV; ECCV; NeurIPS; ICLR; ICML; SIGGRAPH; SIGGRAPH Asia; IROS; ICRA; RA-L,2026-03-05T23:00:00+01:00,"Main-conference full paper or RA-L journal article published on or before the cutoff; first-listed authorship only. Workshops, posters, demos, abstracts, and unverified identity matches are excluded.",0,,,,identity_resolved_prior_work_review_incomplete,0,partial,https://eccv.ecva.net/virtual/2026/poster/3475,"The reviewed official SNU publication list shows E-In Son only as a non-first author on listed RA-L/ICRA works; the ECCV 2026 ORION paper is after the cutoff. No qualifying prior first-listed work was confirmed, but exact zero is not asserted."
f60bb6bb4c96d4df93c51bd69dcc15a0,3480,ReDesign: Recovering Editable Design Structures from Raster Images via Agentic Decomposition,Jooyeol Yun,Korea Advanced Institute of Science and Technology,KOREAN_UNIVERSITY_GRAD_SCIENCE_INSTITUTE,cai_19ar351,resolved,https://yeolj00.github.io/,Official personal profile identifies Jooyeol Yun as a KAIST AI PhD candidate supervised by Jaegul Choo and lists the ECCV 2026 ReDesign target paper. KAIST's DAVIAN people page independently lists Jooyeol Yun with KAIST email and computer-vision/computational-photography research.,CVPR; ICCV; ECCV; NeurIPS; ICLR; ICML; SIGGRAPH; SIGGRAPH Asia; IROS; ICRA; RA-L,2026-03-05T23:00:00+01:00,"Main-conference full paper or RA-L journal article published on or before the cutoff; first-listed authorship only. Workshops, posters, demos, abstracts, and unverified identity matches are excluded.",0,0,,yes,confirmed_first,0,high,https://eccv.ecva.net/virtual/2026/poster/3480,No eligible prior first-listed paper found. ICCV 2023 Learning to Generate Semantic Layouts lists Minho Park first (with Yun equal-contribution second); WACV and BMVC are outside scope. CVPR 2026 is after cutoff.
ba1b3eba322eab5d895aa3023fe78b9c,3511,SA-ResGS: Self-Augmented Residual 3D Gaussian Splatting for Next Best View Selection,Kim Jun-Seong,Pohang University of Science and Technology (POSTECH),KOREAN_UNIVERSITY_GRAD_SCIENCE_INSTITUTE,cai_qkmdou,resolved,https://kim-junseong.github.io/,"Kim Junseong's official personal site identifies him as a joint MS-PhD student at POSTECH AMI Lab and lists the queue's SA-ResGS ECCV 2026 paper, matching the POSTECH affiliation and research identity.",CVPR; ICCV; ECCV; NeurIPS; ICLR; ICML; SIGGRAPH; SIGGRAPH Asia; IROS; ICRA; RA-L,2026-03-05T23:00:00+01:00,"Main-conference full paper or RA-L journal article published on or before the cutoff; first-listed authorship only. Workshops, posters, demos, abstracts, and unverified identity matches are excluded.",3,,,no,confirmed_not_first,3,high,https://eccv.ecva.net/virtual/2026/poster/3511,"Three eligible prior first-listed works were verified: CVPR 2025, RA-L 2024, and ECCV 2022. Exact total is not asserted because all-venue review was not exhaustive; ECCV 2026 is post-cutoff."
57c0531e13f40b91b3b0f1a30b529a1d,3528,Path-level Hindsight Instructions for Semantic Exploration in Vision-Language Navigation,Sungjune Kim,Korea University,KOREAN_UNIVERSITY_GRAD_SCIENCE_INSTITUTE,cai_11rcyvl,resolved,https://sungjune-kim.github.io/,Sungjune Kim's official personal site identifies him as a Korea University PhD student and lists the ECCV 2026 candidate title; the official CV on that site and CVPR/ECVA proceedings match the same Korea University identity and research collaborators.,CVPR; ICCV; ECCV; NeurIPS; ICLR; ICML; SIGGRAPH; SIGGRAPH Asia; IROS; ICRA; RA-L,2026-03-05T23:00:00+01:00,"Main-conference full paper or RA-L journal article published on or before the cutoff; first-listed authorship only. Workshops, posters, demos, abstracts, and unverified identity matches are excluded.",2,,,no,confirmed_not_first,2,partial,https://eccv.ecva.net/virtual/2026/poster/3528,"At least two eligible prior first-listed main-conference papers are verified. Review is not exhaustive across all scoped venues, so no exact count is asserted. ECCV 2026 is after cutoff."
fc4ddc15f9f4b4b06ef7844d6bb53abf,3540,AirSplat: Alignment and Rating for Robust Feed-Forward 3D Gaussian Splatting,Minh-Quan Bui,Korea Advanced Institute of Science & Technology,KOREAN_UNIVERSITY_GRAD_SCIENCE_INSTITUTE,cai_1h8liem,unresolved,,"Official ECCV accepted-paper listing identifies Minh-Quan Bui first on AirSplat, but no authoritative personal or KAIST profile uniquely resolves this candidate to a prior record.",CVPR; ICCV; ECCV; NeurIPS; ICLR; ICML; SIGGRAPH; SIGGRAPH Asia; IROS; ICRA; RA-L,2026-03-05T23:00:00+01:00,"Main-conference full paper or RA-L journal article published on or before the cutoff; first-listed authorship only. Workshops, posters, demos, abstracts, and unverified identity matches are excluded.",0,,,,blocked_on_identity_review,0,unresolved,https://eccv.ecva.net/virtual/2026/poster/3540,AirSplat is the target ECCV 2026 paper and not prior to cutoff; similarly named search leads were not used as identity proof.
c8758b517083196f05ac29810b924aca,3567,TORA: Topological Representation Alignment for 3D Shape Assembly,Nahyuk Lee,POSTECH,KOREAN_UNIVERSITY_GRAD_SCIENCE_INSTITUTE,cai_1vksya3,resolved,https://nahyuklee.github.io/pdf/cv.pdf,"Official personal CV identifies Nahyuk Lee as a POSTECH Computer Vision Lab graduate researcher (M.S. 2023-2025, advisor Minsu Cho), now at VUNO, and lists the exact ECCV 2026 TORA title as first-listed author; the same CV documents the prior ICCV 2025 and ICML 2024 first-listed works.",CVPR; ICCV; ECCV; NeurIPS; ICLR; ICML; SIGGRAPH; SIGGRAPH Asia; IROS; ICRA; RA-L,2026-03-05T23:00:00+01:00,"Main-conference full paper or RA-L journal article published on or before the cutoff; first-listed authorship only. Workshops, posters, demos, abstracts, and unverified identity matches are excluded.",2,2,,no,confirmed_not_first,2,high,https://eccv.ecva.net/virtual/2026/poster/3567,Two eligible prior first-listed works are verified. Both are marked equal contribution in the CV; first-listed authorship is counted and the equal-contribution note is retained. The ECCV 2026 TORA paper is after the cutoff.
653ac11ca60b3e021a8c609c7198acfc,3618,Learning to Recover Task Experts from a Multi-Task Merged Model,Jinwook Jung,Hanyang University,KOREAN_UNIVERSITY_GRAD_SCIENCE_INSTITUTE,cai_oifae6,resolved,https://hyds.hanyang.ac.kr/front/notice/unNews/view?id=1845,"Hanyang University's official Data Science page names Jinwook Jung among the authors of the ECCV 2026 task-classification paper and identifies the Hanyang research context, compatible with the queue affiliation and merged-model topic.",CVPR; ICCV; ECCV; NeurIPS; ICLR; ICML; SIGGRAPH; SIGGRAPH Asia; IROS; ICRA; RA-L,2026-03-05T23:00:00+01:00,"Main-conference full paper or RA-L journal article published on or before the cutoff; first-listed authorship only. Workshops, posters, demos, abstracts, and unverified identity matches are excluded.",0,,,,identity_resolved_prior_work_review_incomplete,0,partial,https://eccv.ecva.net/virtual/2026/poster/3618,The official Hanyang page verifies the ECCV identity but provides no complete prior-publication list. The similarly named 2014 semiconductor-conference author is not treated as the same person because it lacks compatible identity evidence.
243facb29564e7b448834a7c9d901201,3621,Controlling Motion Transfer in Diffusion Transformers via Attention Heads,Sunyoung Jung,Yonsei University,KOREAN_UNIVERSITY_GRAD_SCIENCE_INSTITUTE,cai_r292ys,resolved,https://sunyj-hxppy.github.io/,"Official personal homepage identifies Sunyoung Jung as a Yonsei University PhD student in the MICV lab and lists the ECCV 2026 paper Controlling Motion Transfer in Diffusion Transformers via Attention Heads, matching the candidate.",CVPR; ICCV; ECCV; NeurIPS; ICLR; ICML; SIGGRAPH; SIGGRAPH Asia; IROS; ICRA; RA-L,2026-03-05T23:00:00+01:00,"Main-conference full paper or RA-L journal article published on or before the cutoff; first-listed authorship only. Workshops, posters, demos, abstracts, and unverified identity matches are excluded.",0,,,,identity_resolved_prior_work_review_incomplete,0,partial,https://eccv.ecva.net/virtual/2026/poster/3621,No eligible prior first-listed scoped-venue paper was verified. Her listed MICCAI 2024/2025 work is outside scope; the NeurIPS 2025 QWERTY listing names other authors first. Exact zero is not asserted.
d6288499d0083cc34e60a077b7c4b3e1,3625,Multi-dimensional Preference Alignment by Conditioning Reward Itself,JIHO JANG,SEOUL NATIONAL UNIVERSITY,KOREAN_UNIVERSITY_GRAD_SCIENCE_INSTITUTE,cai_1nt9dwz,resolved,https://arxiv.org/abs/2512.10237,"The official arXiv record for the queue's Multi-dimensional Preference Alignment title identifies Jiho Jang and SNU authors. An official SNU AI program publication document also lists Jiho Jang with Nojun Kwak on prior AAAI/ACL work, matching the SNU affiliation; no eligible prior first-listed paper was verified.",CVPR; ICCV; ECCV; NeurIPS; ICLR; ICML; SIGGRAPH; SIGGRAPH Asia; IROS; ICRA; RA-L,2026-03-05T23:00:00+01:00,"Main-conference full paper or RA-L journal article published on or before the cutoff; first-listed authorship only. Workshops, posters, demos, abstracts, and unverified identity matches are excluded.",0,,,,identity_resolved_prior_work_review_incomplete,0,partial,https://eccv.ecva.net/virtual/2026/poster/3625,"The matched ECCV 2026 paper is post-cutoff. SNU institutional material confirms identity context, but the cited prior AAAI/ACL works are outside the fixed venue scope and not counted. Exact zero is not asserted."
add217938e07bb1fd8796e0315b88c10,3650,Denoised Variance-Based Pruning with Optimal Brain Bias Compensation,Geon Tack Lee,Korea Advanced Institute of Science & Technology; New York University Abu Dhabi,KOREAN_UNIVERSITY_GRAD_SCIENCE_INSTITUTE,cai_1bubn2q,resolved,https://davian.kaist.ac.kr/people,KAIST DAVIAN's official people page lists Geon Tack Lee with KAIST email and Efficient AI/CV interests. His public profile identifies the same person as NYU Abu Dhabi graduate and incoming KAIST AI master's student; the exact ECCV 2026 pruning paper is his first paper and is post-cutoff.,CVPR; ICCV; ECCV; NeurIPS; ICLR; ICML; SIGGRAPH; SIGGRAPH Asia; IROS; ICRA; RA-L,2026-03-05T23:00:00+01:00,"Main-conference full paper or RA-L journal article published on or before the cutoff; first-listed authorship only. Workshops, posters, demos, abstracts, and unverified identity matches are excluded.",0,,,,identity_resolved_prior_work_review_incomplete,0,partial,https://eccv.ecva.net/virtual/2026/poster/3650,No eligible prior in-scope first-author work was found; the exact ECCV 2026 paper is after cutoff. Exact zero is not asserted because no full CV was found.
1fb2a1c37b18aa4611c3949d6148d0f8,3658,Multi-modal Knowledge Preserving Adapter for Embedding Backward Compatibility,Jaeseok Byun,Seoul National University,KOREAN_UNIVERSITY_GRAD_SCIENCE_INSTITUTE,cai_9wp7oj,resolved,https://ece.snu.ac.kr/en,"SNU’s official ECE profile identifies Jaeseok Byun as a student/researcher advised by Taesup Moon; official CVF proceedings match the name, SNU affiliation/research line, and prior publications. Qualcomm’s official fellowship page also lists Jaeseok Byun at SNU.",CVPR; ICCV; ECCV; NeurIPS; ICLR; ICML; SIGGRAPH; SIGGRAPH Asia; IROS; ICRA; RA-L,2026-03-05T23:00:00+01:00,"Main-conference full paper or RA-L journal article published on or before the cutoff; first-listed authorship only. Workshops, posters, demos, abstracts, and unverified identity matches are excluded.",3,,,no,confirmed_not_first,3,partial,https://eccv.ecva.net/virtual/2026/poster/3658,At least three eligible prior first-listed main-conference papers were verified; exact all-venue count is not asserted.
1bf0c59238dd24a7f09a889483a50e8f,3674,Bridging Online and Offline Handwriting via Differentiable Physical Rendering,Seonmi Park,Gwangju Institute of Science and Technology,KOREAN_UNIVERSITY_GRAD_SCIENCE_INSTITUTE,cai_10dcrrm,resolved,https://seonmip.github.io/,"Seonmi Park's official GIST personal site identifies her as a GIST AI Convergence Ph.D. student and lists the exact ECCV 2026 OnOff candidate paper first-authored by Park, plus the prior ECCV 2024 KineTy paper also first-authored by Park; affiliation, topic, and collaborator history match.",CVPR; ICCV; ECCV; NeurIPS; ICLR; ICML; SIGGRAPH; SIGGRAPH Asia; IROS; ICRA; RA-L,2026-03-05T23:00:00+01:00,"Main-conference full paper or RA-L journal article published on or before the cutoff; first-listed authorship only. Workshops, posters, demos, abstracts, and unverified identity matches are excluded.",1,,,no,confirmed_not_first,1,partial,https://eccv.ecva.net/virtual/2026/poster/3674,KineTy is a verified eligible prior ECCV 2024 main-conference paper with Seonmi Park first-listed. The ECCV 2026 OnOff candidate is after the cutoff and excluded. One verified prior establishes that the candidate is not first-author-free; exact count remains unreviewed.
2aedcba61ca55ceb62d785c6b7f10a83,3675,FlexiAvatar: Unified 3D Gaussian Human Avatars Under Arbitrary Body Visibility,Yihalem Yimolal Tiruneh,Ulsan National Institute of Science and Technology,KOREAN_UNIVERSITY_GRAD_SCIENCE_INSTITUTE,cai_5z4jk6,resolved,https://vision.unist.ac.kr/member.html,"The official UNIST Vision and Learning Lab member page identifies Yihalem Yimolal Tiruneh as an MS student in the CS department researching 3D computer vision. The lab's official publication page lists the exact FlexiAvatar ECCV 2026 paper with Yihalem first-listed, matching the ECCV queue affiliation and topic.",CVPR; ICCV; ECCV; NeurIPS; ICLR; ICML; SIGGRAPH; SIGGRAPH Asia; IROS; ICRA; RA-L,2026-03-05T23:00:00+01:00,"Main-conference full paper or RA-L journal article published on or before the cutoff; first-listed authorship only. Workshops, posters, demos, abstracts, and unverified identity matches are excluded.",0,,,,identity_resolved_prior_work_review_incomplete,0,partial,https://eccv.ecva.net/virtual/2026/poster/3675,"No eligible prior scoped first-listed paper was located in the official UNIST lab publication records reviewed. FlexiAvatar is ECCV 2026 and after the cutoff. The lab record is not an exhaustive personal CV, so exact zero is not asserted."
d7619beb6eb189509885fbc192d2874b,3676,ARC-Loc: Leveraging Azimuthal Ray Convergence as a Geometric Cue for Direct Cross-View Localization,Hyeongsik Kim,Hanyang Universty,KOREAN_UNIVERSITY_GRAD_SCIENCE_INSTITUTE,cai_1vo1wyg,resolved,https://github.com/syt06007,"The candidate's personal GitHub profile identifies HyeongSik Kim as an M.S. candidate at Hanyang University and lists Cross-View Localization/3D Vision interests. Its first-author publication table lists ARC-Loc (ECCV 2026) and an ETRI Journal article, with no eligible scoped venue before the cutoff. Hanyang Spatial AI Lab independently lists ARC-Loc with matching coauthors and affiliation.",CVPR; ICCV; ECCV; NeurIPS; ICLR; ICML; SIGGRAPH; SIGGRAPH Asia; IROS; ICRA; RA-L,2026-03-05T23:00:00+01:00,"Main-conference full paper or RA-L journal article published on or before the cutoff; first-listed authorship only. Workshops, posters, demos, abstracts, and unverified identity matches are excluded.",0,,,,identity_resolved_prior_work_review_incomplete,0,partial,https://eccv.ecva.net/virtual/2026/poster/3676,The official/personal publication list was reviewed for first-listed works; the listed ETRI Journal article is outside the defined venue scope. ARC-Loc is the target ECCV 2026 record.
dbab2adc8f9d078009ee3fa810bea142,3678,Residual-Guided Expert Specialization for Incomplete Multimodal Learning,Seunghun Baek,Pohang University of Science and Technology (POSTECH),KOREAN_UNIVERSITY_GRAD_SCIENCE_INSTITUTE,cai_1lzj1na,resolved,https://habaek4.github.io/,"Seunghun Baek's official personal site identifies him as a fifth-year integrated MSc/PhD student in POSTECH's Medical Information Processing Lab, matching the ECCV candidate name, POSTECH affiliation, and incomplete-multimodal-learning topic. His official CV lists the matching ECCV 2026 candidate work and a pre-cutoff CVPR 2025 Mark4D paper where he is fifth-listed.",CVPR; ICCV; ECCV; NeurIPS; ICLR; ICML; SIGGRAPH; SIGGRAPH Asia; IROS; ICRA; RA-L,2026-03-05T23:00:00+01:00,"Main-conference full paper or RA-L journal article published on or before the cutoff; first-listed authorship only. Workshops, posters, demos, abstracts, and unverified identity matches are excluded.",0,,,,identity_resolved_prior_work_review_incomplete,0,partial,https://eccv.ecva.net/virtual/2026/poster/3678,"No pre-cutoff eligible first-listed paper was verified. Mark4D is a CVPR 2026 paper after the cutoff and is not counted; the official CV also records no other eligible venue first-author work, but an exhaustive venue-by-venue review was not completed."
852c44ddce7e0c7e4c64d86147300831,3682,DA-F2F: Domain-Adaptive Object Detection with Feature-to-Feature Modulation and Alignment,HoTaek Oh,Kangwon National University,KOREAN_UNIVERSITY_GRAD_SCIENCE_INSTITUTE,cai_evpjgt,resolved,https://sites.google.com/view/cvlabknu,"The official Computer Vision Lab at Kangwon National University identifies HoTaek Oh as the author of the ECCV 2026 DA-F2F paper and reports his KNU lab affiliation, matching the candidate.",CVPR; ICCV; ECCV; NeurIPS; ICLR; ICML; SIGGRAPH; SIGGRAPH Asia; IROS; ICRA; RA-L,2026-03-05T23:00:00+01:00,"Main-conference full paper or RA-L journal article published on or before the cutoff; first-listed authorship only. Workshops, posters, demos, abstracts, and unverified identity matches are excluded.",0,,,,identity_resolved_prior_work_review_incomplete,0,partial,https://eccv.ecva.net/virtual/2026/poster/3682,"The official KNU lab page reports only the ECCV 2026 paper and future CVPR 2026 news; no pre-cutoff eligible prior work was verified, but an exact zero is not asserted."
32b991e5d77ad140559ffb95522992d0,3687,A Benchmark for Heterogeneous Stereo Deblurring with Physically- and Epipolar-constrained Cross Attention,Jiah Kim,Pukyong National University,KOREAN_UNIVERSITY_GRAD_SCIENCE_INSTITUTE,cai_1vseeub,resolved,https://pknu-vlab.github.io/peca/,"The official Pukyong National University Vision Lab PECA project page identifies Jiah Kim as a co-first author, gives the Pukyong affiliation, and matches the ECCV 2026 queue title. No earlier eligible first-listed work was found in the limited official-source review.",CVPR; ICCV; ECCV; NeurIPS; ICLR; ICML; SIGGRAPH; SIGGRAPH Asia; IROS; ICRA; RA-L,2026-03-05T23:00:00+01:00,"Main-conference full paper or RA-L journal article published on or before the cutoff; first-listed authorship only. Workshops, posters, demos, abstracts, and unverified identity matches are excluded.",0,,,,identity_resolved_prior_work_review_incomplete,0,partial,https://eccv.ecva.net/virtual/2026/poster/3687,The matched PECA/ECCV 2026 work is post-cutoff and excluded. Exact zero is not asserted because exhaustive review of all eligible venues was not completed.
b096577e264d1ebd6b41041f392eec23,3699,CS-TTA: Preserving Concept Sensitivity in Test-Time Adaptation,Junah Jung,Seoul National University College of Medicine; Seoul National University College of Medicine,KOREAN_UNIVERSITY_GRAD_SCIENCE_INSTITUTE,cai_l5wc63,resolved,https://kr.linkedin.com/in/junah-jung,"The official/current SNU-linked profile identifies Junah Jung at Seoul National University; contemporaneous SNU research-group posts identify Junah Jung as co-first author of the ECCV 2026 CS-TTA paper, matching the candidate title and SNU affiliation. No pre-cutoff eligible prior first-author work was found in the reviewed official traces.",CVPR; ICCV; ECCV; NeurIPS; ICLR; ICML; SIGGRAPH; SIGGRAPH Asia; IROS; ICRA; RA-L,2026-03-05T23:00:00+01:00,"Main-conference full paper or RA-L journal article published on or before the cutoff; first-listed authorship only. Workshops, posters, demos, abstracts, and unverified identity matches are excluded.",0,,,,identity_resolved_prior_work_review_incomplete,0,partial,https://eccv.ecva.net/virtual/2026/poster/3699,The ECCV 2026 CS-TTA record is after the cutoff and is not counted. Co-first status is noted for the candidate paper only; no earlier eligible work was verified.
908a6f6a6c131a850ecb0e3f11b08189,3700,DRPO: Disentangling Demographic Bias from Rewards for Fair Diffusion Alignment,YeonGyu Han,Seoul National University Hospital,KOREAN_UNIVERSITY_OR_HOSPITAL,cai_2nl7la,unresolved,,"The ECCV record and queue give YeonGyu Han with Seoul National University Hospital, but no official personal or institutional profile naming this author was located. General SNUH Healthcare AI pages establish the institution's AI research context but cannot uniquely resolve the candidate identity.",CVPR; ICCV; ECCV; NeurIPS; ICLR; ICML; SIGGRAPH; SIGGRAPH Asia; IROS; ICRA; RA-L,2026-03-05T23:00:00+01:00,"Main-conference full paper or RA-L journal article published on or before the cutoff; first-listed authorship only. Workshops, posters, demos, abstracts, and unverified identity matches are excluded.",0,,,,blocked_on_identity_review,0,unresolved,https://eccv.ecva.net/virtual/2026/poster/3700,Identity is unresolved; no prior-work count is asserted. The candidate ECCV paper is after the cutoff and is not counted.
340a39045c40d50dda207bcfdece883a,3745,Do Flat Minima Improve Sparse Novel View Synthesis?,Youngsik Yun,Yonsei University,KOREAN_UNIVERSITY_GRAD_SCIENCE_INSTITUTE,cai_112zspb,resolved,https://bbangsik13.github.io/,"Official personal site identifies Youngsik Yun as a Yonsei University integrated-PhD researcher in 3D/4D reconstruction and lists the ECCV 2026 paper with the same name, topic, and Yonsei affiliation.",CVPR; ICCV; ECCV; NeurIPS; ICLR; ICML; SIGGRAPH; SIGGRAPH Asia; IROS; ICRA; RA-L,2026-03-05T23:00:00+01:00,"Main-conference full paper or RA-L journal article published on or before the cutoff; first-listed authorship only. Workshops, posters, demos, abstracts, and unverified identity matches are excluded.",1,1,,no,confirmed_not_first,1,high,https://eccv.ecva.net/virtual/2026/poster/3745,The official publication list was reviewed against the scoped venues and 2026-03-05 cutoff. The SIGGRAPH 2025 paper is first-listed and establishes not-first status; no exact count is needed for the binary result. ECCV 2026 and the ECCV 2024 workshop are excluded.
b91b1facf3b3a7890177f02ac188f14c,3756,DINOde: Continuous Vision-Text Alignment for Open-Vocabulary Semantic Segmentation,Sung-Hoon Yoon,Daegu Gyeongbuk Institute of Science and Technology,KOREAN_UNIVERSITY_GRAD_SCIENCE_INSTITUTE,cai_1yvzovh,resolved,https://scholar.dgist.ac.kr/browse-researcher?filter_field_1=nstscs_top_code&filter_field_2=nstscs_mid_code&filter_type_1=equals&filter_type_2=equals&filter_value_1=EE&filter_value_2=EE02&offset=12&page=2&query=&starts_with=,"DGIST's official researcher directory identifies Sung-Hoon Yoon in EECS with multimodal/medical/robotics AI interests, matching the ECCV candidate affiliation; the KAIST VILab and Kuk-Jin Yoon CV provide compatible doctoral/lab history. Official ECCV paper metadata confirms the 2026 candidate title and author identity.",CVPR; ICCV; ECCV; NeurIPS; ICLR; ICML; SIGGRAPH; SIGGRAPH Asia; IROS; ICRA; RA-L,2026-03-05T23:00:00+01:00,"Main-conference full paper or RA-L journal article published on or before the cutoff; first-listed authorship only. Workshops, posters, demos, abstracts, and unverified identity matches are excluded.",0,,,,identity_resolved_prior_work_review_incomplete,0,partial,https://eccv.ecva.net/virtual/2026/poster/3756,"DBLP and official ECVA records were checked for prior scoped venues. Yoon is not first-listed on the identified CVPR 2021, ICCV 2021, ECCV 2022, CVPR 2023, CVPR 2024, or ECCV 2024 papers; no eligible prior first-listed work was entered. Exact zero is not asserted pending exhaustive review. ECCV 2026 is after cutoff."
af44c4c56f385c43f2529f9b1b018f6a,3759,ViewSplat: View-Adaptive Dynamic Gaussian Splatting for Feed-Forward Synthesis,Moonyeon Jeong,"Computer Vision Lab, University of Seoul",KOREAN_UNIVERSITY_GRAD_SCIENCE_INSTITUTE,cai_11z16or,resolved,https://cvlab.uos.ac.kr/,The official University of Seoul Computer Vision Lab page identifies Moonyeon Jeong as a lab member and lists ViewSplat as her ECCV 2026 first-author paper; official UOS news describes her as the undergraduate lead author. This matches the ECCV queue affiliation and title.,CVPR; ICCV; ECCV; NeurIPS; ICLR; ICML; SIGGRAPH; SIGGRAPH Asia; IROS; ICRA; RA-L,2026-03-05T23:00:00+01:00,"Main-conference full paper or RA-L journal article published on or before the cutoff; first-listed authorship only. Workshops, posters, demos, abstracts, and unverified identity matches are excluded.",0,0,,yes,confirmed_first,0,high,https://eccv.ecva.net/virtual/2026/poster/3759,The official UOS CVLab publication page lists ViewSplat and the lab's complete earlier venue publications; Moonyeon Jeong does not appear on any earlier listed eligible work. The ECCV 2026 item is after the cutoff and excluded. Exact zero prior eligible first-author count is therefore supported by the official lab publication list.
24b43fb034a10d78bec71274033b4096,3763,Domain Generalization via Text-Anchored Information Bottleneck,Eunyi Lyou,Seoul National University,KOREAN_UNIVERSITY_GRAD_SCIENCE_INSTITUTE,cai_ojgfc2,resolved,https://vip.snu.ac.kr/viplab/pub.html,Seoul National University's official Visual Information Processing Lab publication page lists Eunyi Lyou as first author of the ECCV 2026 candidate paper and identifies her prior WACV work.,CVPR; ICCV; ECCV; NeurIPS; ICLR; ICML; SIGGRAPH; SIGGRAPH Asia; IROS; ICRA; RA-L,2026-03-05T23:00:00+01:00,"Main-conference full paper or RA-L journal article published on or before the cutoff; first-listed authorship only. Workshops, posters, demos, abstracts, and unverified identity matches are excluded.",0,0,,yes,confirmed_first,0,high,https://eccv.ecva.net/virtual/2026/poster/3763,"The official lab publication list was reviewed for Eunyi Lyou. Her earlier first-listed paper, Modality-Aware Representation Learning for Zero-shot Sketch-based Image Retrieval, is WACV 2024 and therefore excluded by the fixed venue scope. No eligible first-listed CVPR/ICCV/ECCV/NeurIPS/ICLR/ICML/SIGGRAPH/SIGGRAPH Asia/IROS/ICRA/RA-L work was found in the listed record."
09d37c08f7b129e96277388757530c72,3767,Learning to Corrupt for Better Restoration,Joonkyu Park,Seoul National University,KOREAN_UNIVERSITY_GRAD_SCIENCE_INSTITUTE,cai_1oogw60,resolved,https://jkpark08.github.io/,"Official personal profile identifies Joonkyu Park as a Seoul National University computer-vision researcher and lists the target ECCV 2026 paper title. Its publication list matches the CVF author records for the two qualifying prior papers below, establishing identity continuity through name, SNU affiliation, advisor, topic, and collaborators.",CVPR; ICCV; ECCV; NeurIPS; ICLR; ICML; SIGGRAPH; SIGGRAPH Asia; IROS; ICRA; RA-L,2026-03-05T23:00:00+01:00,"Main-conference full paper or RA-L journal article published on or before the cutoff; first-listed authorship only. Workshops, posters, demos, abstracts, and unverified identity matches are excluded.",2,2,,no,confirmed_not_first,2,high,https://eccv.ecva.net/virtual/2026/poster/3767,"Two eligible prior first-listed main-conference papers are verified below. Other profile items are excluded when workshop, preprint-only, or non-first-listed. Exact count is 2 under the stated venue and cutoff rules."
975e6107778ce7a40b9878bfb96a16a7,3773,"Distill Once, Adapt Life-Long: Exploring Dataset Distillation for Continual Test-Time Adaptation",Hyun-Kurl Jang,KAIST,KOREAN_UNIVERSITY_GRAD_SCIENCE_INSTITUTE,cai_1s2wfz1,resolved,https://blue-531.github.io/,"The official personal profile identifies Hyun-Kurl Jang as a KAIST Visual Intelligence Lab Ph.D. student, and the KAIST VILab people page independently lists the same researcher and KAIST email. The personal publication list includes TALoS (NeurIPS 2024) as first author, GMT (ECCV 2024) second author, and the current ECCV 2026 paper.",CVPR; ICCV; ECCV; NeurIPS; ICLR; ICML; SIGGRAPH; SIGGRAPH Asia; IROS; ICRA; RA-L,2026-03-05T23:00:00+01:00,"Main-conference full paper or RA-L journal article published on or before the cutoff; first-listed authorship only. Workshops, posters, demos, abstracts, and unverified identity matches are excluded.",1,1,,no,confirmed_not_first,1,high,https://eccv.ecva.net/virtual/2026/poster/3773,Official personal publication list was reviewed. TALoS is an eligible NeurIPS 2024 main-conference paper and is first-listed (with equal-contribution marker). GMT is ECCV 2024 but Jang is not first-listed; CVPR 2023 Event-Based Video Frame Interpolation also has another first author.
ffbd6cbb019a1413183c8d08f2929307,3785,Text-Guided 6D Object Pose Rearrangement via Closed-Loop VLM Agents,Sangwon Baik,Seoul National University,KOREAN_UNIVERSITY_GRAD_SCIENCE_INSTITUTE,cai_1t1e77d,resolved,https://tlb-miss.github.io/,Sangwon Baik's official personal site identifies him as an SNU Visual Computing Lab MS/PhD student advised by Hanbyul Joo and lists the ECCV 2026 candidate paper plus the matching ICCV 2025 work and collaborator network.,CVPR; ICCV; ECCV; NeurIPS; ICLR; ICML; SIGGRAPH; SIGGRAPH Asia; IROS; ICRA; RA-L,2026-03-05T23:00:00+01:00,"Main-conference full paper or RA-L journal article published on or before the cutoff; first-listed authorship only. Workshops, posters, demos, abstracts, and unverified identity matches are excluded.",1,1,,no,confirmed_not_first,1,high,https://eccv.ecva.net/virtual/2026/poster/3785,One eligible prior first-listed main-conference paper was verified. The NeurIPS 2025 paper on the personal site lists Baik second (equal contribution) and is excluded from the primary first-listed count. ECCV 2026 paper is after the cutoff and is excluded.
8c9a14ffebb7677d033ffce847991293,3793,VIPS: Vehicle-Infrastructure Cooperative Planning Benchmark via Pseudo-Simulation,Hoonhee Cho,Korea Advanced Institute of Science and Technology,KOREAN_UNIVERSITY_GRAD_SCIENCE_INSTITUTE,cai_4zux6g,resolved,https://chohoonhee.github.io/hoonheecho/,"Hoonhee Cho's official personal page identifies a KAIST post-doctoral researcher who completed a KAIST Robotics PhD in February 2026, with event-camera and stereo-vision research matching the ECCV candidate and KAIST affiliation.",CVPR; ICCV; ECCV; NeurIPS; ICLR; ICML; SIGGRAPH; SIGGRAPH Asia; IROS; ICRA; RA-L,2026-03-05T23:00:00+01:00,"Main-conference full paper or RA-L journal article published on or before the cutoff; first-listed authorship only. Workshops, posters, demos, abstracts, and unverified identity matches are excluded.",12,12,,no,confirmed_not_first,12,high,https://eccv.ecva.net/virtual/2026/poster/3793,The official publication list was reviewed through the cutoff. Twelve pre-cutoff eligible first-listed works were verified; equal-contribution marks are preserved in the authorship basis.
8d30aa96e72440759f74bd2306c1fa3d,3800,Online Versatile Incremental Learning: Towards Class and Domain-Agnostic Adaptation at Any Time,Jaeho Lee,Korea University,KOREAN_UNIVERSITY_GRAD_SCIENCE_INSTITUTE,cai_1i8av7e,resolved,https://vgi.korea.ac.kr/html/members.html,"Korea University's official VGI members page identifies Jae-Ho Lee as a KU AI PhD student; the official ECCV 2024 paper lists Jae-Ho Lee as second author, matching the candidate's incremental-learning topic and prior KU affiliation.",CVPR; ICCV; ECCV; NeurIPS; ICLR; ICML; SIGGRAPH; SIGGRAPH Asia; IROS; ICRA; RA-L,2026-03-05T23:00:00+01:00,"Main-conference full paper or RA-L journal article published on or before the cutoff; first-listed authorship only. Workshops, posters, demos, abstracts, and unverified identity matches are excluded.",0,,,,identity_resolved_prior_work_review_incomplete,0,partial,https://eccv.ecva.net/virtual/2026/poster/3800,"Verified ECCV 2024 paper is eligible but Lee is second-listed (equal contribution noted), so it is not first-author evidence. The second candidate title is later ECCV 2026 work; no exhaustive zero-count review was completed. QA removed non-qualifying evidence rows; count reflects first-listed eligible works only."
f023559c6d59c04e3804209f573dbff9,3801,DARE to Mitigate Hallucination: Dual-path Auto-Regressive-aware Editing,Jaeho Lee,Korea University,KOREAN_UNIVERSITY_GRAD_SCIENCE_INSTITUTE,cai_1i8av7e,resolved,https://vgi.korea.ac.kr/html/members.html,"Korea University's official VGI members page identifies Jae-Ho Lee as a KU AI PhD student; the official ECCV 2024 paper lists Jae-Ho Lee as second author, matching the candidate's incremental-learning topic and prior KU affiliation.",CVPR; ICCV; ECCV; NeurIPS; ICLR; ICML; SIGGRAPH; SIGGRAPH Asia; IROS; ICRA; RA-L,2026-03-05T23:00:00+01:00,"Main-conference full paper or RA-L journal article published on or before the cutoff; first-listed authorship only. Workshops, posters, demos, abstracts, and unverified identity matches are excluded.",0,,,,identity_resolved_prior_work_review_incomplete,0,partial,https://eccv.ecva.net/virtual/2026/poster/3801,"Verified ECCV 2024 paper is eligible but Lee is second-listed (equal contribution noted), so it is not first-author evidence. The second candidate title is later ECCV 2026 work; no exhaustive zero-count review was completed. QA removed non-qualifying evidence rows; count reflects first-listed eligible works only."
72007983849f4fcb0ad565439834756b,3859,NoiseTilt: Noise-Tilted Reverse Kernels for Diffusion Reward Alignment,Jisung Hwang,KAIST,KOREAN_UNIVERSITY_GRAD_SCIENCE_INSTITUTE,cai_rkv24,resolved,https://jisung0111.github.io/,"Jisung Hwang's official KAIST Visual AI Group personal page identifies him as a KAIST PhD student and lists the ECCV 2026 NoiseTilt paper, matching the queue affiliation and title.",CVPR; ICCV; ECCV; NeurIPS; ICLR; ICML; SIGGRAPH; SIGGRAPH Asia; IROS; ICRA; RA-L,2026-03-05T23:00:00+01:00,"Main-conference full paper or RA-L journal article published on or before the cutoff; first-listed authorship only. Workshops, posters, demos, abstracts, and unverified identity matches are excluded.",2,2,,no,confirmed_not_first,2,high,https://eccv.ecva.net/virtual/2026/poster/3859,The official publication list was reviewed through the cutoff. It contains one verified earlier eligible first-listed paper; later ICML 2026 and ECCV 2026 entries are after or at the current paper and excluded.
586f9b4035e5997f77635b13cc04984c,3862,DRIFT: Difficulty-aware Rectified Flows for Through-plane MRI Super-Resolution,Yoonseok Choi,Yonsei University,KOREAN_UNIVERSITY_GRAD_SCIENCE_INSTITUTE,cai_tbnw12,resolved,https://yoonseokchoi-ai.github.io/,"Official personal site identifies Yoonseok Choi as a Yonsei MILAB PhD student, gives a yonsei.ac.kr email, and lists the ECCV 2026 DRIFT paper with matching title and author order.",CVPR; ICCV; ECCV; NeurIPS; ICLR; ICML; SIGGRAPH; SIGGRAPH Asia; IROS; ICRA; RA-L,2026-03-05T23:00:00+01:00,"Main-conference full paper or RA-L journal article published on or before the cutoff; first-listed authorship only. Workshops, posters, demos, abstracts, and unverified identity matches are excluded.",0,0,,yes,confirmed_first,0,high,https://eccv.ecva.net/virtual/2026/poster/3862,Official publication list reviewed through cutoff: no prior eligible first-listed work. MICCAI/CMPB are outside scope; ECCV 2026 is post-cutoff.
7d2be41b1bde6ff8fe45150c37488ebb,3876,GeoNVS: Geometry Grounded Video Diffusion for Novel View Synthesis,Minjun Kang,KAIST,KOREAN_UNIVERSITY_GRAD_SCIENCE_INSTITUTE,cai_1klag93,resolved,https://www.ecva.net/papers/eccv_2022/papers_ECCV/papers/136680176.pdf,Official ECCV 2022 proceedings list Minjun Kang first with KAIST affiliation/email; KAIST VILab roster independently lists Minjun Kang with KAIST email.,CVPR; ICCV; ECCV; NeurIPS; ICLR; ICML; SIGGRAPH; SIGGRAPH Asia; IROS; ICRA; RA-L,2026-03-05T23:00:00+01:00,"Main-conference full paper or RA-L journal article published on or before the cutoff; first-listed authorship only. Workshops, posters, demos, abstracts, and unverified identity matches are excluded.",1,1,,no,confirmed_not_first,1,high,https://eccv.ecva.net/virtual/2026/poster/3876,ECCV 2022 establishes not-first; later CVPR 2025 Any6D lists Kang third and is not counted.
895daa408f494ad58006c47a30f51c1f,3904,REON-NVS: Real-Time Online Novel-View Synthesis from Sparse-View Videos,Daeyeon Kim,POSTECH,KOREAN_UNIVERSITY_GRAD_SCIENCE_INSTITUTE,cai_168kmvb,resolved,https://daeyeonkr.github.io/,"Daeyeon Kim's official personal site identifies the author as an M.S. student in POSTECH Computer Graphics Lab, advised by Sunghyun Cho, with interests in novel-view synthesis and 3D reconstruction. The same page lists REON-NVS with the exact queue title and Daeyeon Kim first in the author list.",CVPR; ICCV; ECCV; NeurIPS; ICLR; ICML; SIGGRAPH; SIGGRAPH Asia; IROS; ICRA; RA-L,2026-03-05T23:00:00+01:00,"Main-conference full paper or RA-L journal article published on or before the cutoff; first-listed authorship only. Workshops, posters, demos, abstracts, and unverified identity matches are excluded.",0,,,,identity_resolved_prior_work_review_incomplete,0,partial,https://eccv.ecva.net/virtual/2026/poster/3904,"The official page lists a CVPR 2026 paper where Daeyeon Kim is not first, but CVPR 2026 is after the cutoff and therefore not counted. No eligible prior first-listed work was verified in this limited pass; exhaustive review remains pending."
16738419b15b05e74e1ecb164430bfa8,3930,Delaunay Canopy: Building Wireframe Reconstruction from Airborne LiDAR Point Clouds via Delaunay Graph,Donghyun Kim,Emory University; Yonsei University,KOREAN_UNIVERSITY_GRAD_SCIENCE_INSTITUTE,cai_14zol5l,resolved,https://dannyboy0103.github.io/,"Donghyun Kim's official personal publication page lists the ECCV 2026 Delaunay Canopy paper and the AAAI 2025 PLATYPUS paper, and the official project page confirms Yonsei University and Emory University affiliations, matching the queue candidate.",CVPR; ICCV; ECCV; NeurIPS; ICLR; ICML; SIGGRAPH; SIGGRAPH Asia; IROS; ICRA; RA-L,2026-03-05T23:00:00+01:00,"Main-conference full paper or RA-L journal article published on or before the cutoff; first-listed authorship only. Workshops, posters, demos, abstracts, and unverified identity matches are excluded.",0,,,,identity_resolved_prior_work_review_incomplete,0,partial,https://eccv.ecva.net/virtual/2026/poster/3930,"The only earlier first-listed work found in the official personal page is PLATYPUS at AAAI 2025, outside the fixed venue scope. Delaunay Canopy is ECCV 2026 and after the cutoff. No qualifying prior first-listed work was confirmed, but the available page is not an exhaustive CV."
63ce12dcf1ede17589befd56bb5281a5,3932,Ray-Path-Aware Virtual Point Removal on 2D Layer-Wise Nearest Point Map,DAEHYEON JEON,UNIST,KOREAN_UNIVERSITY_GRAD_SCIENCE_INSTITUTE,cai_1w4p635,resolved,https://oroadingo.github.io/eccv2026-vpr/,"The official ECCV project page identifies Dae Hyeon Jeon as first author of the queue title, gives UNIST affiliation and a UNIST email address, and links an ORCID record. This is compatible with the queue's DAEHYEON JEON/UNIST identity despite spacing/capitalization normalization.",CVPR; ICCV; ECCV; NeurIPS; ICLR; ICML; SIGGRAPH; SIGGRAPH Asia; IROS; ICRA; RA-L,2026-03-05T23:00:00+01:00,"Main-conference full paper or RA-L journal article published on or before the cutoff; first-listed authorship only. Workshops, posters, demos, abstracts, and unverified identity matches are excluded.",0,,,,identity_resolved_prior_work_review_incomplete,0,partial,https://eccv.ecva.net/virtual/2026/poster/3932,"The official project page is for the ECCV 2026 paper itself and supplies identity evidence, but no prior publication CV or complete official publication list was located; no eligible prior first-listed work is asserted."
b4affa4f6b27df047d63d66fe4ac5600,3937,DepWorldSG: Depth-Aware 3D Semantic Scene Graph Generation via World-Model Priors,Seok-Young Kim,KAIST,KOREAN_UNIVERSITY_GRAD_SCIENCE_INSTITUTE,cai_1u82pxo,resolved,https://seokyoung.com/,"Seok-Young Kim's official personal site identifies him as a KAIST UVR Lab PhD student, gives a KAIST email, and lists the ECCV candidate DeWorldSG as first author. The profile's education, lab, topic, and publication details match the KAIST queue affiliation and candidate title.",CVPR; ICCV; ECCV; NeurIPS; ICLR; ICML; SIGGRAPH; SIGGRAPH Asia; IROS; ICRA; RA-L,2026-03-05T23:00:00+01:00,"Main-conference full paper or RA-L journal article published on or before the cutoff; first-listed authorship only. Workshops, posters, demos, abstracts, and unverified identity matches are excluded.",0,,,,identity_resolved_prior_work_review_incomplete,0,partial,https://eccv.ecva.net/virtual/2026/poster/3937,"No eligible pre-cutoff first-listed paper was found in the reviewed official personal site/CV. Listed prior works are TVCG 2026, SIGGRAPH Asia 2025 demo, UIST Adjunct 2025, and domestic conferences, none eligible under the defined scope. Exact zero is not asserted because exhaustive review remains incomplete."
c563c2c394023a07d56ad6b3eb09537a,3949,Different Changes Require Different Reasoning: Change-Type-Specialized Experts for Robust Change Captioning,Jiyoung Park,Kyung Hee University,KOREAN_UNIVERSITY_GRAD_SCIENCE_INSTITUTE,cai_fw6dki,resolved,https://visualai.khu.ac.kr/publication/domestic,"Kyung Hee University's official Visual AI Lab publication page identifies Jiyoung Park as a change-captioning researcher and lists related 2024–2025 works. The ECCV queue title and the later official preprint use the same name, collaborators, and change-captioning research line, supporting identity linkage to the KHU candidate.",CVPR; ICCV; ECCV; NeurIPS; ICLR; ICML; SIGGRAPH; SIGGRAPH Asia; IROS; ICRA; RA-L,2026-03-05T23:00:00+01:00,"Main-conference full paper or RA-L journal article published on or before the cutoff; first-listed authorship only. Workshops, posters, demos, abstracts, and unverified identity matches are excluded.",0,,,,identity_resolved_prior_work_review_incomplete,0,partial,https://eccv.ecva.net/virtual/2026/poster/3949,The ECCV 2026 paper and September 2026 preprint are after the cutoff. The lab page's domestic publications and the 2025 CORTEX preprint are outside the eligible venue scope. No eligible prior first-listed paper was found in the limited review; exact zero is not asserted.
c3810d4a9513b028fc0f2a83cb6d7b50,3978,FrozenDrive: Zero-Shot Text-Guided Driving Scene Generation and Data Augmentation with Parameter-Free Frozen Diffusion Model,Yuhwan Jeong,KAIST,KOREAN_UNIVERSITY_GRAD_SCIENCE_INSTITUTE,cai_12hulj8,resolved,https://jeongyh98.github.io/,"Official personal site identifies Yuhwan Jeong as a KAIST Mechanical Engineering PhD student and lists FrozenDrive with the same title, author order, and KAIST context as the ECCV candidate.",CVPR; ICCV; ECCV; NeurIPS; ICLR; ICML; SIGGRAPH; SIGGRAPH Asia; IROS; ICRA; RA-L,2026-03-05T23:00:00+01:00,"Main-conference full paper or RA-L journal article published on or before the cutoff; first-listed authorship only. Workshops, posters, demos, abstracts, and unverified identity matches are excluded.",2,2,,no,confirmed_not_first,2,high,https://eccv.ecva.net/virtual/2026/poster/3978,Official publication list reviewed through cutoff. Verified eligible first-listed works are ICCV 2025 Robust Adverse Weather Removal and ECCV 2024 Towards robust event-based networks (equal-first). The ICCV 2023 Non-coaxial work is non-first for Yuhwan Jeong. Exact prior eligible first-author count is 2; CVPR 2024/2026 works are non-first or after cutoff. QA removed non-qualifying evidence rows; count reflects first-listed eligible works only.
ca8a2d76a5bcc212226417361a5f0740,4019,PriSplat: Propagating Reliable Multi-view Information for Distractor-Free 3DGS,Yunseo Yang,KAIST,KOREAN_UNIVERSITY_GRAD_SCIENCE_INSTITUTE,cai_1f7fb09,resolved,https://vi.kaist.ac.kr/pages/people/,"KAIST Visual Intelligence Lab's official people page lists Yunseo Yang (acorn@kaist.ac.kr). Official ICLR 2023 and ICCV 2023 records connect the same KAIST identity, collaborators, and research topic; the official ECCV poster record matches the queue paper and affiliation.",CVPR; ICCV; ECCV; NeurIPS; ICLR; ICML; SIGGRAPH; SIGGRAPH Asia; IROS; ICRA; RA-L,2026-03-05T23:00:00+01:00,"Main-conference full paper or RA-L journal article published on or before the cutoff; first-listed authorship only. Workshops, posters, demos, abstracts, and unverified identity matches are excluded.",0,,,,identity_resolved_prior_work_review_incomplete,0,partial,https://eccv.ecva.net/virtual/2026/poster/4019,"The verified ICLR 2023, ICCV 2023, and CVPR 2026 records list Yunseo Yang as a non-first author; CVPR 2026 is after the cutoff. No eligible prior first-listed work was found, but no exhaustive personal CV was located, so exact zero is not asserted."
8196e8d0f9ee7dfdfc7e11dbbfa30d77,4036,Enhancing Embodied Reasoning and Grounding by Novel View Synthesis,Yu-Ji Kim,POSTECH,KOREAN_UNIVERSITY_GRAD_SCIENCE_INSTITUTE,cai_12ozdml,resolved,https://ug-kim.github.io/,Official personal site identifies Yu-Ji Kim as a POSTECH AI PhD student advised by Tae-Hyun Oh and lists the ECCV 2026 Image SplatReasoner paper matching the candidate.,CVPR; ICCV; ECCV; NeurIPS; ICLR; ICML; SIGGRAPH; SIGGRAPH Asia; IROS; ICRA; RA-L,2026-03-05T23:00:00+01:00,"Main-conference full paper or RA-L journal article published on or before the cutoff; first-listed authorship only. Workshops, posters, demos, abstracts, and unverified identity matches are excluded.",0,,,,identity_resolved_prior_work_review_incomplete,0,partial,https://eccv.ecva.net/virtual/2026/poster/4036,The official publication list shows no prior eligible first-listed work. CVPR 2025 and ICCV 2023 works list Yu-Ji Kim after the first author; ECCV 2022 lists Kim Jun-Seong first with Yu-Ji Kim equal-contributing second. BMVC is out of scope. Exact prior eligible first-author count is 0.
8ccfb1140664a5fa63177fb6e07352f0,4039,"ARGOS: Who, Where, and When in Agentic Multi-Camera Person Search",Myungchul Kim,Korea Advanced Institute of Science & Technology,KOREAN_UNIVERSITY_GRAD_SCIENCE_INSTITUTE,cai_f1p5x0,resolved,https://kr.linkedin.com/in/myungchul-jaden-kim,"The official/professional profile identifies Myungchul Kim as a KAIST PhD candidate co-advised by Junmo Kim and In So Kweon, matching the ECCV ARGOS author list and KAIST affiliation. Official CVPR/WACV records connect the same name, KAIST email, and collaborator network.",CVPR; ICCV; ECCV; NeurIPS; ICLR; ICML; SIGGRAPH; SIGGRAPH Asia; IROS; ICRA; RA-L,2026-03-05T23:00:00+01:00,"Main-conference full paper or RA-L journal article published on or before the cutoff; first-listed authorship only. Workshops, posters, demos, abstracts, and unverified identity matches are excluded.",0,,,,identity_resolved_prior_work_review_incomplete,0,partial,https://eccv.ecva.net/virtual/2026/poster/4039,"The verified prior WACV 2021 paper has Myungchul Kim first but WACV is outside the fixed venue scope. The official CVPR 2024 MTMMC paper includes him fourth, not first. ARGOS is dated April 2026, after the cutoff. No eligible prior first-listed work was verified; exact zero is not claimed."
fe7ecc4de28b2c83c016b5c6c2acd826,4040,Reflection-aware generative novel view synthesis,GeonU Kim,Korea Advanced Institute of Science and Technology (KAIST),KOREAN_UNIVERSITY_GRAD_SCIENCE_INSTITUTE,cai_pm0chr,resolved,https://kim-geonu.github.io/,"Official personal profile identifies GeonU Kim as a KAIST AMI Lab PhD student supervised by Tae-Hyun Oh, matching the KAIST ECCV affiliation and 3D novel-view-synthesis topic.",CVPR; ICCV; ECCV; NeurIPS; ICLR; ICML; SIGGRAPH; SIGGRAPH Asia; IROS; ICRA; RA-L,2026-03-05T23:00:00+01:00,"Main-conference full paper or RA-L journal article published on or before the cutoff; first-listed authorship only. Workshops, posters, demos, abstracts, and unverified identity matches are excluded.",0,0,,yes,confirmed_first,0,high,https://eccv.ecva.net/virtual/2026/poster/4040,"The official publication list was reviewed through the cutoff. It contains qualifying CVPR/RA-L/ECCV papers, but GeonU Kim is not first-listed on any of them; no prior first-author paper was found. AAAI 2024 is outside the defined venue scope."
41b0db49fd10d95920281dead0710f58,4048,APT: Anchor-aligned Perturbations for Tamper Localization in Fully Regenerated Images,Suhyeon Ha,KAIST,KOREAN_UNIVERSITY_GRAD_SCIENCE_INSTITUTE,cai_1q5lcj,resolved,https://suhyeonha.github.io/,Suhyeon Ha's official personal site identifies her as a KAIST School of Computing PhD student and lists the ECCV 2026 APT paper with the same first-author name and KAIST lab affiliation; the KAIST SGVR profile independently identifies Suhyeon Ha.,CVPR; ICCV; ECCV; NeurIPS; ICLR; ICML; SIGGRAPH; SIGGRAPH Asia; IROS; ICRA; RA-L,2026-03-05T23:00:00+01:00,"Main-conference full paper or RA-L journal article published on or before the cutoff; first-listed authorship only. Workshops, posters, demos, abstracts, and unverified identity matches are excluded.",0,,,,identity_resolved_prior_work_review_incomplete,0,partial,https://eccv.ecva.net/virtual/2026/poster/4048,"The official publication list was checked for the scoped venues. It lists no prior eligible first-listed main-conference paper; listed prior works are workshops, journals outside RA-L, or papers where Ha is not first. Exact zero is not asserted because an exhaustive venue-by-venue review is pending. ECCV 2026 is after cutoff."
4e2ecebbfafe27a7c00e0462fad0873a,4093,STARLINC: Satellite Trail Artifact Removal using Inter-Frame Correlation,Shingeon Kim,Seoul National University,KOREAN_UNIVERSITY_GRAD_SCIENCE_INSTITUTE,cai_1nugdnl,resolved,https://ais.snu.ac.kr/members/ShingeonKim.html,"The official Seoul National University AISys Lab profile identifies Shingeon Kim as an SNU ECE graduate student and lists STARLINC as his ECCV 2026 publication, matching the ECCV candidate name, affiliation, and title.",CVPR; ICCV; ECCV; NeurIPS; ICLR; ICML; SIGGRAPH; SIGGRAPH Asia; IROS; ICRA; RA-L,2026-03-05T23:00:00+01:00,"Main-conference full paper or RA-L journal article published on or before the cutoff; first-listed authorship only. Workshops, posters, demos, abstracts, and unverified identity matches are excluded.",0,,,,identity_resolved_prior_work_review_incomplete,0,partial,https://eccv.ecva.net/virtual/2026/poster/4093,"No eligible prior first-listed top-tier work was found in the official profile's listed record, but an exhaustive review across all scoped venues was not completed, so exact zero is not asserted. The ApJ papers listed for 2026 are outside the venue scope and after the cutoff; ECCV 2026 is after the cutoff."
c89ca36e4d0430e75ca2390470a59a59,4096,"Rethinking Garment Conditioning in Diffusion-based Virtual Try-On: Decouple, Don't Denoise",Kihyun Na,Handong Global University,KOREAN_UNIVERSITY_GRAD_SCIENCE_INSTITUTE,cai_1dl94c2,resolved,https://www.sciencedirect.com/science/article/abs/pii/S1077314225000840,"The official ScienceDirect publisher record for MF-LPR2 identifies Kihyun Na, states his BS from Handong Global University and current PhD there, and describes his computer-vision research. This resolves the name/Handong identity despite an older university news item spelling the name Gihyun in a participant list.",CVPR; ICCV; ECCV; NeurIPS; ICLR; ICML; SIGGRAPH; SIGGRAPH Asia; IROS; ICRA; RA-L,2026-03-05T23:00:00+01:00,"Main-conference full paper or RA-L journal article published on or before the cutoff; first-listed authorship only. Workshops, posters, demos, abstracts, and unverified identity matches are excluded.",0,,,,identity_resolved_prior_work_review_incomplete,0,partial,https://eccv.ecva.net/virtual/2026/poster/4096,No eligible prior first-listed work was found in the limited official-publisher search. Kihyun Na's 2025 virtual-try-on and license-plate records are preprints/journal or outside the specified venues and were not counted; exact zero is not asserted.
e7023ba77a45f7e84c5ee8a28dd63585,4118,GoStop: Reinforcement Learning for Adaptive Temporal Aggregation in Event-Based Feature Tracking,Youngho Kim,Korea Advanced Institute of Science & Technology,KOREAN_UNIVERSITY_GRAD_SCIENCE_INSTITUTE,cai_13hpuu3,resolved,https://vi.kaist.ac.kr/pages/people/,Official KAIST Visual Intelligence Lab page identifies Youngho Kim as a KAIST Mechanical Engineering master's student with kmax2001@kaist.ac.kr. Official GoStop project/arXiv record lists Youngho Kim first and matches the ECCV candidate.,CVPR; ICCV; ECCV; NeurIPS; ICLR; ICML; SIGGRAPH; SIGGRAPH Asia; IROS; ICRA; RA-L,2026-03-05T23:00:00+01:00,"Main-conference full paper or RA-L journal article published on or before the cutoff; first-listed authorship only. Workshops, posters, demos, abstracts, and unverified identity matches are excluded.",0,,,,identity_resolved_prior_work_review_incomplete,0,partial,https://eccv.ecva.net/virtual/2026/poster/4118,No eligible prior first-listed work found in limited official review; exact zero not asserted. GoStop ECCV 2026 is post-cutoff.
861637a425ef06e6d539aaaff113d1d5,4121,Memory-V2V: Memory-Augmented Video-to-Video Diffusion for Consistent Multi-Turn Editing,Dohun Lee,Korea Advanced Institute of Science and Technology,KOREAN_UNIVERSITY_GRAD_SCIENCE_INSTITUTE,cai_1t7khxo,resolved,https://github.com/DoHunLee1,Official GitHub profile identifies DoHun Lee with KAIST AI affiliation and links the official VideoGuide repository. The KAIST library record independently identifies Dohun Lee as author of the queue's Memory-V2V thesis/paper.,CVPR; ICCV; ECCV; NeurIPS; ICLR; ICML; SIGGRAPH; SIGGRAPH Asia; IROS; ICRA; RA-L,2026-03-05T23:00:00+01:00,"Main-conference full paper or RA-L journal article published on or before the cutoff; first-listed authorship only. Workshops, posters, demos, abstracts, and unverified identity matches are excluded.",1,,,no,confirmed_not_first,1,partial,https://eccv.ecva.net/virtual/2026/poster/4121,"One verified eligible prior first-listed paper is sufficient to establish that the candidate is not first-paper eligible. Exact historical count was not established from an exhaustive CV, so completeness remains incomplete."
0397758f8990c1b41b81b43ac389ab9f,4132,Preserving Knowledge across Space and Time for Continual Video Deepfake Detection,Taehoon Kim,Chung-Ang University,KOREAN_UNIVERSITY_GRAD_SCIENCE_INSTITUTE,cai_kxnc4p,resolved,https://sites.google.com/vilab.cau.ac.kr/thkim/home,"The official Chung-Ang University Visual Intelligence Lab profile identifies Taehoon Kim as a Ph.D. student at CAU, gives the CAU lab email, and lists the ECCV 2026 candidate paper Preserving Knowledge across Space and Time for Continual Video Deepfake Detection. The profile's media-forensics topic and collaborator list are consistent with the ECVA record.",CVPR; ICCV; ECCV; NeurIPS; ICLR; ICML; SIGGRAPH; SIGGRAPH Asia; IROS; ICRA; RA-L,2026-03-05T23:00:00+01:00,"Main-conference full paper or RA-L journal article published on or before the cutoff; first-listed authorship only. Workshops, posters, demos, abstracts, and unverified identity matches are excluded.",1,,,no,confirmed_not_first,1,partial,https://eccv.ecva.net/virtual/2026/poster/4132,One verified eligible prior first-listed paper establishes that the candidate is not a first-time top-tier first author. The exact count is not asserted because the venue-by-venue review was not exhaustive; ECCV 2026 is after the 2026-03-05 cutoff.
9f9e8cba3700df6a947a8cf91035ab84,4146,TMI: Text-to-Image Meets Image-to-Image for Complementary Data Synthesis to Boost Long-Tailed Instance Segmentation,Hyeonseop Song,LG Electronins,KOREAN_COMPANY,cai_mn3icz,resolved,https://seokhunchoi.github.io/Blending-NeRF/,"The official Blending-NeRF project page lists Hyeonseop Song first (equal contribution), with LG Electronics affiliation, and the same research collaborators as the ECCV candidate. The official ICCV proceedings/table of contents also lists Song first and LG Electronics. This resolves the candidate to the LG researcher and establishes an eligible ICCV 2023 prior first-listed paper.",CVPR; ICCV; ECCV; NeurIPS; ICLR; ICML; SIGGRAPH; SIGGRAPH Asia; IROS; ICRA; RA-L,2026-03-05T23:00:00+01:00,"Main-conference full paper or RA-L journal article published on or before the cutoff; first-listed authorship only. Workshops, posters, demos, abstracts, and unverified identity matches are excluded.",1,,,no,confirmed_not_first,1,partial,https://eccv.ecva.net/virtual/2026/poster/4146,"At least one verified eligible prior first-listed work establishes that the candidate was not first-time eligible. A public CV or complete publication list for Hyeonseop Song was not located, so exact count is not asserted. PoseSyn (ICCV 2025) lists ChangHee Yang first, with Song equal-contribution second, and is not counted as first-listed for Song."
cb59b747f88a35e0d452377f60f7c25f,4156,RainODE: Continuous-Time Precipitation Forecasting with Latent Neural ODEs,Yeeun Seong,Korea Advanced Institute of Science & Technology,KOREAN_UNIVERSITY_GRAD_SCIENCE_INSTITUTE,cai_jx2bx,resolved,https://cilabs.kaist.ac.kr/members/ph-d,"The official KAIST CI Lab PhD-student page lists Yeeun Seong, and the official lab publication page lists RainODE with Yeeun Seong first/equal-contributor and KAIST lab context, matching the ECCV candidate identity and topic.",CVPR; ICCV; ECCV; NeurIPS; ICLR; ICML; SIGGRAPH; SIGGRAPH Asia; IROS; ICRA; RA-L,2026-03-05T23:00:00+01:00,"Main-conference full paper or RA-L journal article published on or before the cutoff; first-listed authorship only. Workshops, posters, demos, abstracts, and unverified identity matches are excluded.",0,,,,identity_resolved_prior_work_review_incomplete,0,partial,https://eccv.ecva.net/virtual/2026/poster/4156,"RainODE is the ECCV 2026 candidate paper and is after the cutoff; its equal-first note is recorded by the official lab page. No earlier eligible first-listed paper was found in the official lab pages reviewed, but they are not an exhaustive dated CV, so exact zero is not asserted."
d71dd235287466052f1630f31bde7932,4158,StructureGS: Structure-aware Gaussian Splatting for Articulated Object Reconstruction,GaHye Lee,POSTECH,KOREAN_UNIVERSITY_GRAD_SCIENCE_INSTITUTE,cai_cap2jl,resolved,https://cg.postech.ac.kr/ourteam,POSTECH Computer Graphics Lab's official team page lists Gahye Lee as a PhD student in 3D vision; the lab's official news page lists the ECCV 2026 StructureGS paper with Gahye Lee first.,CVPR; ICCV; ECCV; NeurIPS; ICLR; ICML; SIGGRAPH; SIGGRAPH Asia; IROS; ICRA; RA-L,2026-03-05T23:00:00+01:00,"Main-conference full paper or RA-L journal article published on or before the cutoff; first-listed authorship only. Workshops, posters, demos, abstracts, and unverified identity matches are excluded.",0,,,,identity_resolved_prior_work_review_incomplete,0,partial,https://eccv.ecva.net/virtual/2026/poster/4158,"Deep Polycuboid Fitting for Compact 3D Representation of Indoor Scenes (3DV 2025) is first-authored by Gahye Lee but 3DV is outside the fixed venue scope. The official team/news pages establish identity and the known prior, but do not expose an exhaustive personal publication list."
096ffc299200f51751b08da6d865ae95,4159,"RAF: Reliability-Aware Fusion of Camera, LiDAR, and 4D RADAR for Robust 3D Object Detection in Adverse Weather",Heejun Park,Korea Advanced Institute of Science & Technology,KOREAN_UNIVERSITY_GRAD_SCIENCE_INSTITUTE,cai_1a9381q,resolved,https://vi.kaist.ac.kr/pages/people/,"The official KAIST Visual Intelligence Lab people page identifies Heejun Park as a KAIST Division of Future Vehicle master's student in 3D computer vision, matching the ECCV candidate. The official ICCV record for the target's collaborator paper uses the same KAIST email identity.",CVPR; ICCV; ECCV; NeurIPS; ICLR; ICML; SIGGRAPH; SIGGRAPH Asia; IROS; ICRA; RA-L,2026-03-05T23:00:00+01:00,"Main-conference full paper or RA-L journal article published on or before the cutoff; first-listed authorship only. Workshops, posters, demos, abstracts, and unverified identity matches are excluded.",0,,,,identity_resolved_prior_work_review_incomplete,0,partial,https://eccv.ecva.net/virtual/2026/poster/4159,"Doppler-Aware LiDAR-RADAR Fusion is an ICCV 2025 paper with Heejun Park second-listed, so it is excluded by the first-author rule. No pre-cutoff eligible first-listed work was found, but exhaustive review was not possible."
8289889263db4a40463e3f358bb7c7a1,4172,AnchorPrune: Relevance-Anchored Contextual Expansion for Visual Token Pruning,Kyuan Oh,Chung-Ang University,KOREAN_UNIVERSITY_GRAD_SCIENCE_INSTITUTE,cai_7x33y1,resolved,https://kyuanoh.github.io/,"Kyuan Oh's official personal site identifies him as a Chung-Ang University AI B.S. candidate and MULTI Lab researcher, and lists the ECCV 2026 paper plus two ICTC 2025 papers. Chung-Ang's official MULTI Lab members page independently lists Kyuan Oh and matching research interests.",CVPR; ICCV; ECCV; NeurIPS; ICLR; ICML; SIGGRAPH; SIGGRAPH Asia; IROS; ICRA; RA-L,2026-03-05T23:00:00+01:00,"Main-conference full paper or RA-L journal article published on or before the cutoff; first-listed authorship only. Workshops, posters, demos, abstracts, and unverified identity matches are excluded.",0,,,,identity_resolved_prior_work_review_incomplete,0,partial,https://eccv.ecva.net/virtual/2026/poster/4172,No eligible scoped prior first-listed paper was verified. ICTC 2025 papers are outside the defined venue scope; exact zero is not asserted. ECCV 2026 paper is after cutoff.
d6317f80523fdf2a7375da19c9a006b8,4174,Geometry-Aware Style Transfer in 3D Gaussian Splatting,Min Hyeok Bang,Jeonbuk National University,KOREAN_UNIVERSITY_GRAD_SCIENCE_INSTITUTE,cai_18cbfg7,resolved,https://oweixx.github.io/,"Min Hyeok Bang's official personal site identifies him as a Jeonbuk National University computer-science undergraduate and lists Geometry-Aware Style Transfer in 3D Gaussian Splatting as his ECCV 2026 paper, matching the queue affiliation and official ECCV record. The JBNU VILab page independently confirms the student and paper context.",CVPR; ICCV; ECCV; NeurIPS; ICLR; ICML; SIGGRAPH; SIGGRAPH Asia; IROS; ICRA; RA-L,2026-03-05T23:00:00+01:00,"Main-conference full paper or RA-L journal article published on or before the cutoff; first-listed authorship only. Workshops, posters, demos, abstracts, and unverified identity matches are excluded.",0,0,,yes,confirmed_first,0,high,https://eccv.ecva.net/virtual/2026/poster/4174,"The official personal publication list contains only the ECCV 2026 paper, which is after the 2026-03-05 cutoff. The official VILab page confirms the same work and student context. Exact prior eligible first-author count is zero."
0b081776bae790b4ee7c059c23b96b3a,4193,PIAvatar: Physically Interactive Avatars via Deformation Gradient Decoupling,Sang-Hun Han,Gwangju Institute of Science and Technology,KOREAN_UNIVERSITY_GRAD_SCIENCE_INSTITUTE,cai_1hqfvre,resolved,https://sites.google.com/site/hgjeoncv/team,"Official GIST computer-vision team page lists Sang-Hun Han as an Integrated AI Graduate School member and provides the GIST email sanghunhan@gm.gist.ac.kr, matching the ECCV queue affiliation. No authoritative personal CV or publication list was located.",CVPR; ICCV; ECCV; NeurIPS; ICLR; ICML; SIGGRAPH; SIGGRAPH Asia; IROS; ICRA; RA-L,2026-03-05T23:00:00+01:00,"Main-conference full paper or RA-L journal article published on or before the cutoff; first-listed authorship only. Workshops, posters, demos, abstracts, and unverified identity matches are excluded.",0,,,,identity_resolved_prior_work_review_incomplete,0,partial,https://eccv.ecva.net/virtual/2026/poster/4193,"Identity is linked to the GIST team, but the available official page has no publication list. No eligible prior work was counted; exact zero cannot be asserted."
b64a70760bb75e3ecfd1ad86d8f10c88,4200,NGPS: Structure-Preserving Self-Supervised Denoising via Neighbor-Guided Patch Sampling,Jaehyun Cho,Chung-Ang University Seoul,KOREAN_UNIVERSITY_GRAD_SCIENCE_INSTITUTE,cai_6itkma,unresolved,,"The official arXiv record for the queue-title NGPS paper identifies Jaehyun Cho as first author, but available institutional evidence conflicts: an official Chung-Ang University page identifies a different Jaehyun Cho as an energy-systems professor, while an IEEE Access record places a Jaehyun Cho at Hansung University. No authoritative profile links the ECCV candidate to the queue's Chung-Ang University affiliation.",CVPR; ICCV; ECCV; NeurIPS; ICLR; ICML; SIGGRAPH; SIGGRAPH Asia; IROS; ICRA; RA-L,2026-03-05T23:00:00+01:00,"Main-conference full paper or RA-L journal article published on or before the cutoff; first-listed authorship only. Workshops, posters, demos, abstracts, and unverified identity matches are excluded.",0,,,,blocked_on_identity_review,0,unresolved,https://eccv.ecva.net/virtual/2026/poster/4200,"NGPS is dated June 2026, after the cutoff and is not an eligible prior. The same-name IEEE Access 2026 article is outside the fixed venue scope and cannot resolve the identity."
427e3427c5f38a41bb9cb26525b22fba,4201,CoIn: Comprehensive 2D-3D Inpainting with Gaussian Splatting Guidance,Hana Kim,LG Electronics,KOREAN_COMPANY,cai_7t4rru,unresolved,,"The official ECCV accepted-paper listing and arXiv record identify Hana Kim as first author of the candidate CoIn paper, but no authoritative person-level profile was found that links this author to the queue's LG Electronics affiliation; multiple unrelated Hana Kim profiles exist.",CVPR; ICCV; ECCV; NeurIPS; ICLR; ICML; SIGGRAPH; SIGGRAPH Asia; IROS; ICRA; RA-L,2026-03-05T23:00:00+01:00,"Main-conference full paper or RA-L journal article published on or before the cutoff; first-listed authorship only. Workshops, posters, demos, abstracts, and unverified identity matches are excluded.",0,,,,blocked_on_identity_review,0,unresolved,https://eccv.ecva.net/virtual/2026/poster/4201,No eligible prior work was entered without identity resolution. The ECCV 2026 CoIn paper is after the cutoff and is not counted.
db8419f41d890df802dca330e6284952,4205,InsertAnywhere: Geometrically Grounded and Optics-Aware Video Object Insertion,Hoiyeong Jin,KAIST,KOREAN_UNIVERSITY_GRAD_SCIENCE_INSTITUTE,cai_160v8n0,resolved,https://davian.kaist.ac.kr/people,"The official KAIST DAVIAN people page identifies Hoiyeong Jin as a computer-vision/generative-models researcher and gives a KAIST email. The DAVIAN publication page lists InsertAnywhere with Hoiyeong Jin first, matching the ECCV candidate title and affiliation.",CVPR; ICCV; ECCV; NeurIPS; ICLR; ICML; SIGGRAPH; SIGGRAPH Asia; IROS; ICRA; RA-L,2026-03-05T23:00:00+01:00,"Main-conference full paper or RA-L journal article published on or before the cutoff; first-listed authorship only. Workshops, posters, demos, abstracts, and unverified identity matches are excluded.",0,,,,identity_resolved_prior_work_review_incomplete,0,partial,https://eccv.ecva.net/virtual/2026/poster/4205,"PromptDresser is an ICCV 2025 paper but Hoiyeong Jin is second-listed; InsertAnywhere is the ECCV 2026 target and after the cutoff. No earlier eligible first-listed work was found on the official lab pages, but the review is not exhaustive."
2c27a260f16ad3098393cc529f391f4a,4226,QWERTY: Training-Free Motion Control via Query-Warped Video Diffusion Transformers,Kyobin Choo,Yonsei University,KOREAN_UNIVERSITY_GRAD_SCIENCE_INSTITUTE,cai_15hmn5b,resolved,https://micv.yonsei.ac.kr/members,"Yonsei University's official MICV members page lists Kyobin Choo as an MS/PhD student in Computer Science with medical-imaging and diffusion-model research. The official MICCAI 2025 proceedings also list the same Kyobin Choo and Yonsei affiliation, matching the ECCV candidate's research identity.",CVPR; ICCV; ECCV; NeurIPS; ICLR; ICML; SIGGRAPH; SIGGRAPH Asia; IROS; ICRA; RA-L,2026-03-05T23:00:00+01:00,"Main-conference full paper or RA-L journal article published on or before the cutoff; first-listed authorship only. Workshops, posters, demos, abstracts, and unverified identity matches are excluded.",0,,,,identity_resolved_prior_work_review_incomplete,0,partial,https://eccv.ecva.net/virtual/2026/poster/4226,No eligible scoped prior first-listed paper was verified. MICCAI 2025 papers found are outside the defined venue scope; exact zero is not asserted. ECCV 2026 paper is after cutoff.
043c2ec6c6390dd0ac5519190a57c88c,4249,Spanning Tree Autoregressive Visual Generation,Sangkyu Lee,Korea Institute of Science and Technology,KOREAN_RESEARCH_INSTITUTE,cai_14mb7nm,resolved,https://oddqueue.github.io/,"Official personal site identifies Sangkyu Lee as a KIST AI and Robotics Institute research scientist intern, with Yonsei degrees and the exact ECCV 2026 STAR title as first-listed author. The site also lists the prior NeurIPS 2025 KL Penalty Control paper as first-listed; the official NeurIPS proceedings PDF confirms name, affiliation, and author order.",CVPR; ICCV; ECCV; NeurIPS; ICLR; ICML; SIGGRAPH; SIGGRAPH Asia; IROS; ICRA; RA-L,2026-03-05T23:00:00+01:00,"Main-conference full paper or RA-L journal article published on or before the cutoff; first-listed authorship only. Workshops, posters, demos, abstracts, and unverified identity matches are excluded.",1,1,,no,confirmed_not_first,1,high,https://eccv.ecva.net/virtual/2026/poster/4249,One eligible prior first-listed work is verified: NeurIPS 2025. ECCV 2026 and CoRL 2026 are after the cutoff; ACL and AAAI are outside the defined venue scope.
3f1656d9668dffcf8119e3ecff873558,4255,Infinite-Homography as Robust Conditioning for Camera-Controlled Video Generation,Min-Jung Kim,KAIST,KOREAN_UNIVERSITY_GRAD_SCIENCE_INSTITUTE,cai_19cht8g,resolved,https://emjay73.github.io/,"Official personal site identifies MinJung/Min-Jung Kim as a KAIST PhD candidate advised by Jaegul Choo, with 3D vision/video-generation interests. The site lists the ECCV 2026 Infinite-Homography paper with the same name, advisor/collaborator, and research topic, matching the ECCV candidate.",CVPR; ICCV; ECCV; NeurIPS; ICLR; ICML; SIGGRAPH; SIGGRAPH Asia; IROS; ICRA; RA-L,2026-03-05T23:00:00+01:00,"Main-conference full paper or RA-L journal article published on or before the cutoff; first-listed authorship only. Workshops, posters, demos, abstracts, and unverified identity matches are excluded.",0,0,,yes,confirmed_first,0,high,https://eccv.ecva.net/virtual/2026/poster/4255,"The official publication list was reviewed for scoped venues through the 2026-03-05T23:00:00+01:00 cutoff. Min-Jung Kim is not first-listed on the scoped prior works shown (CVPR 2025, ECCV 2024, ICCV 2023); WACV and other out-of-scope works are excluded. Exact prior eligible first-author count is 0. ECCV 2026 itself is after the cutoff and excluded."
fea16e782bc1b1240e4b3c797012e289,4269,LIIFusion: Coarse-to-fine Framework for Generative MEF via Implicit Neural Representation,Sangmin Han,LG Electronics,KOREAN_COMPANY,cai_1cqvt79,resolved,https://sites.google.com/view/sangmin-han/home,"Sangmin Han's official personal site identifies him as a researcher at LG Electronics AI Lab, records his Yonsei University M.S. and Seon Joo Kim research line, and lists the ECCV 2026 LIIFusion paper matching the ECVA candidate and LG Electronics affiliation.",CVPR; ICCV; ECCV; NeurIPS; ICLR; ICML; SIGGRAPH; SIGGRAPH Asia; IROS; ICRA; RA-L,2026-03-05T23:00:00+01:00,"Main-conference full paper or RA-L journal article published on or before the cutoff; first-listed authorship only. Workshops, posters, demos, abstracts, and unverified identity matches are excluded.",0,0,,yes,confirmed_first,0,high,https://eccv.ecva.net/virtual/2026/poster/4269,Official publication list was reviewed through the 2026 cutoff. The listed CVPR 2025 LSRNA and ORIDa papers include Han but do not list him first; APT is an arXiv preprint. No eligible prior first-listed paper was found. ECCV 2026 LIIFusion is after the cutoff and is excluded.
5a0b8489ce264d4ff8dac4cce46ff8a0,4274,SubSplat: High-Resolution Pixel-aligned 3DGS via Sub-pixel Gaussian Reparameterization,Jiun Lee,Aimfuture,KOREAN_COMPANY,cai_7f522b,resolved,https://kr.linkedin.com/in/jiun-lee-160874176/ko,"The professional profile identifies Ji-un/Jiun Lee as an AiM Future computer-vision engineer and Sungkyunkwan University graduate, matching the queue's Aimfuture affiliation; it also lists the ECCV 2026 context and 3D reconstruction focus.",CVPR; ICCV; ECCV; NeurIPS; ICLR; ICML; SIGGRAPH; SIGGRAPH Asia; IROS; ICRA; RA-L,2026-03-05T23:00:00+01:00,"Main-conference full paper or RA-L journal article published on or before the cutoff; first-listed authorship only. Workshops, posters, demos, abstracts, and unverified identity matches are excluded.",0,,,,identity_resolved_prior_work_review_incomplete,0,partial,https://eccv.ecva.net/virtual/2026/poster/4274,"The accessible profile lists IEEE Access and Korean conference work, neither in the defined venue scope. No complete official CV or qualifying in-scope prior paper was verified, so exact zero is not claimed."
5d78d182fd5f5510588695863d22ac27,4276,Single-Query Person-Centric Bimanual Hand-Object Interaction Detection,Jonghyun Kim,LG Electronics,KOREAN_COMPANY,cai_1cwcdyg,unresolved,,"Searchable author indexes expose multiple distinct Jonghyun Kim identities, including an LG Electronics AI Lab profile, but no official LG or personal profile uniquely links the queue's ECCV hand-object-interaction author to one identity and a complete publication record.",CVPR; ICCV; ECCV; NeurIPS; ICLR; ICML; SIGGRAPH; SIGGRAPH Asia; IROS; ICRA; RA-L,2026-03-05T23:00:00+01:00,"Main-conference full paper or RA-L journal article published on or before the cutoff; first-listed authorship only. Workshops, posters, demos, abstracts, and unverified identity matches are excluded.",0,,,,blocked_on_identity_review,0,unresolved,https://eccv.ecva.net/virtual/2026/poster/4276,OpenAlex and author-index matches were treated as discovery only. No prior paper was counted because identity and authorship linkage remain unverified.
435d6ab1ba16ba7e05e09d9728bc36ca,4279,Articulated Object Reconstruction from Rest-State Observation,Daeun Lee,Seoul National University,KOREAN_UNIVERSITY_GRAD_SCIENCE_INSTITUTE,cai_hfk2wa,resolved,https://openreview.net/profile?id=~Daeun_Lee6,OpenReview's official profile identifies Daeun Lee as an MS student at Seoul National University. This matches the queue affiliation and the ECCV title; an author LinkedIn post independently identifies the same title as the author's ECCV 2026 paper.,CVPR; ICCV; ECCV; NeurIPS; ICLR; ICML; SIGGRAPH; SIGGRAPH Asia; IROS; ICRA; RA-L,2026-03-05T23:00:00+01:00,"Main-conference full paper or RA-L journal article published on or before the cutoff; first-listed authorship only. Workshops, posters, demos, abstracts, and unverified identity matches are excluded.",0,,,,identity_resolved_prior_work_review_incomplete,0,partial,https://eccv.ecva.net/virtual/2026/poster/4279,No eligible prior first-listed top-tier work was verified in this limited pass. The queue paper is ECCV 2026 and after the prior-work cutoff. Exhaustive review remains pending.
8819159f9246232ed1299a7414448ab4,4284,AdaBoosting Text Prompts for Vision-Language Models,Seokhee Jin,Pohang University of Science and Technology,KOREAN_UNIVERSITY_GRAD_SCIENCE_INSTITUTE,cai_kh2ms1,resolved,https://sung0503.github.io/TPB/,"The official TPB project page identifies Seokhee Jin as first/equal-contributing author of the ECCV candidate AdaBoosting Text Prompts paper and gives the associated KT Corporation/POSTECH collaborators. The official POSTECH advisor page identifies Seokhee Jin as a POSTECH Machine Learning Lab alumnus (MS 2026 Spring), matching the queue POSTECH affiliation and research topic.",CVPR; ICCV; ECCV; NeurIPS; ICLR; ICML; SIGGRAPH; SIGGRAPH Asia; IROS; ICRA; RA-L,2026-03-05T23:00:00+01:00,"Main-conference full paper or RA-L journal article published on or before the cutoff; first-listed authorship only. Workshops, posters, demos, abstracts, and unverified identity matches are excluded.",0,,,,identity_resolved_prior_work_review_incomplete,0,partial,https://eccv.ecva.net/virtual/2026/poster/4284,No eligible pre-cutoff first-listed paper was found in the reviewed official material. Active Prompt Learning with Vision-Language Model Priors is a 2025 TMLR paper (out of the fixed venue scope) and does not count; the ECCV 2026 candidate is after the cutoff. Exact zero is not asserted because exhaustive review remains incomplete.
8859a81bd114df94d9f432350c934f4a,4293,Prevention over Correction: Learning Aligned Representations in One-shot Federated Learning,YongHoon Kang,Sungkyunkwan University,KOREAN_UNIVERSITY_GRAD_SCIENCE_INSTITUTE,cai_wf4ulq,resolved,https://scholarx.skku.edu/item/3a0a8fcd-c172-4ccf-a013-3fbb42ac06ec,The Sungkyunkwan University ScholarWorks record identifies YongHoon Kang as the first author of a federated-learning article and matches the ECCV queue's Sungkyunkwan affiliation and federated-learning topic. The official ECCV record and arXiv metadata identify the queue paper and author.,CVPR; ICCV; ECCV; NeurIPS; ICLR; ICML; SIGGRAPH; SIGGRAPH Asia; IROS; ICRA; RA-L,2026-03-05T23:00:00+01:00,"Main-conference full paper or RA-L journal article published on or before the cutoff; first-listed authorship only. Workshops, posters, demos, abstracts, and unverified identity matches are excluded.",0,,,,identity_resolved_prior_work_review_incomplete,0,partial,https://eccv.ecva.net/virtual/2026/poster/4293,"The official/institutional publication records reviewed show no prior CVPR, ICCV, ECCV, NeurIPS, ICLR, ICML, SIGGRAPH, SIGGRAPH Asia, IROS, ICRA, or RA-L first-listed paper. Other listed works are journals, non-scope conferences, or a 2026 Information Sciences article; exact zero is not asserted because no exhaustive official CV was found."
f2925f97bc13ad2852a7a551802feea0,4294,Learning Sample-wise Rank-Aware Interpolation Weights for Composed Visual Data Retrieval,Boseung Jeong,POSTECH,KOREAN_UNIVERSITY_GRAD_SCIENCE_INSTITUTE,cai_ro66h9,resolved,https://boseungjeong.github.io/,"The personal CV identifies Boseung Jeong as a POSTECH CV Lab PhD candidate, lists the ECCV paper, and records an earlier first-listed CVPR paper.",CVPR; ICCV; ECCV; NeurIPS; ICLR; ICML; SIGGRAPH; SIGGRAPH Asia; IROS; ICRA; RA-L,2026-03-05T23:00:00+01:00,"Main-conference full paper or RA-L journal article published on or before the cutoff; first-listed authorship only. Workshops, posters, demos, abstracts, and unverified identity matches are excluded.",1,,,no,confirmed_not_first,1,partial,https://eccv.ecva.net/virtual/2026/poster/4294,At least one earlier eligible first-listed paper is verified. Exhaustive count still pending.
5e8a5161de49c943dd66591511207f50,4299,Dual-Output Multi-Exposure HDR Reconstruction via SDR Fusion and Gain Map Inverse Tone Mapping,Jinho Kim,Yonsei University,KOREAN_UNIVERSITY_GRAD_SCIENCE_INSTITUTE,cai_1849jvr,resolved,https://www.ciplab.kr/members/students,"Official Yonsei University Computational Intelligence & Photography Lab student page lists Jinho Kim under Generative Photography. The lab's official homepage identifies the ECCV 2026 DOME-HDR paper and Jinho Kim as its first author, matching the ECCV candidate affiliation and topic.",CVPR; ICCV; ECCV; NeurIPS; ICLR; ICML; SIGGRAPH; SIGGRAPH Asia; IROS; ICRA; RA-L,2026-03-05T23:00:00+01:00,"Main-conference full paper or RA-L journal article published on or before the cutoff; first-listed authorship only. Workshops, posters, demos, abstracts, and unverified identity matches are excluded.",0,,,,identity_resolved_prior_work_review_incomplete,0,partial,https://eccv.ecva.net/virtual/2026/poster/4299,"The official lab roster and publication homepage were reviewed; they show the ECCV 2026 DOME-HDR work and no earlier qualifying work for Jinho Kim. Since no complete personal CV/publication list was located, exact zero is not asserted."
c7d0e7e2922845f3e1185d246d01365d,4303,Direct Diffusion Score Preference Optimization via Stepwise Contrastive Policy-Pair Supervision,Dohyun Kim,Korea University,KOREAN_UNIVERSITY_GRAD_SCIENCE_INSTITUTE,cai_qogv77,resolved,https://dohyun-as.github.io/,"Official personal homepage identifies Dohyun Kim as an integrated M.S./Ph.D. student in Korea University's CSE department and MIIL, with the same ECCV 2026 title and a CVPR 2025 publication.",CVPR; ICCV; ECCV; NeurIPS; ICLR; ICML; SIGGRAPH; SIGGRAPH Asia; IROS; ICRA; RA-L,2026-03-05T23:00:00+01:00,"Main-conference full paper or RA-L journal article published on or before the cutoff; first-listed authorship only. Workshops, posters, demos, abstracts, and unverified identity matches are excluded.",1,1,,no,confirmed_not_first,1,high,https://eccv.ecva.net/virtual/2026/poster/4303,"The official homepage publication list contains the prior CVPR 2025 paper and the ECCV 2026 queue paper. Random Conditioning has an equal-contribution marker for Dohyun Kim and Sehwan Park, but Dohyun is first-listed, so it counts under the stated primary statistic."
c0a5a65e55124eae3388586316a25f57,4304,DiverseVAR: Balancing Diversity and Quality of Next-Scale Visual Autoregressive Models,Mingue Park,Korea Advanced Institute of Science & Technology,KOREAN_UNIVERSITY_GRAD_SCIENCE_INSTITUTE,cai_lgn1f2,resolved,https://uygnim99.github.io/,"Official KAIST personal site identifies Mingue Park as a KAIST AI Computing student advised by Minhyuk Sung and lists DiverseVAR, matching the ECCV candidate title, affiliation, and author order.",CVPR; ICCV; ECCV; NeurIPS; ICLR; ICML; SIGGRAPH; SIGGRAPH Asia; IROS; ICRA; RA-L,2026-03-05T23:00:00+01:00,"Main-conference full paper or RA-L journal article published on or before the cutoff; first-listed authorship only. Workshops, posters, demos, abstracts, and unverified identity matches are excluded.",0,0,,yes,confirmed_first,0,high,https://eccv.ecva.net/virtual/2026/poster/4304,The official publication list was reviewed against the cutoff. PairFlow (ICLR 2026) and Token Warping (CVPR 2026) have 2026 conference/proceedings timing after the 2026-03-05 cutoff; DiverseVAR is the ECCV 2026 candidate itself; the remaining listed work is a preprint. No eligible prior first-listed scoped paper exists. Exact prior eligible first-author count is 0.
db90f689b1567600818428ca3dfc88a3,4307,OP3DSG: Open-vocabulary Part-aware 3D Scene Graph Generation for Real-world Environments,Yirum Kim,GIST,KOREAN_UNIVERSITY_GRAD_SCIENCE_INSTITUTE,cai_1q2hmkp,resolved,https://k2room.github.io/,Yirum Kim's official personal site identifies the author as a GIST AI PhD student and lists the exact OP3DSG ECCV 2026 paper. The same complete publication list names MA3DSG as first-listed at ICRA 2026; that conference is after the audit cutoff.,CVPR; ICCV; ECCV; NeurIPS; ICLR; ICML; SIGGRAPH; SIGGRAPH Asia; IROS; ICRA; RA-L,2026-03-05T23:00:00+01:00,"Main-conference full paper or RA-L journal article published on or before the cutoff; first-listed authorship only. Workshops, posters, demos, abstracts, and unverified identity matches are excluded.",0,0,,yes,confirmed_first,0,high,https://eccv.ecva.net/virtual/2026/poster/4307,The official personal publication list was reviewed exhaustively for the defined venues and cutoff. MA3DSG (ICRA 2026) is after 2026-03-05; OP3DSG (ECCV 2026) is also after cutoff. No earlier eligible first-listed scoped work is listed. A 2024 UR poster is outside the defined venue scope.
78daab4f4fce94374d8a53444c77c2c6,4309,Learning Probabilistic Prompt for Continual Learning,Hyekang Park,Yonsei university,KOREAN_UNIVERSITY_GRAD_SCIENCE_INSTITUTE,cai_181h3s9,resolved,https://cvlab.yonsei.ac.kr/publications/,"Yonsei Computer Vision Lab's official publication page lists Hyekang Park's 2026 ECCV paper and prior ICCV 2023 ACLS paper, matching the Yonsei candidate. The official ICCV record confirms the first-listed authorship and Yonsei affiliation.",CVPR; ICCV; ECCV; NeurIPS; ICLR; ICML; SIGGRAPH; SIGGRAPH Asia; IROS; ICRA; RA-L,2026-03-05T23:00:00+01:00,"Main-conference full paper or RA-L journal article published on or before the cutoff; first-listed authorship only. Workshops, posters, demos, abstracts, and unverified identity matches are excluded.",1,1,,no,confirmed_not_first,1,high,https://eccv.ecva.net/virtual/2026/poster/4309,One eligible prior first-listed work is verified; the 2026 ECCV target is after the cutoff and excluded. The lab's official publication list was checked for earlier in-scope first-author entries.
66fae5b05c0f64c4d2bdcdf1ad85f7b2,4313,SIGNER: Temporally Grounded Sign Language Generation via Time-Resolved Conditioning,Taeryung Lee,Seoul National University,KOREAN_UNIVERSITY_GRAD_SCIENCE_INSTITUTE,cai_pp6710,resolved,https://taeryunglee.github.io/,"Taeryung Lee's official personal site identifies him as an SNU Computer Vision Lab Ph.D. candidate and lists the ECCV 2026 candidate paper SIGNER with Taeryung Lee first. The same profile and CV identify his SNU email, advisor, research area, and ICCV 2023 paper with the same first-author name and collaborators.",CVPR; ICCV; ECCV; NeurIPS; ICLR; ICML; SIGGRAPH; SIGGRAPH Asia; IROS; ICRA; RA-L,2026-03-05T23:00:00+01:00,"Main-conference full paper or RA-L journal article published on or before the cutoff; first-listed authorship only. Workshops, posters, demos, abstracts, and unverified identity matches are excluded.",1,,,no,confirmed_not_first,1,partial,https://eccv.ecva.net/virtual/2026/poster/4313,One verified eligible prior first-listed ICCV paper establishes not-first-time status. The CV also lists an ICLR 2023 paper where Lee is not first and a CVPR 2024 workshop paper excluded by scope. Exact count is not asserted.
b3dd760eb02d2e669c604f6b2f1e803f,4323,PanoGrounder: Bridging 2D and 3D with Panoramic Scene Representations for VLM-based 3D Visual Grounding,Seongmin Jung,Seoul National University,KOREAN_UNIVERSITY_GRAD_SCIENCE_INSTITUTE,cai_12g2vk1,resolved,https://seongminjung.github.io/,"Seongmin Jung's official personal site identifies him as an SNU Robot Vision Lab master's student and lists the exact ECCV 2026 PanoGrounder title with Seongmin Jung first, matching the ECVA candidate's Seoul National University affiliation and 3D-vision topic.",CVPR; ICCV; ECCV; NeurIPS; ICLR; ICML; SIGGRAPH; SIGGRAPH Asia; IROS; ICRA; RA-L,2026-03-05T23:00:00+01:00,"Main-conference full paper or RA-L journal article published on or before the cutoff; first-listed authorship only. Workshops, posters, demos, abstracts, and unverified identity matches are excluded.",0,,,,identity_resolved_prior_work_review_incomplete,0,partial,https://eccv.ecva.net/virtual/2026/poster/4323,"The official profile lists no eligible pre-cutoff top-tier first-author paper; the only listed research paper is the ECCV 2026 candidate itself (after the cutoff), while another item is in preparation. Exact zero is not asserted because no exhaustive dated CV was available."
88fcf48a99a38a0ffb078d0d5762dc1b,4329,Environmental Change Detection for Real-World Change Analysis,Kyusik Cho,Yonsei University,KOREAN_UNIVERSITY_GRAD_SCIENCE_INSTITUTE,cai_og1gaa,resolved,https://cilab.yonsei.ac.kr/members/,"Yonsei University's official CILAB members page lists Kyusik Cho with a Yonsei email and machine-vision research interest, while the official CILAB home page announces his ECCV 2026 Environmental Change Detection paper. This matches the queue's Yonsei affiliation and official ECCV poster record.",CVPR; ICCV; ECCV; NeurIPS; ICLR; ICML; SIGGRAPH; SIGGRAPH Asia; IROS; ICRA; RA-L,2026-03-05T23:00:00+01:00,"Main-conference full paper or RA-L journal article published on or before the cutoff; first-listed authorship only. Workshops, posters, demos, abstracts, and unverified identity matches are excluded.",0,,,,identity_resolved_prior_work_review_incomplete,0,partial,https://eccv.ecva.net/virtual/2026/poster/4329,"The official CILAB pages verify the ECCV identity, but no complete personal CV or publication list was accessible. The 2025 Environmental Change Detection arXiv version is a preprint, not an eligible main-conference or RA-L publication, and no qualifying prior first-listed work was verified."
f18224a1adfb7b3dbff668c9b655a35a,4330,Rethinking Detection Calibration: A Coordinate Perspective,Juyong Lee,Chung-Ang University,KOREAN_UNIVERSITY_GRAD_SCIENCE_INSTITUTE,cai_jsekvg,unresolved,,"The exact ECCV title has a 2026 arXiv record naming Juyong Lee, but no official Chung-Ang University or personal profile linking this name to the candidate was located.",CVPR; ICCV; ECCV; NeurIPS; ICLR; ICML; SIGGRAPH; SIGGRAPH Asia; IROS; ICRA; RA-L,2026-03-05T23:00:00+01:00,"Main-conference full paper or RA-L journal article published on or before the cutoff; first-listed authorship only. Workshops, posters, demos, abstracts, and unverified identity matches are excluded.",0,,,,blocked_on_identity_review,0,unresolved,https://eccv.ecva.net/virtual/2026/poster/4330,The ECCV 2026 paper is after the cutoff; no eligible prior first-listed work verified.
a0dc078ca0d99b5ebb465a9f1cad54ba,4335,HiChor: Hierarchical Choreography Generation from Pop Music with Choreographic Primitives,Jungsu Kim,Yonsei University,KOREAN_UNIVERSITY_GRAD_SCIENCE_INSTITUTE,cai_1f5a4rn,resolved,https://openaccess.thecvf.com/content/ICCV2025/papers/Huh_MBTI_Masked_Blending_Transformers_with_Implicit_Positional_Encoding_for_Frame-rate_ICCV_2025_paper.pdf,The official ICCV 2025 paper identifies Jungsu Kim at Yonsei University and provides the matching Yonsei email/domain and motion research context. Yonsei-linked author/profile material also identifies the same researcher and the ECCV 2026 HiChor candidate paper.,CVPR; ICCV; ECCV; NeurIPS; ICLR; ICML; SIGGRAPH; SIGGRAPH Asia; IROS; ICRA; RA-L,2026-03-05T23:00:00+01:00,"Main-conference full paper or RA-L journal article published on or before the cutoff; first-listed authorship only. Workshops, posters, demos, abstracts, and unverified identity matches are excluded.",0,,,,identity_resolved_prior_work_review_incomplete,0,partial,https://eccv.ecva.net/virtual/2026/poster/4335,"Verified ICCV 2025 work is eligible but Kim is fourth-listed, so it does not count as first-author evidence. ACM Multimedia 2025 Permission to Dance is outside the fixed venue scope. No eligible first-author prior was verified."
febefe1cc5c87748ea02036dbe9e3d67,4336,AffoGato: Open-Vocabulary Affordance Grounding with Automated Data Generation at Scale,Junha Lee,South Korea,KOREA_LOCATION_DECLARED_UNSPECIFIED_INSTITUTION,cai_1d1f4lw,resolved,https://junha-l.github.io/,Junha Lee's official personal site identifies him as a POSTECH-trained computer-vision researcher and lists the ECCV 2026 Affogato paper with matching title/author order; the profile's research history is compatible with the queue's Korean affiliation record.,CVPR; ICCV; ECCV; NeurIPS; ICLR; ICML; SIGGRAPH; SIGGRAPH Asia; IROS; ICRA; RA-L,2026-03-05T23:00:00+01:00,"Main-conference full paper or RA-L journal article published on or before the cutoff; first-listed authorship only. Workshops, posters, demos, abstracts, and unverified identity matches are excluded.",2,,,no,confirmed_not_first,2,partial,https://eccv.ecva.net/virtual/2026/poster/4336,"Two eligible prior first-listed papers were verified. Review was not exhaustive across every in-scope venue, so this is a lower bound; ECCV 2026 Affogato is after the cutoff and excluded."
92dfa194391a59dc65b88b704599dbd6,4339,Personalized Reward Modeling for Text-to-Image Generation,Jeongeun Lee,Yonsei university,KOREAN_UNIVERSITY_GRAD_SCIENCE_INSTITUTE,cai_luktrb,resolved,https://jeongeunnn-e.github.io/,Jeongeun Lee's official personal site identifies her as a Yonsei University DLI Lab master's student and lists the ECCV 2026 Personalized Reward Modeling paper with the same authorship and affiliation. Yonsei DLI's official team page independently lists Jeongeun Lee.,CVPR; ICCV; ECCV; NeurIPS; ICLR; ICML; SIGGRAPH; SIGGRAPH Asia; IROS; ICRA; RA-L,2026-03-05T23:00:00+01:00,"Main-conference full paper or RA-L journal article published on or before the cutoff; first-listed authorship only. Workshops, posters, demos, abstracts, and unverified identity matches are excluded.",0,0,,yes,confirmed_first,0,partial,https://eccv.ecva.net/virtual/2026/poster/4339,"Official publication list reviewed through the cutoff: listed prior works are EMNLP Findings, COLM, and an ICLR workshop, all outside the eligible venue scope. No eligible first-listed CVPR/ICCV/ECCV/NeurIPS/ICLR/ICML/SIGGRAPH/SIGGRAPH Asia/IROS/ICRA/RA-L paper found."
82836ca597a373e6c3cd5ae2d466161e,4341,Training-Free Task Classification for Multi-Task Model Merging,Jungyong Son,Hanyang Universty,KOREAN_UNIVERSITY_GRAD_SCIENCE_INSTITUTE,cai_7i9zpd,resolved,https://hyds.hanyang.ac.kr/front/notice/unNews/view?id=1845,Hanyang University Data Science official news identifies Jungyong Son as the first author of the ECCV 2026 paper Training-Free Task Classification for Multi-Task Model Merging and links the ECCV poster; the title and author match the queue record.,CVPR; ICCV; ECCV; NeurIPS; ICLR; ICML; SIGGRAPH; SIGGRAPH Asia; IROS; ICRA; RA-L,2026-03-05T23:00:00+01:00,"Main-conference full paper or RA-L journal article published on or before the cutoff; first-listed authorship only. Workshops, posters, demos, abstracts, and unverified identity matches are excluded.",0,,,,identity_resolved_prior_work_review_incomplete,0,partial,https://eccv.ecva.net/virtual/2026/poster/4341,No eligible pre-cutoff first-listed paper was found in the official Hanyang announcement or targeted official-source review. The ECCV 2026 paper and 2026 arXiv posting are after the 2026-03-05 cutoff and are excluded; exact zero is not asserted.
9ba82616fac74de9ce334ea7532cfddc,4342,Following Motion for Sequential Modeling in Video Frame Interpolation,JaeHyun Park,Seoul National University,KOREAN_UNIVERSITY_GRAD_SCIENCE_INSTITUTE,cai_14v5ugr,resolved,https://openaccess.thecvf.com/content/WACV2025/html/Park_Explicit_Guidance_for_Robust_Video_Frame_Interpolation_against_Discontinuous_Motions_WACV_2025_paper.html,"The official WACV 2025 proceedings record identifies JaeHyun Park with Seoul National University/IPAI affiliation and first author order. The ECCV accepted-paper record lists the queue title with the same JaeHyun Park and Nam Ik Cho collaboration, resolving the candidate to SNU.",CVPR; ICCV; ECCV; NeurIPS; ICLR; ICML; SIGGRAPH; SIGGRAPH Asia; IROS; ICRA; RA-L,2026-03-05T23:00:00+01:00,"Main-conference full paper or RA-L journal article published on or before the cutoff; first-listed authorship only. Workshops, posters, demos, abstracts, and unverified identity matches are excluded.",0,,,,identity_resolved_prior_work_review_incomplete,0,partial,https://eccv.ecva.net/virtual/2026/poster/4342,One verified eligible prior first-listed work is sufficient to classify this candidate as not first-time under the audit rule. QA removed non-qualifying evidence rows; count reflects first-listed eligible works only.
1bc2029a8851ad344a8d503930dfd7f7,4345,ProtoMappingNet: Interpretable Hierarchical Prototypes through Relational Prototype Mappings,Jaehun Park,Sungkyunkwan University,KOREAN_UNIVERSITY_GRAD_SCIENCE_INSTITUTE,cai_yzlijd,resolved,https://swb.skku.edu/appliedailab/international_pub.do,"The official Sungkyunkwan University Applied AI & Computer Vision Lab publication page lists Jaehun Park as a coauthor on its CVPR 2024 paper, and the official CVPR record gives the same Jaehun Park/SKKU research context. The ECCV queue title is also listed with Jaehun Park first on the official eXCV/ECCV workshop page. Name, institution, collaborators, and topic are compatible.",CVPR; ICCV; ECCV; NeurIPS; ICLR; ICML; SIGGRAPH; SIGGRAPH Asia; IROS; ICRA; RA-L,2026-03-05T23:00:00+01:00,"Main-conference full paper or RA-L journal article published on or before the cutoff; first-listed authorship only. Workshops, posters, demos, abstracts, and unverified identity matches are excluded.",0,,,,identity_resolved_prior_work_review_incomplete,0,partial,https://eccv.ecva.net/virtual/2026/poster/4345,"CSTA (CVPR 2024) is eligible by venue/date but Jaewon Son is first-listed and Jaehun Park is second. The other located first-authored paper is Image Perturbation-Based Deep Learning for Face Recognition Utilizing Discrete Cosine Transform (Electronics, 2021), outside the fixed venue scope. No exhaustive personal CV was located, so exact zero is not claimed."
85f3375756047fba207ce9b85780313b,4346,SharpGS: Sharpness-Preserving 3D Gaussian Splatting with Differentiable Blur-Driven Density Control,Moonsoo Jeong,Sungkyunkwan University,KOREAN_UNIVERSITY_GRAD_SCIENCE_INSTITUTE,cai_1nwybj5,resolved,https://orcid.org/0000-0001-5268-2371,"The ORCID record identifies MoonSoo Jeong with verified skku.edu email domain and Sungkyunkwan University employment. The official NeurIPS record for DC4GS lists Moonsoo Jeong first, matching the ECCV candidate's 3D Gaussian-splatting topic and SKKU affiliation.",CVPR; ICCV; ECCV; NeurIPS; ICLR; ICML; SIGGRAPH; SIGGRAPH Asia; IROS; ICRA; RA-L,2026-03-05T23:00:00+01:00,"Main-conference full paper or RA-L journal article published on or before the cutoff; first-listed authorship only. Workshops, posters, demos, abstracts, and unverified identity matches are excluded.",1,,,no,confirmed_not_first,1,partial,https://eccv.ecva.net/virtual/2026/poster/4346,"One verified eligible prior first-listed NeurIPS paper establishes not-first. The ORCID record is not a guaranteed exhaustive venue ledger, so exact count is not claimed."
99b410aa504a6f67da128d333896ecd4,4349,SplitHDR: Saturation-Aware HDR Recovery and Denoising for Real-Time Detection,Jaewon Kim,Seoul National University,KOREAN_UNIVERSITY_GRAD_SCIENCE_INSTITUTE,cai_i3rmfg,resolved,https://mms.snu.ac.kr/?page_id=17,"The official SNU Mobile Multimedia Systems Group publications page lists J. Kim and S. Namkung as equal first authors of the exact SplitHDR ECCV paper with D. Jeon, matching the ECCV candidate and SNU affiliation.",CVPR; ICCV; ECCV; NeurIPS; ICLR; ICML; SIGGRAPH; SIGGRAPH Asia; IROS; ICRA; RA-L,2026-03-05T23:00:00+01:00,"Main-conference full paper or RA-L journal article published on or before the cutoff; first-listed authorship only. Workshops, posters, demos, abstracts, and unverified identity matches are excluded.",0,,,,identity_resolved_prior_work_review_incomplete,0,partial,https://eccv.ecva.net/virtual/2026/poster/4349,SplitHDR is the ECCV 2026 candidate itself and is post-cutoff; no earlier scoped first-listed work was found in the official group publication list. Exact zero is not asserted.
132d6c1408f2492456848667346b54b6,4352,Rank-Aware Hyperbolic Alignment for Vision–Language Dataset Distillation,Jongoh Jeong,KAIST,KOREAN_UNIVERSITY_GRAD_SCIENCE_INSTITUTE,cai_epucdv,resolved,https://sites.google.com/view/jongohjeong,Official personal site identifies Jongoh Jeong (정종오) as a KAIST Robotics Ph.D. candidate with a kaist.ac.kr email and lists the exact ECCV 2026 Rank-Aware Hyperbolic Alignment paper as first-listed author.,CVPR; ICCV; ECCV; NeurIPS; ICLR; ICML; SIGGRAPH; SIGGRAPH Asia; IROS; ICRA; RA-L,2026-03-05T23:00:00+01:00,"Main-conference full paper or RA-L journal article published on or before the cutoff; first-listed authorship only. Workshops, posters, demos, abstracts, and unverified identity matches are excluded.",0,0,,yes,confirmed_first,0,high,https://eccv.ecva.net/virtual/2026/poster/4352,"The official publication list was reviewed exhaustively for the defined venues and cutoff. Earlier BMVC 2022, AAAI 2024, and ECCV 2024 papers are not first-listed by Jongoh; CVPR 2026, ICLR 2026, and WACV 2026 are after the 2026-03-05 cutoff; workshops and non-scope journals are excluded. Exact eligible prior first-author count is therefore zero."
1134ac57b5b1d38b7d70c1b6feaa28cf,4355,Tiled Prompts: Overcoming Prompt Misguidance in Image and Video Super-Resolution,Bryan Sangwoo Kim,Korea Advanced Institute of Science & Technology,KOREAN_UNIVERSITY_GRAD_SCIENCE_INSTITUTE,cai_12x2ya,resolved,https://bryanswkim.github.io/,The personal CV and homepage explicitly connect Bryan Sangwoo Kim at KAIST AI with the ECCV paper Tiled Prompts and list the complete pre-cutoff publication record.,CVPR; ICCV; ECCV; NeurIPS; ICLR; ICML; SIGGRAPH; SIGGRAPH Asia; IROS; ICRA; RA-L,2026-03-05T23:00:00+01:00,"Main-conference full paper or RA-L journal article published on or before the cutoff; first-listed authorship only. Workshops, posters, demos, abstracts, and unverified identity matches are excluded.",1,1,,no,confirmed_not_first,1,high,https://eccv.ecva.net/virtual/2026/poster/4355,One eligible first-listed NeurIPS 2025 paper is listed before the cutoff. The equal-contribution but second-listed CVPR 2025 paper is recorded separately and excluded from the primary count.
227e072d131ba77451d8f27ab9afdfb7,4363,Attention Misses Visual Risk: Risk-Adaptive Steering for Multimodal Safety Alignment,Jonghyun Park,Seoul National University,KOREAN_UNIVERSITY_GRAD_SCIENCE_INSTITUTE,cai_g2e1q9,resolved,https://jonghyun813.github.io/profile/personal/JonghyunPark_CV.pdf,"Official personal CV identifies Jonghyun Park as an SNU AI M.S./Ph.D. student, gives the snu.ac.kr email, advisor, and the exact queue-matching ECCV 2026 title as first-listed author.",CVPR; ICCV; ECCV; NeurIPS; ICLR; ICML; SIGGRAPH; SIGGRAPH Asia; IROS; ICRA; RA-L,2026-03-05T23:00:00+01:00,"Main-conference full paper or RA-L journal article published on or before the cutoff; first-listed authorship only. Workshops, posters, demos, abstracts, and unverified identity matches are excluded.",0,0,,yes,confirmed_first,0,high,https://eccv.ecva.net/virtual/2026/poster/4363,"The official CV lists the ECCV 2026 paper and an under-review paper, with no earlier eligible CVPR/ICCV/ECCV/NeurIPS/ICLR/ICML/SIGGRAPH/SIGGRAPH Asia/IROS/ICRA/RA-L first-listed paper. The ECCV 2026 paper is after the cutoff; workshop work is excluded."
5c6287be4de9ff5afeaec72d54436fcf,4370,SegPAR: Class-Centric Decision-Based Sparse Attack for Semantic Segmentation,Dongsu Song,Korea Aerospace University,KOREAN_UNIVERSITY_GRAD_SCIENCE_INSTITUTE,cai_180le5h,resolved,https://proceedings.neurips.cc/paper_files/paper/2024/hash/9e770fcdb456400325c11d58b3a04d08-Abstract-Conference.html,"The official NeurIPS proceedings record identifies Dongsu Song as first author of the 2024 main-conference paper and the official paper PDF gives Korea Aerospace University as his affiliation, matching the queue candidate.",CVPR; ICCV; ECCV; NeurIPS; ICLR; ICML; SIGGRAPH; SIGGRAPH Asia; IROS; ICRA; RA-L,2026-03-05T23:00:00+01:00,"Main-conference full paper or RA-L journal article published on or before the cutoff; first-listed authorship only. Workshops, posters, demos, abstracts, and unverified identity matches are excluded.",1,,,no,confirmed_not_first,1,medium,https://eccv.ecva.net/virtual/2026/poster/4370,One verified eligible prior first-listed work is sufficient to establish that the candidate is not first-time under the audit rule. Exact total count is not asserted because no complete authoritative publication ledger was located.
bee3d07327a21d8e7f02e10ba4b35c15,4372,SUM: Unified Geometric Surgery on Spatio-Temporal Adaptation Vectors for Federated Class Incremental Learning,Jaeik Kim,Seoul National University,KOREAN_UNIVERSITY_GRAD_SCIENCE_INSTITUTE,cai_ipzaj2,resolved,https://kim-jake.github.io/,"Official personal profile identifies Jaeik Kim as an SNU AIDAS Lab M.S. student and lists the exact ECCV queue-title paper. The linked official SNU AIDAS people page also lists Jaeik Kim and his SNU email, matching the queue affiliation.",CVPR; ICCV; ECCV; NeurIPS; ICLR; ICML; SIGGRAPH; SIGGRAPH Asia; IROS; ICRA; RA-L,2026-03-05T23:00:00+01:00,"Main-conference full paper or RA-L journal article published on or before the cutoff; first-listed authorship only. Workshops, posters, demos, abstracts, and unverified identity matches are excluded.",2,2,,no,confirmed_not_first,2,high,https://eccv.ecva.net/virtual/2026/poster/4372,Two eligible prior first-listed NeurIPS 2025 main-conference papers were verified before the cutoff; SECOND (ICML 2025) includes Kim but he is third-listed and is excluded from the first-author count.
887caadc3642e304ede659b734f79b00,4376,See & Sniff: Learning Visuo-Olfactory Representations,Seongyu Kim,KAIST,KOREAN_UNIVERSITY_GRAD_SCIENCE_INSTITUTE,cai_z352tg,resolved,https://seongyukim.github.io/,"Seongyu Kim's official KAIST Multimodal AI Lab profile identifies him as a KAIST integrated M.S./Ph.D. student and lists See & Sniff with Kim first, matching the ECCV candidate title, KAIST affiliation, collaborators, and multimodal research area.",CVPR; ICCV; ECCV; NeurIPS; ICLR; ICML; SIGGRAPH; SIGGRAPH Asia; IROS; ICRA; RA-L,2026-03-05T23:00:00+01:00,"Main-conference full paper or RA-L journal article published on or before the cutoff; first-listed authorship only. Workshops, posters, demos, abstracts, and unverified identity matches are excluded.",0,,,,identity_resolved_prior_work_review_incomplete,0,partial,https://eccv.ecva.net/virtual/2026/poster/4376,"The official profile lists CVPR 2025 Seeing Speech and Sound with Seongyu Kim second-listed, and CVPR 2026 Seeing Through Touch after the cutoff; neither is an eligible prior first-author paper. Exact zero is not asserted because no exhaustive dated CV was available."
c34a7191f6e9948068b83e7179ea3da8,4377,Disentangling Rotation and Translation from SE(3)-Equivariant Features for Shape Assembly,Hee-Jun Jung,Gwangju Institute of Science and Technology (GIST),KOREAN_UNIVERSITY_GRAD_SCIENCE_INSTITUTE,cai_1lalvrp,resolved,https://maroo-sky.github.io/,"Hee-Jun Jung's official personal site identifies him as a GIST AI Ph.D. candidate and lists the ECCV 2026 Shape Assembly paper, matching the queue's name and affiliation.",CVPR; ICCV; ECCV; NeurIPS; ICLR; ICML; SIGGRAPH; SIGGRAPH Asia; IROS; ICRA; RA-L,2026-03-05T23:00:00+01:00,"Main-conference full paper or RA-L journal article published on or before the cutoff; first-listed authorship only. Workshops, posters, demos, abstracts, and unverified identity matches are excluded.",0,0,,yes,confirmed_first,0,high,https://eccv.ecva.net/virtual/2026/poster/4377,The official publication list was reviewed through the cutoff: no prior eligible first-listed paper was found. ICLR 2026 is listed with Jung second and is not first-listed; AISTATS/TMLR/Expert Systems for Applications are outside the defined venue scope. ECCV 2026 is after the cutoff.
048e9aee4ffe42efbf7865f0bd5a2fa4,4378,Towards Sparsely Annotated Open World Object Detection,HEEJU HAN,Pusan National University,KOREAN_UNIVERSITY_GRAD_SCIENCE_INSTITUTE,cai_1hroo1u,resolved,https://pnu-viplab.github.io/publication/,"The official Pusan National University Visual Intelligence and Perception Lab publication page lists Heeju Han first on Towards Sparsely Annotated Open-World Object Detection and identifies it as an ECCV 2026 paper, matching the candidate name, institution, and ECCV title.",CVPR; ICCV; ECCV; NeurIPS; ICLR; ICML; SIGGRAPH; SIGGRAPH Asia; IROS; ICRA; RA-L,2026-03-05T23:00:00+01:00,"Main-conference full paper or RA-L journal article published on or before the cutoff; first-listed authorship only. Workshops, posters, demos, abstracts, and unverified identity matches are excluded.",0,,,,identity_resolved_prior_work_review_incomplete,0,partial,https://eccv.ecva.net/virtual/2026/poster/4378,"The located official publication list shows the ECCV 2026 target and no earlier in-scope first-author item; the list is not a complete dated CV, so an exact zero is not asserted."
ba500f04049a8eece1e23e36ea7bbab0,4387,FeDepth: Federated Learning for Depth Estimation under Robot Heterogeneity,Ganghyeon Lee,Ulsan National Institute of Science and Technology,KOREAN_UNIVERSITY_GRAD_SCIENCE_INSTITUTE,cai_aj6w7z,resolved,https://unist.info/?page_id=2181,"UNIST 3D Vision & Robotics Lab lists Ganghyeon Lee (이강현) as an MS-PhD integrated student with robot-perception interests. The UNIST lab publication page lists FeDepth with Ganghyeon Lee first, matching the ECCV queue title and affiliation.",CVPR; ICCV; ECCV; NeurIPS; ICLR; ICML; SIGGRAPH; SIGGRAPH Asia; IROS; ICRA; RA-L,2026-03-05T23:00:00+01:00,"Main-conference full paper or RA-L journal article published on or before the cutoff; first-listed authorship only. Workshops, posters, demos, abstracts, and unverified identity matches are excluded.",0,,,,identity_resolved_prior_work_review_incomplete,0,partial,https://eccv.ecva.net/virtual/2026/poster/4387,The official UNIST lab publication list located no earlier in-scope first-author main-conference paper; FeDepth is ECCV 2026 and post-cutoff. No exact zero is asserted because the available profile is not a full CV.
81cacbb44ce8bf874ef92e1a73432c7f,4399,MedCAGD: Context-Aware Gated Decoder for Robust Medical Image Segmentation,Saad Wazir,"Korea Advanced Institute of Science & Technology (KAIST), Daejeon",KOREAN_UNIVERSITY_GRAD_SCIENCE_INSTITUTE,cai_12doui9,resolved,https://sites.google.com/view/saad-wazir?authuser=0,The personal homepage identifies Saad Wazir at KAIST AI2 Lab and lists both CVPR 2025 and ECCV 2026; the KAIST lab publication list independently records the CVPR paper.,CVPR; ICCV; ECCV; NeurIPS; ICLR; ICML; SIGGRAPH; SIGGRAPH Asia; IROS; ICRA; RA-L,2026-03-05T23:00:00+01:00,"Main-conference full paper or RA-L journal article published on or before the cutoff; first-listed authorship only. Workshops, posters, demos, abstracts, and unverified identity matches are excluded.",1,,,no,confirmed_not_first,1,partial,https://eccv.ecva.net/virtual/2026/poster/4399,At least one earlier eligible first-listed paper is verified. Exhaustive count still pending.
5f11b27f131494a1c014fcced2f13165,4410,R-ESC: Robustly Erasing Space Concepts via Stochastic Feature Remapping,Kang Eun Jeon,DGIST,KOREAN_UNIVERSITY_GRAD_SCIENCE_INSTITUTE,cai_ycply5,resolved,https://kejeon.github.io/,Official personal profile identifies Kang Eun Jeon and links his SKKU/DGIST research trajectory; publication page provides a dated publication record. No eligible-scope first-listed work was found in the reviewed record.,CVPR; ICCV; ECCV; NeurIPS; ICLR; ICML; SIGGRAPH; SIGGRAPH Asia; IROS; ICRA; RA-L,2026-03-05T23:00:00+01:00,"Main-conference full paper or RA-L journal article published on or before the cutoff; first-listed authorship only. Workshops, posters, demos, abstracts, and unverified identity matches are excluded.",0,,,,identity_resolved_prior_work_review_incomplete,0,partial,https://eccv.ecva.net/virtual/2026/poster/4410,Reviewed official publication list and profile; listed works are outside the eligible venue scope or not first-listed. Exact zero requires broader exhaustive identity review.
c344336196d5ec19bd54fd14befdde87,4432,C3ASD: Multi-Level Consistency-Driven Representation Learning for Robust Active Speaker Detection,Jin Hong,Chung-Ang University,KOREAN_UNIVERSITY_GRAD_SCIENCE_INSTITUTE,cai_1672kz7,resolved,https://sites.google.com/view/cau-cvml/cvmlcau/jinhong?authuser=0,"Jin Hong's official Chung-Ang University CVML lab profile lists the ECCV 2026 C3ASD paper and a dated publication history. The profile's affiliation, collaborators, and active-speaker/vision topics match the ECCV candidate record.",CVPR; ICCV; ECCV; NeurIPS; ICLR; ICML; SIGGRAPH; SIGGRAPH Asia; IROS; ICRA; RA-L,2026-03-05T23:00:00+01:00,"Main-conference full paper or RA-L journal article published on or before the cutoff; first-listed authorship only. Workshops, posters, demos, abstracts, and unverified identity matches are excluded.",0,0,,yes,confirmed_first,0,high,https://eccv.ecva.net/virtual/2026/poster/4432,"The official personal/lab publication list was reviewed through the cutoff. Pre-cutoff works are ESWA 2022/2024, Applied Sciences 2021, AVSS 2025, and an ACCV workshop; none is in the fixed eligible venue scope. No prior eligible first-listed paper was found."
3d191ef6e236bd1b9bdb9ff4743c47fe,4444,Domain Arithmetic: One-Shot VLA Adaptation under Environmental Shifts,Taewook Kang,Seoul National University,KOREAN_UNIVERSITY_GRAD_SCIENCE_INSTITUTE,cai_jh8r6a,resolved,https://twkang43.github.io/,"Taewook Kang's official SNU Machine Perception and Reasoning Lab personal site identifies him as an SNU AI master's student, gives his SNU email, advisor, education, and research area, and lists the ECCV 2026 candidate paper Domain Arithmetic with Kang first. The profile is consistent with the SNU affiliation and VLA topic in ECVA.",CVPR; ICCV; ECCV; NeurIPS; ICLR; ICML; SIGGRAPH; SIGGRAPH Asia; IROS; ICRA; RA-L,2026-03-05T23:00:00+01:00,"Main-conference full paper or RA-L journal article published on or before the cutoff; first-listed authorship only. Workshops, posters, demos, abstracts, and unverified identity matches are excluded.",0,,,,identity_resolved_prior_work_review_incomplete,0,partial,https://eccv.ecva.net/virtual/2026/poster/4444,No eligible prior first-listed work was found in the official profile or SNU lab publication page. The listed ICML 2026 work is after the 2026-03-05 cutoff and Kang is not first; EAAI/KSC items are outside scope. Exact zero is not asserted.
8fd7f981e10b41330b618129afcaab2d,4456,InverseCrafter: Efficient Video ReCapture as a Latent Domain Inverse Problem,Yeobin Hong,KAIST,KOREAN_UNIVERSITY_GRAD_SCIENCE_INSTITUTE,cai_1vznhth,resolved,https://yeobinhong.github.io/,"Yeobin Hong's official personal site identifies him as a KAIST AI graduate, gives his 3D-vision/generative-AI research profile, and lists the ECCV 2026 candidate paper. The site provides a direct identity and affiliation match; no pre-cutoff eligible first-listed paper is listed in the reviewed publication history.",CVPR; ICCV; ECCV; NeurIPS; ICLR; ICML; SIGGRAPH; SIGGRAPH Asia; IROS; ICRA; RA-L,2026-03-05T23:00:00+01:00,"Main-conference full paper or RA-L journal article published on or before the cutoff; first-listed authorship only. Workshops, posters, demos, abstracts, and unverified identity matches are excluded.",0,,,,identity_resolved_prior_work_review_incomplete,0,partial,https://eccv.ecva.net/virtual/2026/poster/4456,No eligible prior first-listed paper was verified in the reviewed official profile. The listed ICML 2026 and ECCV 2026 works are after the cutoff; exact zero is not asserted.
7bec7e63a493e2d61891b1e4051ef75a,4474,InSpace: Structure-Aware 3D Indoor Scene Generation from a Single 360° Image,Gwanhyeong Koo,KAIST,KOREAN_UNIVERSITY_GRAD_SCIENCE_INSTITUTE,cai_1gstyyj,resolved,https://kookie12.github.io/,"Official personal homepage identifies Gwanhyeong Koo as a KAIST Electrical Engineering PhD student and lists InSpace and the prior generative-vision publications, matching the KAIST ECCV affiliation and 3D scene-generation topic.",CVPR; ICCV; ECCV; NeurIPS; ICLR; ICML; SIGGRAPH; SIGGRAPH Asia; IROS; ICRA; RA-L,2026-03-05T23:00:00+01:00,"Main-conference full paper or RA-L journal article published on or before the cutoff; first-listed authorship only. Workshops, posters, demos, abstracts, and unverified identity matches are excluded.",2,2,,no,confirmed_not_first,2,high,https://eccv.ecva.net/virtual/2026/poster/4474,"The official conference-publication list was reviewed through the cutoff; it contains two prior first-listed eligible papers (FlowDrag and FlexiEdit), plus additional qualifying non-first-author papers. The later CVPR 2026/ICML 2026/ECCV 2026 entries were excluded by the cutoff."
e6a4f65e7355bb8b7671c3a18003b146,4502,SpatialBoost: Enhancing Visual Representation through Language-Guided Reasoning,Byungwoo Jeon,KAIST,KOREAN_UNIVERSITY_GRAD_SCIENCE_INSTITUTE,cai_1gmil2t,resolved,https://rootyjeon.github.io/,The personal homepage explicitly connects Byungwoo Jeon at KAIST with the ECCV paper SpatialBoost and lists the full pre-cutoff publication record.,CVPR; ICCV; ECCV; NeurIPS; ICLR; ICML; SIGGRAPH; SIGGRAPH Asia; IROS; ICRA; RA-L,2026-03-05T23:00:00+01:00,"Main-conference full paper or RA-L journal article published on or before the cutoff; first-listed authorship only. Workshops, posters, demos, abstracts, and unverified identity matches are excluded.",0,0,,yes,confirmed_first,0,medium,https://eccv.ecva.net/virtual/2026/poster/4502,Before the cutoff the listed publications are a first-listed CoRL workshop paper and a third-listed NeurIPS 2024 paper. Neither qualifies under the fixed first-listed main-conference rule.
146389f11f0e76cbc28ca267a34353a7,4509,Zero-Shot Quantization for Object Detectors using Off-the-Shelf Generative Models,Hyunho Lee,Seoul National University,KOREAN_UNIVERSITY_GRAD_SCIENCE_INSTITUTE,cai_1nkch44,resolved,https://mipal.snu.ac.kr/members/integrated-m-s-ph-d-students,"Seoul National University's MIPA laboratory roster lists Hyunho Lee (hhlee822@snu.ac.kr) as an integrated M.S./Ph.D. student working on generative models and dataset distillation, matching the ECCV candidate's SNU affiliation and quantization/generative research context. The same identity appears in the official NeurIPS 2024 proceedings with an SNU email.",CVPR; ICCV; ECCV; NeurIPS; ICLR; ICML; SIGGRAPH; SIGGRAPH Asia; IROS; ICRA; RA-L,2026-03-05T23:00:00+01:00,"Main-conference full paper or RA-L journal article published on or before the cutoff; first-listed authorship only. Workshops, posters, demos, abstracts, and unverified identity matches are excluded.",0,,,,identity_resolved_prior_work_review_incomplete,0,partial,https://eccv.ecva.net/virtual/2026/poster/4509,No verified eligible top-tier first-listed prior work was found in the sources checked. Deep Support Vectors (NeurIPS 2024) lists Junhoo Lee first and Hyunho Lee second; the ICCV 2025 item found is explicitly an ICCV workshop paper and is excluded. Exact zero count is not asserted because review was not exhaustive.
d20f6cbf98b2efd688d5e33c2920b586,4527,Dual-Margin Embedding for Fine-Grained Long-Tailed Plant Taxonomy,Cheng-Yaw Low,Changwon National University,KOREAN_UNIVERSITY_GRAD_SCIENCE_INSTITUTE,cai_1dmv880,resolved,https://chengyawlow.github.io/,"Official RAISE Lab profile identifies Cheng-Yaw Low as Assistant Professor in Changwon National University's AI Convergence Engineering department; the ECCV title appears in the same profile's news and matches the queue title. The profile's CVPR 2023 work lists Low third, while the first-listed SlackedFace BMVC 2023 work is outside the fixed venue scope.",CVPR; ICCV; ECCV; NeurIPS; ICLR; ICML; SIGGRAPH; SIGGRAPH Asia; IROS; ICRA; RA-L,2026-03-05T23:00:00+01:00,"Main-conference full paper or RA-L journal article published on or before the cutoff; first-listed authorship only. Workshops, posters, demos, abstracts, and unverified identity matches are excluded.",0,,,,identity_resolved_prior_work_review_incomplete,0,partial,https://eccv.ecva.net/virtual/2026/poster/4527,No eligible prior first-listed work was verified. SlackedFace is first-listed but BMVC 2023 is excluded; Recognizability Embedding Enhancement is CVPR 2023 but Low is third-listed. The official profile does not provide a dated exhaustive publication ledger sufficient for an exact zero claim.
1371bccec2447b5aa6d96d2a540fb401,4552,Cross-View Yaw Estimation in Location Uncertainty with Line-Aligning Yaw Scoring,Taeho Kang,Seoul National University,KOREAN_UNIVERSITY_GRAD_SCIENCE_INSTITUTE,cai_1cjlfph,resolved,https://tho-kn.github.io/,Official personal homepage identifies Taeho Kang as an SNU CSE PhD candidate working on computer vision/graphics and lists the ECCV 2026 candidate paper. Its news also lists the prior CVPR 2024 paper matching the same research identity.,CVPR; ICCV; ECCV; NeurIPS; ICLR; ICML; SIGGRAPH; SIGGRAPH Asia; IROS; ICRA; RA-L,2026-03-05T23:00:00+01:00,"Main-conference full paper or RA-L journal article published on or before the cutoff; first-listed authorship only. Workshops, posters, demos, abstracts, and unverified identity matches are excluded.",1,,,no,confirmed_not_first,1,partial,https://eccv.ecva.net/virtual/2026/poster/4552,At least one eligible prior first-listed main-conference paper was verified. Exact all-venue count is not asserted; SIGGRAPH Asia 2023 paper lists another author first. ECCV 2026 paper is after cutoff.
4eb0194ddf4d6c7a72dca4fd3149e92e,4586,StAR: Segment Anything Reasoner,Seokju Yun,KAIST AI,KOREAN_UNIVERSITY_GRAD_SCIENCE_INSTITUTE,cai_mpz21o,resolved,https://davian.kaist.ac.kr/people,"The official KAIST DAVIAN people page identifies Seokju Yun (sj_yun@kaist.ac.kr) as a member working on LLM, reinforcement learning, and 3D/4D generation. The official University of Seoul news page links Seokju Yun to the CVPR 2025 SoMA paper, and the ECCV poster record gives the matching Seokju Yun/KAIST AI candidate context.",CVPR; ICCV; ECCV; NeurIPS; ICLR; ICML; SIGGRAPH; SIGGRAPH Asia; IROS; ICRA; RA-L,2026-03-05T23:00:00+01:00,"Main-conference full paper or RA-L journal article published on or before the cutoff; first-listed authorship only. Workshops, posters, demos, abstracts, and unverified identity matches are excluded.",1,,,no,confirmed_not_first,1,partial,https://eccv.ecva.net/virtual/2026/poster/4586,One eligible prior first-listed CVPR main-conference paper was verified. Exact all-venue count is not asserted because exhaustive review across every scoped venue was not completed; ECCV 2026 is after the cutoff.
05a4459d3d5c309f5ab86521d1d2bb69,4602,Relaxed Rigidity with Ray-based Grouping for Dynamic Gaussian Splatting,Junoh Lee,GIST,KOREAN_UNIVERSITY_GRAD_SCIENCE_INSTITUTE,cai_xyxncm,resolved,https://leejunoh.com/,"Junoh Lee's official personal site identifies him as a GIST researcher and lists the matching ECCV 2026 paper, with GIST affiliation and author order matching the queue record.",CVPR; ICCV; ECCV; NeurIPS; ICLR; ICML; SIGGRAPH; SIGGRAPH Asia; IROS; ICRA; RA-L,2026-03-05T23:00:00+01:00,"Main-conference full paper or RA-L journal article published on or before the cutoff; first-listed authorship only. Workshops, posters, demos, abstracts, and unverified identity matches are excluded.",2,,,no,confirmed_not_first,2,partial,https://eccv.ecva.net/virtual/2026/poster/4602,"Two eligible prior first-listed main-conference papers were verified. Review was not exhaustive across every in-scope venue, so this is a lower bound; ECCV 2026 paper is after cutoff and excluded."
4d630f9347177b17ec7a362f19489239,4608,TiCRL: Textual Image Classification with Reinforcement Learning-Based Curriculum Learning,Gayoung KIM,Ewha womans university,KOREAN_UNIVERSITY_GRAD_SCIENCE_INSTITUTE,cai_96gbai,resolved,https://bigdataewha.github.io/en/team.html,"Ewha AAPL Lab lists Gayoung Kim (김가영) as a doctoral student who joined in 2022, with mathematics-education degrees from Ewha and research focused on curriculum learning for computer vision/NLP, matching the ECCV queue identity and TiCRL topic.",CVPR; ICCV; ECCV; NeurIPS; ICLR; ICML; SIGGRAPH; SIGGRAPH Asia; IROS; ICRA; RA-L,2026-03-05T23:00:00+01:00,"Main-conference full paper or RA-L journal article published on or before the cutoff; first-listed authorship only. Workshops, posters, demos, abstracts, and unverified identity matches are excluded.",0,,,,identity_resolved_prior_work_review_incomplete,0,partial,https://eccv.ecva.net/virtual/2026/poster/4608,No eligible top-tier prior first-author work was verified in the official lab/profile sources reviewed. TiCRL/ECCV 2026 itself is after the cutoff. Exact zero is not asserted without a complete CV.
324545ee1d35608f4932e6c10c5a2df4,4612,MixTTA: Low-Rank Cross-Channel Mixing for Reliable Test-Time Adaptation,Mansoo Jung,Seoul National University,KOREAN_UNIVERSITY_GRAD_SCIENCE_INSTITUTE,cai_1ai4ln6,resolved,https://cml.snu.ac.kr/students/,"Seoul National University's official Cognitive Machine Learning Lab students page lists Mansoo Jung and identifies his computer-vision and visual-question-answering research, while the official ECCV record identifies him as first author of MixTTA with SNU affiliation.",CVPR; ICCV; ECCV; NeurIPS; ICLR; ICML; SIGGRAPH; SIGGRAPH Asia; IROS; ICRA; RA-L,2026-03-05T23:00:00+01:00,"Main-conference full paper or RA-L journal article published on or before the cutoff; first-listed authorship only. Workshops, posters, demos, abstracts, and unverified identity matches are excluded.",0,,,,identity_resolved_prior_work_review_incomplete,0,partial,https://eccv.ecva.net/virtual/2026/poster/4612,"The SNU lab listing and official ECCV record resolve the identity, but the accessible institutional page does not provide a complete dated publication list. No eligible prior first-listed paper was verified; exact zero is not asserted. The MixTTA arXiv record is dated after the cutoff and is not a prior eligible publication."
04e299e28c5847efc6b384bd74d81e25,4619,OmniDS: Dual-Stream Context Fusion for Omnidirectional Depth from Fisheye Cameras,Chaesong Park,Seoul National University,KOREAN_UNIVERSITY_GRAD_SCIENCE_INSTITUTE,cai_4234nl,resolved,https://parkchaesong.github.io/,The personal homepage identifies Chaesong Park as an SNU Robot Vision Lab PhD candidate and lists both the ECCV paper OmniDS and the pre-cutoff publication record.,CVPR; ICCV; ECCV; NeurIPS; ICLR; ICML; SIGGRAPH; SIGGRAPH Asia; IROS; ICRA; RA-L,2026-03-05T23:00:00+01:00,"Main-conference full paper or RA-L journal article published on or before the cutoff; first-listed authorship only. Workshops, posters, demos, abstracts, and unverified identity matches are excluded.",1,1,,no,confirmed_not_first,1,medium,https://eccv.ecva.net/virtual/2026/poster/4619,The sole pre-cutoff eligible first-listed paper shown is SC-Lane at ICCV 2025. HeightLane is WACV and excluded by the fixed venue scope.
f2f446980d8e971ef3da97af089481c3,4656,Geometry-Preserving in 3D Gaussian Splatting for LiDAR-Camera Extrinsic Calibration,Kyoleen Kwak,Kyung Hee University,KOREAN_UNIVERSITY_GRAD_SCIENCE_INSTITUTE,cai_ulv5l2,resolved,https://kwakkyoleen.github.io/,Kyoleen Kwak's official personal site identifies her as a Kyung Hee University AI graduate student in AIRLab; the Kyung Hee AIRLab members page independently lists Kyoleen Kwak and her research area. The ECCV poster and AIRLab publication pages match the name and research line.,CVPR; ICCV; ECCV; NeurIPS; ICLR; ICML; SIGGRAPH; SIGGRAPH Asia; IROS; ICRA; RA-L,2026-03-05T23:00:00+01:00,"Main-conference full paper or RA-L journal article published on or before the cutoff; first-listed authorship only. Workshops, posters, demos, abstracts, and unverified identity matches are excluded.",0,,,,identity_resolved_prior_work_review_incomplete,0,partial,https://eccv.ecva.net/virtual/2026/poster/4656,No eligible scoped prior first-listed paper was verified. The AAAI 2026 first-author paper is outside the user-defined venue scope; exact zero is not asserted. ECCV 2026 is after cutoff.
6ea3f1874b188558fafbab78e8c3a968,4667,ReQuest: Rethinking-based Question-Aware Frame Selection for Long-Form Video QA,Minkuk Kim,Kyung Hee University,KOREAN_UNIVERSITY_GRAD_SCIENCE_INSTITUTE,cai_1gi6tzf,resolved,https://ami.khu.ac.kr/people/students/MinKukKim/,Official KHU AMI profile identifies Minkuk Kim as PhD student with long-video understanding research matching ECCV ReQuest and KHU affiliation.,CVPR; ICCV; ECCV; NeurIPS; ICLR; ICML; SIGGRAPH; SIGGRAPH Asia; IROS; ICRA; RA-L,2026-03-05T23:00:00+01:00,"Main-conference full paper or RA-L journal article published on or before the cutoff; first-listed authorship only. Workshops, posters, demos, abstracts, and unverified identity matches are excluded.",1,1,,no,confirmed_not_first,1,high,https://eccv.ecva.net/virtual/2026/poster/4667,CVPR 2024 first-author paper establishes not-first; ECCV 2026 target is post-cutoff.
f1404c2624fa7f2507ba04fd9dfc5fb1,4679,Prototype Normalization: Optimizing Prototype Separation for Heterogeneous Federated Learning,Daeyoung Choi,Korea Cyber University,KOREAN_UNIVERSITY_GRAD_SCIENCE_INSTITUTE,cai_1o6n2vf,resolved,https://eng.koreacu.ac.kr/cms/FrCon/index.do?MENU_ID=1070,"Korea Cyber University’s official faculty page lists Daeyoung Choi in its Division of Artificial Intelligence and Data Science with the contact choidy@koreacu.ac.kr and AI/data-science teaching areas, matching the queue affiliation. The official arXiv record for the queue title's underlying work lists Daeyoung Choi among the authors.",CVPR; ICCV; ECCV; NeurIPS; ICLR; ICML; SIGGRAPH; SIGGRAPH Asia; IROS; ICRA; RA-L,2026-03-05T23:00:00+01:00,"Main-conference full paper or RA-L journal article published on or before the cutoff; first-listed authorship only. Workshops, posters, demos, abstracts, and unverified identity matches are excluded.",0,,,,identity_resolved_prior_work_review_incomplete,0,partial,https://eccv.ecva.net/virtual/2026/poster/4679,"The 2025 Heterogeneous Federated Learning with Prototype Alignment and Upscaling record lists Daeyoung Choi after Gyuejeong Lee and Jihwan Shin, so it is not an eligible first-listed prior work; it is also an arXiv preprint rather than an in-scope venue. No eligible prior first-listed work was verified in this limited pass."
313f422ac583444ba6045cd122653b0e,4690,PLOT: Pseudo-Labeling via Object Tracking for Monocular 3D Object Detection,SeokYeong Lee,Korea Advanced Institute of Science & Technology,KOREAN_UNIVERSITY_GRAD_SCIENCE_INSTITUTE,cai_xku1g9,resolved,https://kr.linkedin.com/in/seokyeong-lee-852a96191,"The professional profile identifies SeokYeong Lee as a KAIST postdoctoral researcher and lists the same 3D-vision publication line (MAIR, MAIR++, and PLOT) as the ECCV candidate. The official CVF MAIR record lists SeokYeong Lee with matching name and computer-vision topic, while the official ECCV record supplies the candidate paper and KAIST affiliation context.",CVPR; ICCV; ECCV; NeurIPS; ICLR; ICML; SIGGRAPH; SIGGRAPH Asia; IROS; ICRA; RA-L,2026-03-05T23:00:00+01:00,"Main-conference full paper or RA-L journal article published on or before the cutoff; first-listed authorship only. Workshops, posters, demos, abstracts, and unverified identity matches are excluded.",0,,,,identity_resolved_prior_work_review_incomplete,0,partial,https://eccv.ecva.net/virtual/2026/poster/4690,"No prior eligible first-listed paper was found in this limited review. MAIR (CVPR 2023) is eligible but SeokYeong Lee is second-listed, so it is retained only as identity-linked non-first evidence; exact zero is not asserted. ECCV 2026 is after the cutoff."
812469e49663025b39e8d25fdaad81a7,4695,Accelerated Likelihood Maximization for Diffusion-based Versatile Content Generation,Hyunsoo Lee,Seoul National University,KOREAN_UNIVERSITY_GRAD_SCIENCE_INSTITUTE,cai_16lmauc,resolved,https://hleephilip.github.io/full-profile/,"Hyunsoo Lee's official personal profile identifies him as an SNU Electrical and Computer Engineering undergraduate/researcher and lists the ECCV candidate paper Accelerated Likelihood Maximization with Hyunsoo Lee first. The profile also lists his prior NeurIPS 2023 work, matching the official NeurIPS proceedings.",CVPR; ICCV; ECCV; NeurIPS; ICLR; ICML; SIGGRAPH; SIGGRAPH Asia; IROS; ICRA; RA-L,2026-03-05T23:00:00+01:00,"Main-conference full paper or RA-L journal article published on or before the cutoff; first-listed authorship only. Workshops, posters, demos, abstracts, and unverified identity matches are excluded.",1,,,no,confirmed_not_first,1,partial,https://eccv.ecva.net/virtual/2026/poster/4695,One verified eligible prior first-listed work is sufficient to establish that this candidate is not a first-time top-tier first author. Exact count remains unasserted because the review was not exhaustive; the ECCV 2026 paper itself is after the cutoff and excluded.
84cdde86a4560c17d00c9c437fc2f0da,4696,BrepCoder: A Unified Multimodal Large Language Model for Multi-task B-rep Reasoning,Mingi Kim,Chungnam National University,KOREAN_UNIVERSITY_GRAD_SCIENCE_INSTITUTE,cai_1avphu5,resolved,https://mingikim1.github.io/,"Official personal site identifies Mingi Kim as a Chungnam National University VCLab MS student working on 3D vision, graphics, and multimodal models. The profile links Chungnam National University and the same B-rep/3D research context as the ECCV candidate; the official Oxford paper also identifies Mingi Kim with that institution.",CVPR; ICCV; ECCV; NeurIPS; ICLR; ICML; SIGGRAPH; SIGGRAPH Asia; IROS; ICRA; RA-L,2026-03-05T23:00:00+01:00,"Main-conference full paper or RA-L journal article published on or before the cutoff; first-listed authorship only. Workshops, posters, demos, abstracts, and unverified identity matches are excluded.",0,,,,identity_resolved_prior_work_review_incomplete,0,partial,https://eccv.ecva.net/virtual/2026/poster/4696,"No eligible prior first-listed work was verified. The identified official works (BrepCoder arXiv/2026 and Comp-PointLLM, Journal of Computational Design and Engineering, May 2026) are either after the cutoff or outside the scoped venues. The public profile does not provide a complete historical venue ledger, so exact zero is not asserted. ECCV 2026 is excluded by cutoff."
3bf29f38421bc1764e6f1d1545479f93,4699,Accurate Zero-shot Quantization via Hierarchical Teacher-Assistant Distillation,Wonjin Cho,Seoul National University,KOREAN_UNIVERSITY_GRAD_SCIENCE_INSTITUTE,cai_3qeim2,resolved,https://likesnu.snu.ac.kr/usr/article/articleDetail.do?article_id=SNUA_000000035194624&lang=en,"SNU's official LikeSNU record and the official IJCAI proceedings identify Wonjin Cho at Seoul National University as a coauthor on the zero-shot quantization work, matching the ECCV candidate's SNU affiliation and quantization research topic. Wonjin Cho is not first-listed on that prior paper.",CVPR; ICCV; ECCV; NeurIPS; ICLR; ICML; SIGGRAPH; SIGGRAPH Asia; IROS; ICRA; RA-L,2026-03-05T23:00:00+01:00,"Main-conference full paper or RA-L journal article published on or before the cutoff; first-listed authorship only. Workshops, posters, demos, abstracts, and unverified identity matches are excluded.",0,,,,identity_resolved_prior_work_review_incomplete,0,partial,https://eccv.ecva.net/virtual/2026/poster/4699,"The verified IJCAI 2025 paper is eligible but Wonjin Cho is fourth-listed, so it does not count as prior first-listed authorship. No eligible prior first-listed work was found in the limited review; exact zero is not asserted."
cb77649f5d53798edfa0ff40dae46322,4711,MoCA3D: Monocular 3D Bounding Box Prediction in the Image Plane,Changwoo Jeon,Yonsei University,KOREAN_UNIVERSITY_GRAD_SCIENCE_INSTITUTE,cai_2jhbnw,resolved,https://jeoncwcw.github.io/,"Changwoo Jeon's official personal page identifies him as a Yonsei University undergraduate and lists MoCA3D as his sole publication, matching the ECCV candidate name, institution, and title.",CVPR; ICCV; ECCV; NeurIPS; ICLR; ICML; SIGGRAPH; SIGGRAPH Asia; IROS; ICRA; RA-L,2026-03-05T23:00:00+01:00,"Main-conference full paper or RA-L journal article published on or before the cutoff; first-listed authorship only. Workshops, posters, demos, abstracts, and unverified identity matches are excluded.",0,,,,identity_resolved_prior_work_review_incomplete,0,partial,https://eccv.ecva.net/virtual/2026/poster/4711,"The only listed work is MoCA3D, dated ECCV 2026 on the personal page and submitted to arXiv on 2026-03-20, both after the cutoff; no earlier eligible work is listed."
f6b6d2a114a9644419dc8d2315f22401,4713,Q-TriM: Question-Guided Tri-Modal Attention for Audio–Visual Question Answering,SungHun Kim,Korea University,KOREAN_UNIVERSITY_GRAD_SCIENCE_INSTITUTE,cai_1wmyvnw,resolved,https://singkru.github.io/,The official Korea University System Intelligence Group page lists SungHun Kim's Q-TriM publication and Korea University lab contact; this exactly matches the ECCV candidate's title/topic and affiliation. The candidate paper itself is post-cutoff.,CVPR; ICCV; ECCV; NeurIPS; ICLR; ICML; SIGGRAPH; SIGGRAPH Asia; IROS; ICRA; RA-L,2026-03-05T23:00:00+01:00,"Main-conference full paper or RA-L journal article published on or before the cutoff; first-listed authorship only. Workshops, posters, demos, abstracts, and unverified identity matches are excluded.",0,,,,identity_resolved_prior_work_review_incomplete,0,partial,https://eccv.ecva.net/virtual/2026/poster/4713,No eligible prior scoped first-listed paper was found in the official lab publication list or targeted venue search. Exact zero is not asserted pending exhaustive review. ECCV 2026 is after cutoff.
9ecff5455677b38d19f49ce658ef0608,4715,Unbalanced Optimal Transport for Efficient Visual Document Retrieval,Hoyeon Shin,Seoul National University of Science and Technology,KOREAN_UNIVERSITY_GRAD_SCIENCE_INSTITUTE,cai_txmnjf,resolved,https://sites.google.com/view/cvlab-seoultech,"The official SeoulTech Computer Vision Lab page identifies Hoyeon Shin as first author of Unbalanced Optimal Transport for Efficient Visual Document Retrieval and places the lab at Seoul National University of Science and Technology, matching the candidate.",CVPR; ICCV; ECCV; NeurIPS; ICLR; ICML; SIGGRAPH; SIGGRAPH Asia; IROS; ICRA; RA-L,2026-03-05T23:00:00+01:00,"Main-conference full paper or RA-L journal article published on or before the cutoff; first-listed authorship only. Workshops, posters, demos, abstracts, and unverified identity matches are excluded.",0,,,,identity_resolved_prior_work_review_incomplete,0,partial,https://eccv.ecva.net/virtual/2026/poster/4715,The lab publication page exposes the ECCV 2026 target and later work but no complete historical CV; no pre-cutoff eligible first-listed work was verified.
525b8410cc8612283c9ecaf9a319f8ed,4716,Representation Alignment for Just Image Transformers is not Easier than You Think,Jaeyo Shin,KAIST,KOREAN_UNIVERSITY_GRAD_SCIENCE_INSTITUTE,cai_ofpn1x,resolved,https://sites.google.com/view/cvml-kaist/members,The official KAIST CVML members page lists Jaeyo Shin as a KAIST MS student with the same diffusion/3D vision research area as the ECCV paper. The official ECCV poster record supplies the candidate's paper and KAIST affiliation; the CVML page is the institutional identity link.,CVPR; ICCV; ECCV; NeurIPS; ICLR; ICML; SIGGRAPH; SIGGRAPH Asia; IROS; ICRA; RA-L,2026-03-05T23:00:00+01:00,"Main-conference full paper or RA-L journal article published on or before the cutoff; first-listed authorship only. Workshops, posters, demos, abstracts, and unverified identity matches are excluded.",0,,,,identity_resolved_prior_work_review_incomplete,0,partial,https://eccv.ecva.net/virtual/2026/poster/4716,"No eligible prior first-listed main-conference or RA-L paper was verified in the sources reviewed. The searchable institutional page identifies one non-scope AAAI 2024 paper (MagiCapture) but does not provide a complete CV/publication history, so an exact zero is not asserted."
f629ed9325990b10543ab5946c1362fb,4728,Visual Prompt Discovery via Semantic Exploration,Jaechang Kim,POSTECH,KOREAN_UNIVERSITY_GRAD_SCIENCE_INSTITUTE,cai_ue4bx1,resolved,https://jaechang.dev/,"Official personal site identifies Jaechang Kim as a POSTECH Machine Learning Lab researcher and lists Visual Prompt Discovery, matching the ECCV candidate title and POSTECH affiliation.",CVPR; ICCV; ECCV; NeurIPS; ICLR; ICML; SIGGRAPH; SIGGRAPH Asia; IROS; ICRA; RA-L,2026-03-05T23:00:00+01:00,"Main-conference full paper or RA-L journal article published on or before the cutoff; first-listed authorship only. Workshops, posters, demos, abstracts, and unverified identity matches are excluded.",0,,,,identity_resolved_prior_work_review_incomplete,0,partial,https://eccv.ecva.net/virtual/2026/poster/4728,"A verified NeurIPS 2021 paper has Kim second-listed, so it does not count as first-author evidence. The official profile lists earlier ICASSP papers (outside the fixed venue scope) and 2025 ACL/NAACL/TMLR works; exhaustive top-tier first-author review was not completed. QA removed non-qualifying evidence rows; count reflects first-listed eligible works only."
032a01d83345f23883c98c540ff32fe7,4729,DeCoFlow: Structural Decomposition of Normalizing Flows for Continual Anomaly Detection,hun im,Seoul National University,KOREAN_UNIVERSITY_GRAD_SCIENCE_INSTITUTE,cai_1n7ps74,resolved,https://dsba.snu.ac.kr/wp-content/uploads/2025/07/hunim-CV_korea.pdf?x92784=,"Hun Im's official SNU-hosted CV identifies him as an SNU Industrial Engineering doctoral student and lists the ECCV-target research area, matching the SNU candidate. The CV's publication list contains only a 2024 Neurocomputing article (not in scope) and works under review.",CVPR; ICCV; ECCV; NeurIPS; ICLR; ICML; SIGGRAPH; SIGGRAPH Asia; IROS; ICRA; RA-L,2026-03-05T23:00:00+01:00,"Main-conference full paper or RA-L journal article published on or before the cutoff; first-listed authorship only. Workshops, posters, demos, abstracts, and unverified identity matches are excluded.",0,0,,yes,confirmed_first,0,high,https://eccv.ecva.net/virtual/2026/poster/4729,The official CV was reviewed in full. No eligible prior first-listed work in the fixed venue set was found; DeCoFlow's 2026 publication is after the cutoff and is not counted.
f0d7053396e765bf52de12133cf1afe8,4732,FILT3R: Latent State Adaptive Kalman Filter for Streaming 3D Reconstruction,Seonghyun Jin,Korea Advanced Institute of Science & Technology,KOREAN_UNIVERSITY_GRAD_SCIENCE_INSTITUTE,cai_1a61p0s,resolved,https://jinotter3.github.io/,"Seonghyun Jin's official personal site identifies him as an integrated MS/PhD student in KAIST AI's BISPL Lab, with the same FILT3R paper and research area as the ECCV candidate. The official BISPL people page independently lists Seonghyun Jin with KAIST email and matching background.",CVPR; ICCV; ECCV; NeurIPS; ICLR; ICML; SIGGRAPH; SIGGRAPH Asia; IROS; ICRA; RA-L,2026-03-05T23:00:00+01:00,"Main-conference full paper or RA-L journal article published on or before the cutoff; first-listed authorship only. Workshops, posters, demos, abstracts, and unverified identity matches are excluded.",0,,,,identity_resolved_prior_work_review_incomplete,0,partial,https://eccv.ecva.net/virtual/2026/poster/4732,"No eligible prior main-conference/RA-L first-listed work was found in the limited review; the official site lists only ECCV 2026 and an ECCV 2026 workshop item, both after the cutoff or excluded. Exact zero is not asserted."
ac450d10e166657ec8f93a1b65ca1b14,4741,Enhancing Alignment for Unified Multimodal Models via Semantically-Grounded Supervision,Jiyeong Kim,Ewha W. University,KOREAN_UNIVERSITY_GRAD_SCIENCE_INSTITUTE,cai_ua9szx,resolved,https://agile.ewha.ac.kr/,Ewha AGILE's official publications page lists Jiyeong Kim first on the ECCV 2026 title and the ECCV 2024 masked-token paper. The official ECCV 2024 PDF confirms Jiyeong Kim and Ewha W. University affiliation; the candidate's professional profile independently identifies the same Ewha researcher.,CVPR; ICCV; ECCV; NeurIPS; ICLR; ICML; SIGGRAPH; SIGGRAPH Asia; IROS; ICRA; RA-L,2026-03-05T23:00:00+01:00,"Main-conference full paper or RA-L journal article published on or before the cutoff; first-listed authorship only. Workshops, posters, demos, abstracts, and unverified identity matches are excluded.",0,,,,identity_resolved_prior_work_review_incomplete,0,partial,https://eccv.ecva.net/virtual/2026/poster/4741,"One eligible prior ECCV main-conference paper was verified, but Jiyeong Kim is fifth-listed, so it does not count as first-listed authorship. No eligible prior first-listed paper was found in the limited review; exact zero is not asserted. The ECCV 2026 candidate paper and March 2026 preprint are after the cutoff. QA removed non-qualifying evidence rows; count reflects first-listed eligible works only."
f0e6be4ce76ccfa73c5a540d992d0756,4744,CLUE-VAD: Structured Semantic Clues for Understanding Explainable Events in Video Anomaly Detection,MYOUNG-CHUL KIM,Kyung Hee University,KOREAN_UNIVERSITY_GRAD_SCIENCE_INSTITUTE,cai_1odzw09,resolved,https://vslab.khu.ac.kr/team/,"The official Kyung Hee University Visual Science Lab team page identifies MyoungChul Kim as an M.S. student and gives the research focus Video Anomaly Detection Representation Learning, matching the CLUE-VAD ECCV candidate and Kyung Hee affiliation.",CVPR; ICCV; ECCV; NeurIPS; ICLR; ICML; SIGGRAPH; SIGGRAPH Asia; IROS; ICRA; RA-L,2026-03-05T23:00:00+01:00,"Main-conference full paper or RA-L journal article published on or before the cutoff; first-listed authorship only. Workshops, posters, demos, abstracts, and unverified identity matches are excluded.",0,,,,identity_resolved_prior_work_review_incomplete,0,partial,https://eccv.ecva.net/virtual/2026/poster/4744,"The official AAAI 2026 RefineVAD paper lists MyoungChul Kim third, not first, and is before the cutoff but does not count. CLUE-VAD was an ICLR 2026 submission, not an eligible published prior. No eligible prior first-listed work was verified; exact zero is not claimed."
d9437926cc8d785a7bdb8578fd85d8e3,4747,URHead: A Unified UV-Space Representation for Joint Mesh–3DGS Optimization in Head Avatars,Seonghak Lee,Chung-Ang University,KOREAN_UNIVERSITY_GRAD_SCIENCE_INSTITUTE,cai_1yx3xks,resolved,https://lseonghak.github.io/website/,Seonghak Lee's official personal site identifies him as a PhD candidate at Chung-Ang University's CVML lab and lists the same ECCV 2026 URHead paper and research line as the candidate. The official ECCV poster record independently identifies the candidate paper and affiliation.,CVPR; ICCV; ECCV; NeurIPS; ICLR; ICML; SIGGRAPH; SIGGRAPH Asia; IROS; ICRA; RA-L,2026-03-05T23:00:00+01:00,"Main-conference full paper or RA-L journal article published on or before the cutoff; first-listed authorship only. Workshops, posters, demos, abstracts, and unverified identity matches are excluded.",0,,,,identity_resolved_prior_work_review_incomplete,0,partial,https://eccv.ecva.net/virtual/2026/poster/4747,"The official CV lists prior ASRU workshop, ECCV workshop, ICCE, ICTC, and journals, none in the scoped eligible main-conference/RA-L set. Exact zero is not asserted because the review was not exhaustive; ECCV 2026 is after cutoff."
8612c55d2969d1f587bf1c5aaaa32964,4758,DIVA: Instruction-Aware Vision Token Pruning via Dual-Probe Attention Discrepancy,Hyunwoo Kim,Yonsei University,KOREAN_UNIVERSITY_GRAD_SCIENCE_INSTITUTE,cai_lz5fec,resolved,https://sites.google.com/view/mlcf/Researcher/department-of-artificial-intelligence,"Yonsei University's official MLCF researcher page identifies Hyun-woo Kim as an MS student at Yonsei University (hw.kim@yonsei.ac.kr), lists his research interests, and lists his first/co-first authorship on a 2025 journal article. The same official lab publication listing identifies him as first author of the ECCV 2026 DIVA paper, matching the candidate title.",CVPR; ICCV; ECCV; NeurIPS; ICLR; ICML; SIGGRAPH; SIGGRAPH Asia; IROS; ICRA; RA-L,2026-03-05T23:00:00+01:00,"Main-conference full paper or RA-L journal article published on or before the cutoff; first-listed authorship only. Workshops, posters, demos, abstracts, and unverified identity matches are excluded.",0,,,,identity_resolved_prior_work_review_incomplete,0,partial,https://eccv.ecva.net/virtual/2026/poster/4758,No verified eligible top-tier first-listed prior work was found in the official Yonsei sources checked. The listed 2025 Journal of Korea Multimedia Society article is outside the defined venue scope. Exact zero count is not asserted.
536eecee295b92db6b32194e269541f8,4759,Group3D: MLLM-Guided Semantic Grouping for Open-Vocabulary 3D Object Detection,Youbin Kim,Sung Kyun Kwan University,KOREAN_UNIVERSITY_GRAD_SCIENCE_INSTITUTE,cai_1yvwds7,resolved,https://github.com/Ubin108/Group3D,"Official Group3D repository identifies Youbin Kim first, associates him with Sungkyunkwan University, and matches the ECCV 2026 title and author list.",CVPR; ICCV; ECCV; NeurIPS; ICLR; ICML; SIGGRAPH; SIGGRAPH Asia; IROS; ICRA; RA-L,2026-03-05T23:00:00+01:00,"Main-conference full paper or RA-L journal article published on or before the cutoff; first-listed authorship only. Workshops, posters, demos, abstracts, and unverified identity matches are excluded.",0,,,,identity_resolved_prior_work_review_incomplete,0,partial,https://eccv.ecva.net/virtual/2026/poster/4759,No eligible prior first-listed paper found in this review. Metalens-Transformer lists Youbin Kim as non-first coauthor; exact zero not asserted. ECCV 2026 is post-cutoff.
5c333c4ffd55c7a3576e6a614d81af82,4769,Direct Preference Optimization for Perceptual Alignment via Vision-Language Consistency,Seungyeon Lee,Kyungpook National University,KOREAN_UNIVERSITY_GRAD_SCIENCE_INSTITUTE,cai_1itydzn,resolved,https://openreview.net/profile?id=~Seungyeon_Lee1,"The official OpenReview profile identifies Seungyeon Lee as a PhD student at Kyungpook National University from 2021 onward, with a confirmed knu.ac.kr email, matching the ECCV candidate affiliation. The official ECVA record identifies the matching Direct Preference Optimization paper and author order.",CVPR; ICCV; ECCV; NeurIPS; ICLR; ICML; SIGGRAPH; SIGGRAPH Asia; IROS; ICRA; RA-L,2026-03-05T23:00:00+01:00,"Main-conference full paper or RA-L journal article published on or before the cutoff; first-listed authorship only. Workshops, posters, demos, abstracts, and unverified identity matches are excluded.",0,,,,identity_resolved_prior_work_review_incomplete,0,partial,https://eccv.ecva.net/virtual/2026/poster/4769,No eligible pre-cutoff first-author paper was verified in the official OpenReview profile. The ECCV 2026 candidate paper is after cutoff; exact zero remains uncertified.
cc6ef8cb8df3af5693726838cd728163,4778,MorphGS: Morphology-Adaptive Articulated Motion Transfer from Videos,Taeyeon Kim,Korea Advanced Institute of Science & Technology,KOREAN_UNIVERSITY_GRAD_SCIENCE_INSTITUTE,cai_1s5beor,resolved,https://xodus777.github.io/,"Taeyeon Kim's official personal site identifies a KAIST Geometric AI Lab researcher and lists MorphGS with the same author name, topic, and KAIST affiliation as the ECCV candidate. The site also lists the candidate's prior ICIP 2025 and CKAIA 2024 work.",CVPR; ICCV; ECCV; NeurIPS; ICLR; ICML; SIGGRAPH; SIGGRAPH Asia; IROS; ICRA; RA-L,2026-03-05T23:00:00+01:00,"Main-conference full paper or RA-L journal article published on or before the cutoff; first-listed authorship only. Workshops, posters, demos, abstracts, and unverified identity matches are excluded.",0,,,,identity_resolved_prior_work_review_incomplete,0,partial,https://eccv.ecva.net/virtual/2026/poster/4778,No eligible prior first-listed paper was found in the limited review. ICIP 2025 is outside the defined venue scope and CKAIA 2024 is outside the scope; the CVPR 2026 item is not prior to the 2026-03-05 cutoff. Exact zero is not asserted.
4afa19649ae378da31a423bcd78a97c8,4784,Reflection-Aware Reasoning for Non-Line-of-Sight Pedestrian Localization,Byeonggyu Park,Seoul National University,KOREAN_UNIVERSITY_GRAD_SCIENCE_INSTITUTE,cai_1yyss68,resolved,https://bingurrr.github.io/,The academic portfolio identifies Byeonggyu Park with the ECCV paper and an earlier first-listed IROS paper on the same non-line-of-sight localization topic.,CVPR; ICCV; ECCV; NeurIPS; ICLR; ICML; SIGGRAPH; SIGGRAPH Asia; IROS; ICRA; RA-L,2026-03-05T23:00:00+01:00,"Main-conference full paper or RA-L journal article published on or before the cutoff; first-listed authorship only. Workshops, posters, demos, abstracts, and unverified identity matches are excluded.",1,,,no,confirmed_not_first,1,partial,https://eccv.ecva.net/virtual/2026/poster/4784,At least one earlier eligible first-listed paper is verified. Exhaustive count still pending.
e698959e9b93e4de823526327ffed84a,4803,MotionEditGS: Editing Motion and Appearance of 4D Scenes from Monocular Video via Semantically Anchored Gaussians,Daehyun We,Korea Advanced Institute of Science & Technology; Korea Advanced Institute of Science & Technology,KOREAN_UNIVERSITY_GRAD_SCIENCE_INSTITUTE,cai_riq103,resolved,https://vi.kaist.ac.kr/pages/people/,"KAIST Vision Intelligence Lab's official people page lists Daehyun We as a Robotics Program member and a February 2026 master's graduate continuing to the lab. An OpenReview-hosted CV for collaborator Youngho Yoon lists Daehyun We as the first author of the ECCV 2026 MotionEditGS paper, matching the queue title and KAIST context.",CVPR; ICCV; ECCV; NeurIPS; ICLR; ICML; SIGGRAPH; SIGGRAPH Asia; IROS; ICRA; RA-L,2026-03-05T23:00:00+01:00,"Main-conference full paper or RA-L journal article published on or before the cutoff; first-listed authorship only. Workshops, posters, demos, abstracts, and unverified identity matches are excluded.",0,,,,identity_resolved_prior_work_review_incomplete,0,partial,https://eccv.ecva.net/virtual/2026/poster/4803,"No eligible prior first-listed top-tier work was verified in this limited pass. The official CV labels MotionEditGS as preprints/under review, and it is the ECCV 2026 queue paper itself, so it is not prior under the cutoff. Exhaustive venue-by-venue review remains pending."
2f10c1578a0706e06b6d7db6f0b4a6af,4810,White Aggregation and Restoration for Few-shot 3D Point Cloud Semantic Segmentation,Jiyun Im,Sung Kyun Kwan University,KOREAN_UNIVERSITY_GRAD_SCIENCE_INSTITUTE,cai_5n2beb,unresolved,,"The official arXiv record for the queue-matching White Aggregation and Restoration paper lists Jiyun Im first and Sungkyunkwan University affiliation, but no authoritative personal or institutional profile uniquely links this author to a complete prior-publication record.",CVPR; ICCV; ECCV; NeurIPS; ICLR; ICML; SIGGRAPH; SIGGRAPH Asia; IROS; ICRA; RA-L,2026-03-05T23:00:00+01:00,"Main-conference full paper or RA-L journal article published on or before the cutoff; first-listed authorship only. Workshops, posters, demos, abstracts, and unverified identity matches are excluded.",0,,,,blocked_on_identity_review,0,unresolved,https://eccv.ecva.net/virtual/2026/poster/4810,The ECCV 2026 paper itself is after the audit cutoff and is not a prior work. Identity was not resolved strongly enough to assert an exact prior count.
236f119f58f5fd102c5a2ca609fdcbd8,4816,SA-V2V: Training-Free Subject-Aware Video-to-Video Personalization,Soobin Park,Sookmyung Women's University,KOREAN_UNIVERSITY_GRAD_SCIENCE_INSTITUTE,cai_r6mnbm,resolved,https://parksoobin1219.github.io/SA-V2V/,"The official SA-V2V project page lists Soobin Park first and explicitly gives Sookmyung Women's University affiliation, matching the ECCV candidate. Official Korea University IPA publication records and project pages link the same Soobin Park to the 2025 CVPR/ICCV research group, confirming the publication identity.",CVPR; ICCV; ECCV; NeurIPS; ICLR; ICML; SIGGRAPH; SIGGRAPH Asia; IROS; ICRA; RA-L,2026-03-05T23:00:00+01:00,"Main-conference full paper or RA-L journal article published on or before the cutoff; first-listed authorship only. Workshops, posters, demos, abstracts, and unverified identity matches are excluded.",0,,,,identity_resolved_prior_work_review_incomplete,0,partial,https://eccv.ecva.net/virtual/2026/poster/4816,"Reviewed official CVPR/ICCV project records show Soobin Park as a non-first author (CVPR 2025 IDS; ICCV 2025 DRF), so they do not count. The ECCV 2026 SA-V2V paper is after the cutoff. No eligible prior first-listed work was found in the reviewed sources; exact zero is not asserted."
b56522cb95aa89c207e129509362cce3,4820,"Two Birds, One Projection: Harmonizing Safety and Utility in LVLMs via Inference-time Feature Projection",Yewon Han,Seoul National University,KOREAN_UNIVERSITY_GRAD_SCIENCE_INSTITUTE,cai_kvpogs,resolved,https://arxiv.org/abs/2603.14825,"The official arXiv record identifies Yewon Han as first author of the exact ECCV 2026 queue-matching paper and gives Graduate School of Data Science, Seoul National University affiliation. A self-authored LinkedIn post independently identifies the author and the same paper as her first PhD paper.",CVPR; ICCV; ECCV; NeurIPS; ICLR; ICML; SIGGRAPH; SIGGRAPH Asia; IROS; ICRA; RA-L,2026-03-05T23:00:00+01:00,"Main-conference full paper or RA-L journal article published on or before the cutoff; first-listed authorship only. Workshops, posters, demos, abstracts, and unverified identity matches are excluded.",0,,,,identity_resolved_prior_work_review_incomplete,0,partial,https://eccv.ecva.net/virtual/2026/poster/4820,"No eligible prior scoped first-listed paper was located in the official records reviewed. The arXiv record dates the queue-matching paper 2026-03-16, after cutoff. No exhaustive official CV/publication list was found, so exact zero is not asserted."
7eb5ac36014a76629c40069e46136a61,4822,WARP: Wide Attention with Rich Projections for Image Super-Resolution,Jiwon Kim,Seoul National University,KOREAN_UNIVERSITY_GRAD_SCIENCE_INSTITUTE,cai_1e07dad,unresolved,,"The ECCV queue identifies a Seoul National University author of WARP, but searches did not locate an authoritative person-level CV or institutional computer-vision profile that links this particular Jiwon Kim to the ECCV candidate. Same-name SNU profiles found were for unrelated fields or different publication identities.",CVPR; ICCV; ECCV; NeurIPS; ICLR; ICML; SIGGRAPH; SIGGRAPH Asia; IROS; ICRA; RA-L,2026-03-05T23:00:00+01:00,"Main-conference full paper or RA-L journal article published on or before the cutoff; first-listed authorship only. Workshops, posters, demos, abstracts, and unverified identity matches are excluded.",0,,,,blocked_on_identity_review,0,unresolved,https://eccv.ecva.net/virtual/2026/poster/4822,The ECCV 2026 paper is after the cutoff and is not counted. The well-known SNU CVPR 2016 super-resolution author Jiwon Kim was not assumed to be this candidate without an identity link.
229aeb9e2ae66f2fac1149e5240b2fdd,4835,SAND: Stage-Aware Noise Decomposition for Training-Free Diffusion Guidance,DaeHyun Kim,Chungnam National University,KOREAN_UNIVERSITY_GRAD_SCIENCE_INSTITUTE,cai_1jly6ub,resolved,https://sites.google.com/view/cvlabcnu/people,"The official Chungnam National University Computer Vision Lab people page lists Daehyun Kim (김대현), his personal GitHub link, and period Sep. 2022-present. The page's identity and affiliation match the queue; the CVPR official record links the same CNU lab context and lists Daehyun Kim fifth.",CVPR; ICCV; ECCV; NeurIPS; ICLR; ICML; SIGGRAPH; SIGGRAPH Asia; IROS; ICRA; RA-L,2026-03-05T23:00:00+01:00,"Main-conference full paper or RA-L journal article published on or before the cutoff; first-listed authorship only. Workshops, posters, demos, abstracts, and unverified identity matches are excluded.",0,,,,identity_resolved_prior_work_review_incomplete,0,partial,https://eccv.ecva.net/virtual/2026/poster/4835,"The verified CVPR 2023 Local Connectivity-Based Density Estimation paper is eligible by venue/date but Daehyun Kim is fifth-listed, so it contributes no first-author count. The official lab page does not provide an exhaustive publication ledger; no eligible prior first-listed work is asserted."
340b706fb4f5035f33fcfa07fbbaf411,4845,Unified Prediction and Planning via Conflict-Aware Disjoint Parameter Training,Taewon Seo,Daegu Gyeongbuk Institute of Science and Technology,KOREAN_UNIVERSITY_GRAD_SCIENCE_INSTITUTE,cai_1q7jif8,resolved,https://taewon-seo.github.io/,"Taewon Seo's official DGIST ISL Lab personal site identifies him as a DGIST Ph.D. student, gives his DGIST email and advisor, and lists the ECCV 2026 candidate paper Unified Prediction and Planning via Conflict-Aware Disjoint Parameter Training with Seo first. The profile's embodied-AI topic and DGIST affiliation match ECVA.",CVPR; ICCV; ECCV; NeurIPS; ICLR; ICML; SIGGRAPH; SIGGRAPH Asia; IROS; ICRA; RA-L,2026-03-05T23:00:00+01:00,"Main-conference full paper or RA-L journal article published on or before the cutoff; first-listed authorship only. Workshops, posters, demos, abstracts, and unverified identity matches are excluded.",0,,,,identity_resolved_prior_work_review_incomplete,0,partial,https://eccv.ecva.net/virtual/2026/poster/4845,No eligible prior first-listed work was found in the official profile's publication list. The list includes only the ECCV 2026 item (after cutoff); exact zero is not asserted because a complete venue-scope review was not performed.
f7e4dd6300aa79c1ba9425a76dcf26f5,4866,4DGS360: 360° Gaussian Reconstruction of Dynamic Objects from a Single Video,Jae Won Jang,SEOUL NATIONAL UNIVERSITY,KOREAN_UNIVERSITY_GRAD_SCIENCE_INSTITUTE,cai_3yt2qp,resolved,https://jaewon040.github.io/,Official personal site identifies Jae Won Jang as an integrated MS/PhD student at Seoul National University advised by Nojun Kwak and lists the ECCV 2026 4DGS360 paper matching the candidate row.,CVPR; ICCV; ECCV; NeurIPS; ICLR; ICML; SIGGRAPH; SIGGRAPH Asia; IROS; ICRA; RA-L,2026-03-05T23:00:00+01:00,"Main-conference full paper or RA-L journal article published on or before the cutoff; first-listed authorship only. Workshops, posters, demos, abstracts, and unverified identity matches are excluded.",0,,,,identity_resolved_prior_work_review_incomplete,0,partial,https://eccv.ecva.net/virtual/2026/poster/4866,Official profile lists no eligible pre-cutoff top-tier main-conference or RA-L first-author paper; listed IJCAI 2026 is after cutoff and a NAACL workshop is excluded. Exact zero was not certified exhaustively.
808e22af6c33eea22608f30cef458844,4884,PDF-Omni: Poincaré Dual Disk Distortion Field-based Recurrent Update for Omnidirectional Stereo Matching,Yunseok Yang,Jeonbuk National University,KOREAN_UNIVERSITY_GRAD_SCIENCE_INSTITUTE,cai_19fod1y,resolved,https://pure.jbnu.ac.kr/en/publications/ra-distill-relational-alignment-distillation-based-on-gram-matrix/,"The official Jeonbuk National University Researchers Portal identifies Yunseok Yang in the Division of Electronic Engineering and lists his 2025 segmentation paper. The official PDF-Omni project page independently matches Yunseok Yang first, Jeonbuk National University, and the ECCV queue title/topic.",CVPR; ICCV; ECCV; NeurIPS; ICLR; ICML; SIGGRAPH; SIGGRAPH Asia; IROS; ICRA; RA-L,2026-03-05T23:00:00+01:00,"Main-conference full paper or RA-L journal article published on or before the cutoff; first-listed authorship only. Workshops, posters, demos, abstracts, and unverified identity matches are excluded.",0,,,,identity_resolved_prior_work_review_incomplete,0,partial,https://eccv.ecva.net/virtual/2026/poster/4884,"The verified JBNU publications located are journal articles outside the fixed venue scope (including RA-Distill, International Journal of Control, Automation and Systems, 2025). No eligible prior first-listed CVPR/ICCV/ECCV/NeurIPS/ICLR/ICML/SIGGRAPH/IROS/ICRA/RA-L work was found, but review was not exhaustive and exact zero is not asserted."
e0a0a422a9069a4cb2b91211a451da4b,4909,FreqOrtho-SR: Frequency-Guided Orthogonal Expert Learning for Real-World Image Super-Resolution,Minh Son Hoang,Korea Advanced Institute of Science & Technology,KOREAN_UNIVERSITY_GRAD_SCIENCE_INSTITUTE,cai_1c6rbs6,resolved,https://cs.kaist.ac.kr/people/msstudents,"Official KAIST School of Computing roster lists Hoang, Minh Son as a master's student entered 2025-02-24, matching the ECCV name and KAIST affiliation.",CVPR; ICCV; ECCV; NeurIPS; ICLR; ICML; SIGGRAPH; SIGGRAPH Asia; IROS; ICRA; RA-L,2026-03-05T23:00:00+01:00,"Main-conference full paper or RA-L journal article published on or before the cutoff; first-listed authorship only. Workshops, posters, demos, abstracts, and unverified identity matches are excluded.",0,,,,identity_resolved_prior_work_review_incomplete,0,partial,https://eccv.ecva.net/virtual/2026/poster/4909,"No scoped first-listed prior was verified; available official profile is not a complete publication CV, so exact zero is not asserted."
00482b9bed15a272730fcb590ffebddd,4917,MOCHA: Multi-modal Objects-aware Cross-arcHitecture Alignment,Elena Camuffo,CLO Virtual Fashion,KOREAN_COMPANY,cai_qiaew2,resolved,https://elenacamuffo.github.io/,Elena Camuffo's official personal site identifies her as a computer-graphics/deep-learning researcher and lists the ECCV title MOCHA; her current CLO affiliation is also stated on her current personal site.,CVPR; ICCV; ECCV; NeurIPS; ICLR; ICML; SIGGRAPH; SIGGRAPH Asia; IROS; ICRA; RA-L,2026-03-05T23:00:00+01:00,"Main-conference full paper or RA-L journal article published on or before the cutoff; first-listed authorship only. Workshops, posters, demos, abstracts, and unverified identity matches are excluded.",1,,,no,confirmed_not_first,1,partial,https://eccv.ecva.net/virtual/2026/poster/4917,"One verified qualifying first-listed IROS 2024 paper is sufficient to establish that the candidate is not first-time under the audit rule. The personal CV/publication page is not explicitly exhaustive, so an exact count is not claimed. CVPRW 2023, ICIP, ICASSP, and other non-scope works were excluded."
9af08cda54faea9adf40a201794183cf,4932,UniSim-SLAM: Feed-Forward SLAM with Unified Sim(3) Optimization,inha Lee,Ulsan National Institute of Science and Technology (UNIST),KOREAN_UNIVERSITY_GRAD_SCIENCE_INSTITUTE,cai_5bb72u,resolved,https://unist.info/?page_id=2181,"UNIST's official 3D Vision & Robotics Lab student page lists Inha Lee, and the author's GitHub profile identifies Inha Lee at UNIST and links the same ECCV 2026 UniSim-SLAM as first-author work. The name, institution, topic, and collaborator context match the queue candidate.",CVPR; ICCV; ECCV; NeurIPS; ICLR; ICML; SIGGRAPH; SIGGRAPH Asia; IROS; ICRA; RA-L,2026-03-05T23:00:00+01:00,"Main-conference full paper or RA-L journal article published on or before the cutoff; first-listed authorship only. Workshops, posters, demos, abstracts, and unverified identity matches are excluded.",0,,,,identity_resolved_prior_work_review_incomplete,0,partial,https://eccv.ecva.net/virtual/2026/poster/4932,"AiSDF (RA-L 2024) was checked but Inha Lee is second-listed (equal contribution, alphabetical order), so it is not a first-listed prior work under this audit. No eligible prior first-listed work was verified; exhaustive venue review remains pending."
1872e3d47e965d2e64f63ca01dd937f9,4934,Not All Prediction Targets Keep Training-Free Diffusion Guidance on the Manifold,Yunsung Lee,Maum AI,KOREAN_COMPANY,cai_1r1aqg,resolved,https://alohays.github.io/cv/,"Yunsung Lee's official CV identifies him by name, work email, and current MaumAI WoRV leadership. Its dated publication list is consistent with the ECCV queue paper; the official ECCV record confirms the matching first-author title and Maum AI affiliation.",CVPR; ICCV; ECCV; NeurIPS; ICLR; ICML; SIGGRAPH; SIGGRAPH Asia; IROS; ICRA; RA-L,2026-03-05T23:00:00+01:00,"Main-conference full paper or RA-L journal article published on or before the cutoff; first-listed authorship only. Workshops, posters, demos, abstracts, and unverified identity matches are excluded.",0,0,,yes,confirmed_first,0,high,https://eccv.ecva.net/virtual/2026/poster/4934,The official CV's dated publication list shows no prior eligible first-listed work. CVPR 2023 and NeurIPS 2023 are eligible venues but list other authors first (Yunsung is co-first/non-first); CVPR 2020 likewise lists Junsoo Lee and Eungyeup Kim first. ECCV 2022 and other located workshop papers are excluded. Exact prior eligible first-author count is therefore zero under the stated CV review.
44151de6be734db545ec958e77b0f9df,4936,Grounding World Simulation Models in a Real-World Metropolis,Junyoung Seo,KAIST,KOREAN_UNIVERSITY_GRAD_SCIENCE_INSTITUTE,cai_726siz,resolved,https://j0seo.github.io/,"KAIST CVLAB student listing and Junyoung Seo's personal CV/profile identify the same KAIST AI researcher, with compatible diffusion/3D-vision topic and collaborator overlap with the ECCV record.",CVPR; ICCV; ECCV; NeurIPS; ICLR; ICML; SIGGRAPH; SIGGRAPH Asia; IROS; ICRA; RA-L,2026-03-05T23:00:00+01:00,"Main-conference full paper or RA-L journal article published on or before the cutoff; first-listed authorship only. Workshops, posters, demos, abstracts, and unverified identity matches are excluded.",3,,,no,confirmed_not_first,3,medium,https://eccv.ecva.net/virtual/2026/poster/4936,"At least three eligible prior first-listed works are verified; therefore the first-author result is definitively not-first. ECCV 2026, CVPR 2026, ICLR 2026, AAAI 2026 and later/under-review records are excluded by the 2026-03-05 cutoff or venue scope."
15c71b874531f45bba372bfc35e9b8cf,4942,Raymap-Guided Coupling for Drift-Robust Unposed Feed-Forward 3D Reconstruction,Xiangyu Sun,Sung Kyun Kwan University,KOREAN_UNIVERSITY_GRAD_SCIENCE_INSTITUTE,cai_1tvgayn,resolved,https://iris.skku.edu/authors/xiangyu-sun/,"The official SKKU IRIS Lab author page identifies Xiangyu Sun and lists 3D Gaussian/reconstruction research, compatible with the ECCV Raymap-Guided Coupling topic and Sungkyunkwan affiliation. Official arXiv records show the same name and 3D-reconstruction collaborator/topic continuity.",CVPR; ICCV; ECCV; NeurIPS; ICLR; ICML; SIGGRAPH; SIGGRAPH Asia; IROS; ICRA; RA-L,2026-03-05T23:00:00+01:00,"Main-conference full paper or RA-L journal article published on or before the cutoff; first-listed authorship only. Workshops, posters, demos, abstracts, and unverified identity matches are excluded.",0,,,,identity_resolved_prior_work_review_incomplete,0,partial,https://eccv.ecva.net/virtual/2026/poster/4942,"No eligible prior first-listed paper was located in the official IRIS page or official preprint/proceedings records reviewed. The available lab page is not a dated exhaustive CV, so exact zero is not asserted; ECCV 2026 and July 2026 preprint records are after cutoff."
8ab9bb97ce35080338be74dc6375e0ed,5007,JointHOI: Jointly Generating Contact Maps Enhances Hand Object Interaction Generation,Mingyeong Song,Ewha Women's University,KOREAN_UNIVERSITY_GRAD_SCIENCE_INSTITUTE,cai_10q2myd,resolved,https://smk11602.github.io/,"Official personal site identifies Mingyeong Song as an Ewha Womans University PAI Lab MS student, with 3D vision/human-centric interaction interests and the JointHOI ECCV 2026 paper. Ewha PAI's official publications and people pages independently match the name, institution, advisor, and paper.",CVPR; ICCV; ECCV; NeurIPS; ICLR; ICML; SIGGRAPH; SIGGRAPH Asia; IROS; ICRA; RA-L,2026-03-05T23:00:00+01:00,"Main-conference full paper or RA-L journal article published on or before the cutoff; first-listed authorship only. Workshops, posters, demos, abstracts, and unverified identity matches are excluded.",0,0,,yes,confirmed_first,0,high,https://eccv.ecva.net/virtual/2026/poster/5007,Official personal and lab publication lists show JointHOI (ECCV 2026) and SIREN (ICASSP 2026); neither is a prior eligible scoped paper before the cutoff (ICASSP is out of scope and 2026 timing is after cutoff). Exact prior eligible first-author count is 0.
9965b21b3968b6abc41143236b035c8c,5012,RoME: Robust Mixture of Low-Rank Experts against Multiple Adversarial Perturbations,Woo Jae Kim,Korea Advanced Institute of Science and Technology,KOREAN_UNIVERSITY_GRAD_SCIENCE_INSTITUTE,cai_7bajau,resolved,https://wkim97.github.io/,The official personal profile identifies Woo Jae Kim as a KAIST SGVR Lab PhD candidate and lists the same RoME ECCV 2026 topic context and KAIST affiliation. Its publication list and CV establish continuity with the adversarial-robustness research area.,CVPR; ICCV; ECCV; NeurIPS; ICLR; ICML; SIGGRAPH; SIGGRAPH Asia; IROS; ICRA; RA-L,2026-03-05T23:00:00+01:00,"Main-conference full paper or RA-L journal article published on or before the cutoff; first-listed authorship only. Workshops, posters, demos, abstracts, and unverified identity matches are excluded.",1,1,,no,confirmed_not_first,1,high,https://eccv.ecva.net/virtual/2026/poster/5012,"Feature Separation and Recalibration for Adversarial Robustness is an eligible CVPR 2023 main-conference paper and Woo Jae Kim is first-listed, so the candidate is not first-time under the audit definition. The personal publication list/CV was reviewed through the cutoff; other listed top-tier papers place Kim later in author order."
ef7a3d1d2f039be1cb6a695f856b5ca6,5013,ReAL: Reference-to-Image (R2I) Aware Latent Diffusion for Image Super-Resolution,Byeonghun Lee,Korea University,KOREAN_UNIVERSITY_GRAD_SCIENCE_INSTITUTE,cai_1a10uti,resolved,https://ipa.korea.ac.kr/members.html,"Korea University IPA official members page identifies Byeonghun Lee, gives his Korea University affiliation and email, and describes reference-based super-resolution research. The official ICCV paper links the same name/email/affiliation to the ECCV candidate's research line.",CVPR; ICCV; ECCV; NeurIPS; ICLR; ICML; SIGGRAPH; SIGGRAPH Asia; IROS; ICRA; RA-L,2026-03-05T23:00:00+01:00,"Main-conference full paper or RA-L journal article published on or before the cutoff; first-listed authorship only. Workshops, posters, demos, abstracts, and unverified identity matches are excluded.",1,,,no,confirmed_not_first,1,partial,https://eccv.ecva.net/virtual/2026/poster/5013,At least one eligible prior first-listed main-conference paper was verified. WACV 2024 and ICLR 2026 records were not counted because WACV is outside the defined venue scope and ICLR 2026 is not prior to the cutoff/publication timing; exact count not asserted.
43a2348027cdb8d216f4fb15fd9e1e4f,5016,STVFocus: Query-guided Spatio-Temporal Visual Focusing for Video LLMs,Taehun Kong,LG Electronics,KOREAN_COMPANY,cai_1ek7qzh,resolved,https://kr.linkedin.com/in/taehun-kong-0521973bb,"The official LG Electronics-linked profile identifies Taehun Kong at LG Electronics, records prior KAIST Computer Vision and Learning Lab study, and lists STVFocus as his ECCV 2026 first-author paper. The profile also lists the ICRA 2026 first-author paper matching the official lab publication record and the candidate's video/3D-vision research context.",CVPR; ICCV; ECCV; NeurIPS; ICLR; ICML; SIGGRAPH; SIGGRAPH Asia; IROS; ICRA; RA-L,2026-03-05T23:00:00+01:00,"Main-conference full paper or RA-L journal article published on or before the cutoff; first-listed authorship only. Workshops, posters, demos, abstracts, and unverified identity matches are excluded.",0,,,,identity_resolved_prior_work_review_incomplete,0,partial,https://eccv.ecva.net/virtual/2026/poster/5016,One eligible prior first-listed ICRA paper is verified from the Tae-Kyun Kim official publication list and identity-linked profile. Exact count is not asserted because the full venue scope was not exhaustively audited; ECCV 2026 is after cutoff. QA removed non-qualifying evidence rows; count reflects first-listed eligible works only.
97de76211cd2efdefa4b8226e6cbf649,5023,F⁴Splat: Feed-Forward Predictive Densification for Feed-Forward 3D Gaussian Splatting,Injae Kim,KAIST,KOREAN_UNIVERSITY_GRAD_SCIENCE_INSTITUTE,cai_1vkkwap,resolved,https://mlv.kaist.ac.kr/people,"KAIST MLV Lab's official people page lists Injae Kim as an MS/PhD integrated student working in 3D vision and generative models. The official NeurIPS proceedings page identifies Injae Kim as first author of UP-NeRF, matching the research topic and collaborator context of the ECCV queue record.",CVPR; ICCV; ECCV; NeurIPS; ICLR; ICML; SIGGRAPH; SIGGRAPH Asia; IROS; ICRA; RA-L,2026-03-05T23:00:00+01:00,"Main-conference full paper or RA-L journal article published on or before the cutoff; first-listed authorship only. Workshops, posters, demos, abstracts, and unverified identity matches are excluded.",1,,,no,confirmed_not_first,1,partial,https://eccv.ecva.net/virtual/2026/poster/5023,"One eligible prior first-listed work was verified (UP-NeRF, NeurIPS 2023), establishing that the candidate is not a first-time in-scope author. Exact prior count is not asserted because exhaustive review remains pending."
29301521774ff3cbd26652b2d5c95996,5036,CURE: Cumulative Knowledge Reuse for Efficient Device-Server Hybrid Inference in Vision-Language Models,Youngjun Lee,KAIST,KOREAN_UNIVERSITY_GRAD_SCIENCE_INSTITUTE,cai_14hrbwy,resolved,https://www.kaistdmlab.org/members,"Official KAIST Data Mining Lab members page identifies Youngjun Lee as an InnoCore Postdoc; the lab's official paper page lists him first on ECCV 2026 CURE, matching title and KAIST affiliation.",CVPR; ICCV; ECCV; NeurIPS; ICLR; ICML; SIGGRAPH; SIGGRAPH Asia; IROS; ICRA; RA-L,2026-03-05T23:00:00+01:00,"Main-conference full paper or RA-L journal article published on or before the cutoff; first-listed authorship only. Workshops, posters, demos, abstracts, and unverified identity matches are excluded.",1,,,no,confirmed_not_first,1,partial,https://eccv.ecva.net/virtual/2026/poster/5036,At least one eligible prior first-listed paper verified; exact count not asserted. RA-TTA is ICLR 2025 first-listed; identified ICML/NeurIPS/KDD works list him non-first.
2d4027d6df9c0256b8d4474ce88f8c88,5063,Correlation-Weighted Multi-Reward Optimization for Compositional Generation,Jungmyung Wi,Korea University,KOREAN_UNIVERSITY_GRAD_SCIENCE_INSTITUTE,cai_9jiqs9,resolved,https://utl.korea.ac.kr/team/,"Korea University's official UTL team page identifies Jungmyung Wi as an MS student and describes his computer-vision/deep-learning research, matching the ECCV candidate's Korea University affiliation. The official KU publication page records a 2026 IJCV paper with Wi, but that journal is outside the fixed venue scope and after the cutoff.",CVPR; ICCV; ECCV; NeurIPS; ICLR; ICML; SIGGRAPH; SIGGRAPH Asia; IROS; ICRA; RA-L,2026-03-05T23:00:00+01:00,"Main-conference full paper or RA-L journal article published on or before the cutoff; first-listed authorship only. Workshops, posters, demos, abstracts, and unverified identity matches are excluded.",0,,,,identity_resolved_prior_work_review_incomplete,0,partial,https://eccv.ecva.net/virtual/2026/poster/5063,No eligible pre-cutoff top-tier first-author paper was verified. The official IJCV article is outside the specified venue list and its 2026 publication is after the cutoff; exact zero remains uncertified.
ec3ba9232ae8f48d46b4f6a5283e496f,5065,CLDefocus: Physically Grounded Compound-Lens Defocus Blur Synthesis,Yunkyu Lee,POSTECH,KOREAN_UNIVERSITY_GRAD_SCIENCE_INSTITUTE,cai_1p4okou,resolved,https://yklcs.com/,The official POSTECH PL Lab personal site identifies Lucas Yunkyu Lee as a POSTECH computer-science student and lists his research publications. The name variant Lucas Yunkyu Lee is compatible with the ECCV queue's Yunkyu Lee/POSTECH record; the official ECCV poster record supplies the matching candidate paper.,CVPR; ICCV; ECCV; NeurIPS; ICLR; ICML; SIGGRAPH; SIGGRAPH Asia; IROS; ICRA; RA-L,2026-03-05T23:00:00+01:00,"Main-conference full paper or RA-L journal article published on or before the cutoff; first-listed authorship only. Workshops, posters, demos, abstracts, and unverified identity matches are excluded.",0,,,,identity_resolved_prior_work_review_incomplete,0,partial,https://eccv.ecva.net/virtual/2026/poster/5065,"The located official personal publication list contains arXiv-era work and ECCV 2026 work, but no prior eligible first-listed main-conference or RA-L article. Exact zero is not asserted because the available profile is not an exhaustive dated CV and the ECCV 2026 paper is after the cutoff."
81baadacf39a11c56ee30acd5455fced,5074,TRiGS: Temporal Rigid-Body Motion for Scalable 4D Gaussian Splatting,Suwoong Yeom,Sogang University,KOREAN_UNIVERSITY_GRAD_SCIENCE_INSTITUTE,cai_hwa1vk,resolved,https://github.com/YeomSuWoong,"Personal GitHub profile identifies Suwoong Yeom as a combined MS/PhD student at Sogang University, with ORCID and Vision & Display Systems Lab links; the ECCV poster and TRiGS author record match the name and research topic.",CVPR; ICCV; ECCV; NeurIPS; ICLR; ICML; SIGGRAPH; SIGGRAPH Asia; IROS; ICRA; RA-L,2026-03-05T23:00:00+01:00,"Main-conference full paper or RA-L journal article published on or before the cutoff; first-listed authorship only. Workshops, posters, demos, abstracts, and unverified identity matches are excluded.",0,,,,identity_resolved_prior_work_review_incomplete,0,partial,https://eccv.ecva.net/virtual/2026/poster/5074,"No eligible prior first-listed scoped-venue paper was verified. ICSD-NeRF is an IEEE Transactions on Computational Imaging article (not RA-L), and TRiGS was submitted after the cutoff. Exact zero is not asserted."
c359889a833e7612e0cff1dc69d272bc,5079,Learning Zero-Shot Subject-Driven Video Generation Using 1% Compute,Daneul Kim,Seoul National University,KOREAN_UNIVERSITY_GRAD_SCIENCE_INSTITUTE,cai_qbdd0v,resolved,https://carpedkm.github.io/,"Official personal homepage identifies Daneul Kim as an SNU CSE Ph.D. student, gives the SNU email/domain and advisor Jaesik Park, and lists the ECCV 2026 paper title and prior publications matching the queue record.",CVPR; ICCV; ECCV; NeurIPS; ICLR; ICML; SIGGRAPH; SIGGRAPH Asia; IROS; ICRA; RA-L,2026-03-05T23:00:00+01:00,"Main-conference full paper or RA-L journal article published on or before the cutoff; first-listed authorship only. Workshops, posters, demos, abstracts, and unverified identity matches are excluded.",1,1,,no,confirmed_not_first,1,high,https://eccv.ecva.net/virtual/2026/poster/5079,"One verified eligible prior first-listed work found. The official CVF record shows Daneul Kim first-listed on the CVPR 2025 paper. Pick-or-Mix (CVPR 2024) lists Ashish Kumar first, and Online Generic Event Boundary Detection (ICCV 2025) lists Hyung Rok Jung first (Daneul is co-first/second-listed), so those are excluded under the first-listed rule."
7d38b1e9bd793d3f45e0e212a729a93c,5090,WristMimic: Full-Body Humanoid Control with Wrist-Guided Manipulation,Wongyun Yu,POSTECH,KOREAN_UNIVERSITY_GRAD_SCIENCE_INSTITUTE,cai_1ojpzxs,resolved,https://wongyun-yu.github.io/,"Wongyun Yu's official academic site and CV identify him as a POSTECH computer vision and robotics PhD student, list the ECCV 2026 WristMimic paper, and list the same prior ICCV and IEEE Access works found below. The official ICCV paper confirms POSTECH affiliation and author identity.",CVPR; ICCV; ECCV; NeurIPS; ICLR; ICML; SIGGRAPH; SIGGRAPH Asia; IROS; ICRA; RA-L,2026-03-05T23:00:00+01:00,"Main-conference full paper or RA-L journal article published on or before the cutoff; first-listed authorship only. Workshops, posters, demos, abstracts, and unverified identity matches are excluded.",1,,,no,confirmed_not_first,1,partial,https://eccv.ecva.net/virtual/2026/poster/5090,At least two eligible prior first-listed works were verified. Exact count is not asserted because the review was not exhaustive across all scoped venues. ECCV 2026 WristMimic is after the cutoff and is excluded.
070c425fd005e11aec1a90706dda66f5,5093,From Script to Shot: A Benchmark for Grounding Screenplays in Movies,jungu cho,CJ AI center; Gwangju Institute of Science and Technology,KOREAN_COMPANY_AND_ACADEMIC,cai_828p7g,resolved,https://sites.google.com/site/hgjeoncv/team,"GIST/Hae-Gon Jeon lab's official team page identifies Jungu Cho, gives a GIST email, and notes his origin at CJ AI Center, exactly matching the candidate's dual affiliation. The official project repository and lab publication pages identify the matching ECCV 2026 From Script to Shot paper.",CVPR; ICCV; ECCV; NeurIPS; ICLR; ICML; SIGGRAPH; SIGGRAPH Asia; IROS; ICRA; RA-L,2026-03-05T23:00:00+01:00,"Main-conference full paper or RA-L journal article published on or before the cutoff; first-listed authorship only. Workshops, posters, demos, abstracts, and unverified identity matches are excluded.",0,,,,identity_resolved_prior_work_review_incomplete,0,partial,https://eccv.ecva.net/virtual/2026/poster/5093,"No eligible pre-cutoff first-author paper was verified. The only earlier same-lab record found, Rehearsal NeRF, is an ICLR 2024 withdrawn submission and is excluded by the method; the ECCV 2026 candidate paper is after cutoff."
adb0e2c465ae2a4b7698a8901fdbb177,5101,Depth-guided Multi-view Exposure Bracketing for HDR Robot Vision,Jinnyeong Kim,POSTECH,KOREAN_UNIVERSITY_GRAD_SCIENCE_INSTITUTE,cai_1g0eg9d,resolved,https://divisonofficer.github.io/,"Jinnyeong Kim's official personal site identifies him as a POSTECH CSE Ph.D. student, with matching computational-imaging/robot-vision interests and the ECCV candidate title. His official CV and CVF proceedings record identify the same person as first author of the prior CVPR 2025 paper with POSTECH affiliation.",CVPR; ICCV; ECCV; NeurIPS; ICLR; ICML; SIGGRAPH; SIGGRAPH Asia; IROS; ICRA; RA-L,2026-03-05T23:00:00+01:00,"Main-conference full paper or RA-L journal article published on or before the cutoff; first-listed authorship only. Workshops, posters, demos, abstracts, and unverified identity matches are excluded.",1,,,no,confirmed_not_first,1,partial,https://eccv.ecva.net/virtual/2026/poster/5101,At least one eligible prior first-listed main-conference paper was verified. Exact count is not asserted because review of all eligible venues is incomplete.
ac0071f018d6ac7568394853c44cef1f,5103,High-Resolution Artwork Outpainting with Global Blueprint Guidance and Layout Control,Junha Kim,Hanyang University,KOREAN_UNIVERSITY_GRAD_SCIENCE_INSTITUTE,cai_f92iuw,resolved,https://hjpark83.github.io/,The official Hanyang Computer Vision Lab collaborator page of Hyunjoon Park lists Junha Kim first on High-Resolution Artwork Outpainting with Global Blueprint Guidance and Layout Control and identifies the Hanyang lab affiliation; the author/title match the ECCV queue record.,CVPR; ICCV; ECCV; NeurIPS; ICLR; ICML; SIGGRAPH; SIGGRAPH Asia; IROS; ICRA; RA-L,2026-03-05T23:00:00+01:00,"Main-conference full paper or RA-L journal article published on or before the cutoff; first-listed authorship only. Workshops, posters, demos, abstracts, and unverified identity matches are excluded.",0,,,,identity_resolved_prior_work_review_incomplete,0,partial,https://eccv.ecva.net/virtual/2026/poster/5103,No eligible pre-cutoff first-listed paper was found in targeted official-source review. The matching arXiv/ECCV 2026 work is after the cutoff and is excluded; exact zero is not asserted.
110e7d180dc9a996341b90c4e61101db,5107,Distribution-Alignment Bridge for Uncertainty-Aware Text-to-Video Retrieval,Kyeongmo Chae,Kyungpook National University,KOREAN_UNIVERSITY_GRAD_SCIENCE_INSTITUTE,cai_xcjd2a,resolved,https://vig.kist.re.kr/people,"The official Visual Intelligence Group (KIST) people page lists Kyeongmo Chae as a research member. The official ECCV 2026 poster record supplies the matching candidate title, name, and Kyungpook National University affiliation; no conflicting same-name computer-vision identity was found.",CVPR; ICCV; ECCV; NeurIPS; ICLR; ICML; SIGGRAPH; SIGGRAPH Asia; IROS; ICRA; RA-L,2026-03-05T23:00:00+01:00,"Main-conference full paper or RA-L journal article published on or before the cutoff; first-listed authorship only. Workshops, posters, demos, abstracts, and unverified identity matches are excluded.",0,,,,identity_resolved_prior_work_review_incomplete,0,partial,https://eccv.ecva.net/virtual/2026/poster/5107,No eligible prior first-listed paper was verified in the limited official-profile/proceedings review. The 2026 DAB text-to-video paper is dated July 2026 (after cutoff) and is not counted; exact zero is not asserted.
7bee424db269e7f9c5d0a68c7a635018,5110,LivingWorld: Interactive 4D World Generation with Environmental Dynamics,Hyeongju Mun,Pusan National University,KOREAN_UNIVERSITY_GRAD_SCIENCE_INSTITUTE,cai_1nb05bx,resolved,https://www.pnu-cvsp.com/members/hyeong-ju,"The official PNU Computer Vision and Signal Processing Lab profile identifies Hyeongju Mun, lists Pusan National University/ETRI research context, and lists LivingWorld as an ECCV 2026 paper with Mun as first author. The profile also lists MoE-GS at ICLR 2026 with Mun second-listed, so it does not establish a prior first-author work in scope.",CVPR; ICCV; ECCV; NeurIPS; ICLR; ICML; SIGGRAPH; SIGGRAPH Asia; IROS; ICRA; RA-L,2026-03-05T23:00:00+01:00,"Main-conference full paper or RA-L journal article published on or before the cutoff; first-listed authorship only. Workshops, posters, demos, abstracts, and unverified identity matches are excluded.",0,0,,yes,confirmed_first,0,high,https://eccv.ecva.net/virtual/2026/poster/5110,Official personal/institutional profile publication list was reviewed. MoE-GS is ICLR 2026 but Mun is not first-listed; LivingWorld is the current ECCV 2026 work and is after the audit boundary as the target record.
9fd7c9fc436c0b439e0b56159eafacc8,5117,EgoGVAE: Ego-body Mesh Reconstruction via Guided Variational Autoencoder,Jaehun Jung,Konkuk University,KOREAN_UNIVERSITY_GRAD_SCIENCE_INSTITUTE,cai_7p3vxv,resolved,https://sites.google.com/view/dcvl/team/members,"Konkuk University's official DCVL members page lists Jaehun Jung as a master student and gives the matching institutional lab context; the candidate's EgoGVAE title is associated with that lab, while an unrelated UCI economics profile was rejected.",CVPR; ICCV; ECCV; NeurIPS; ICLR; ICML; SIGGRAPH; SIGGRAPH Asia; IROS; ICRA; RA-L,2026-03-05T23:00:00+01:00,"Main-conference full paper or RA-L journal article published on or before the cutoff; first-listed authorship only. Workshops, posters, demos, abstracts, and unverified identity matches are excluded.",0,,,,identity_resolved_prior_work_review_incomplete,0,partial,https://eccv.ecva.net/virtual/2026/poster/5117,The official Konkuk lab page provides identity linkage but no prior eligible publication list. EgoGVAE is dated after the cutoff (2026-07-30 preprint) and is not eligible; exact zero was not certified.
e033fdb11f1faad86c9a492d4696ec31,5119,HSDF-Lane: Height-Aligned Signed Distance Field with Semantic Lane Prior for 3D Lane Detection,Jiyong Boo,Korea Advanced Institute of Science & Technology,KOREAN_UNIVERSITY_GRAD_SCIENCE_INSTITUTE,cai_1hl1vuh,resolved,https://huggingface.co/boo0828,"The official CVF WACV 2026 paper lists Jiyong Boo with KAIST affiliation and boojiyong@kaist.ac.kr, matching the queued KAIST candidate. The official Hugging Face author account is named Jiyong Boo and hosts the HSDF-Lane project, corroborating the research identity.",CVPR; ICCV; ECCV; NeurIPS; ICLR; ICML; SIGGRAPH; SIGGRAPH Asia; IROS; ICRA; RA-L,2026-03-05T23:00:00+01:00,"Main-conference full paper or RA-L journal article published on or before the cutoff; first-listed authorship only. Workshops, posters, demos, abstracts, and unverified identity matches are excluded.",0,,,,identity_resolved_prior_work_review_incomplete,0,partial,https://eccv.ecva.net/virtual/2026/poster/5119,The verified WACV 2026 paper is outside the defined venue scope and is not counted. The ECCV 2026 HSDF-Lane paper is after the cutoff. No eligible prior first-listed work was found in the limited review; exact zero is not asserted.
dbea3d0e2a17c170c412c74273778159,5137,JacobianAvatar: Temporally Consistent Semi-rigid Avatar Reconstruction from a Monocular Video,Changyeon Won,GIST,KOREAN_UNIVERSITY_GRAD_SCIENCE_INSTITUTE,cai_efi1pk,resolved,https://scholar.gist.ac.kr/handle/local/21806,The ECCV record identifies Changyeon Won at GIST and the GIST institutional repository records the same author as first-listed on an ECCV 2022 paper.,CVPR; ICCV; ECCV; NeurIPS; ICLR; ICML; SIGGRAPH; SIGGRAPH Asia; IROS; ICRA; RA-L,2026-03-05T23:00:00+01:00,"Main-conference full paper or RA-L journal article published on or before the cutoff; first-listed authorship only. Workshops, posters, demos, abstracts, and unverified identity matches are excluded.",1,,,no,confirmed_not_first,1,partial,https://eccv.ecva.net/virtual/2026/poster/5137,At least one earlier eligible first-listed paper is verified. Exhaustive count still pending.
05b15a3bd85969833e55b3f05185dcb9,5142,Keep-or-Drop? Adaptive Tokenizer for Compact Video Representation,Yeonkyeong Lee,Kakao,KOREAN_COMPANY,cai_xr8msq,unresolved,,"The ECCV record identifies Yeonkyeong Lee first with Kakao, and Kakao's official corporate site verifies the organization. No official personal, lab, or Kakao researcher profile uniquely linking this name to the ECCV author was located. A later 2026 KATok preprint names Yeonkyeong Lee but is after the audit cutoff and is not sufficient as a pre-cutoff identity link.",CVPR; ICCV; ECCV; NeurIPS; ICLR; ICML; SIGGRAPH; SIGGRAPH Asia; IROS; ICRA; RA-L,2026-03-05T23:00:00+01:00,"Main-conference full paper or RA-L journal article published on or before the cutoff; first-listed authorship only. Workshops, posters, demos, abstracts, and unverified identity matches are excluded.",0,,,,blocked_on_identity_review,0,unresolved,https://eccv.ecva.net/virtual/2026/poster/5142,Identity is unresolved; no prior-work count is asserted. The later KATok preprint (August 2026) is post-cutoff and excluded.
abceedf5017915685f379075f00a5ccd,5149,S3-Prune: Stability-Aware Token Budgeting for Long-Form Video-Language Models,gilha lee,SEOUL NATIONAL UNIVERSITY OF SCIENCE AND TECHNOLOGY,KOREAN_UNIVERSITY_GRAD_SCIENCE_INSTITUTE,cai_1s5qwf4,resolved,https://kr.linkedin.com/in/gilha-lee-094b87430,"The matching LinkedIn profile identifies Gilha Lee as a Seoul National University of Science and Technology PhD candidate and lists S3-Prune (ECCV 2026). An SEOULTECH/IDSL publication record also lists Gilha Lee on AI/vision-acceleration work, supporting affiliation and topic compatibility.",CVPR; ICCV; ECCV; NeurIPS; ICLR; ICML; SIGGRAPH; SIGGRAPH Asia; IROS; ICRA; RA-L,2026-03-05T23:00:00+01:00,"Main-conference full paper or RA-L journal article published on or before the cutoff; first-listed authorship only. Workshops, posters, demos, abstracts, and unverified identity matches are excluded.",0,,,,identity_resolved_prior_work_review_incomplete,0,partial,https://eccv.ecva.net/virtual/2026/poster/5149,"No qualifying prior top-tier first-author paper was found in the available profile and lab publication material, but no official CV or exhaustive proceedings audit was located. Do not interpret this as an exact zero."
d921c3c762b1522c475ac8fc0811bb0f,5152,Activation Quantization of Vision Encoders Needs Prefixing Registers,Seunghyeon Kim,POSTECH,KOREAN_UNIVERSITY_GRAD_SCIENCE_INSTITUTE,cai_1e8w2lv,resolved,https://ace.postech.ac.kr/people,"POSTECH's official AI and Neuromorphic Device Lab people page lists Seunghyeon Kim with a POSTECH email. The official arXiv record for the matching RegCache paper names Seunghyeon Kim first and matches the ECCV candidate's vision-encoder quantization topic; the record is an October 2025 preprint/ICLR 2026 submission, not an eligible published scoped-venue work by the cutoff.",CVPR; ICCV; ECCV; NeurIPS; ICLR; ICML; SIGGRAPH; SIGGRAPH Asia; IROS; ICRA; RA-L,2026-03-05T23:00:00+01:00,"Main-conference full paper or RA-L journal article published on or before the cutoff; first-listed authorship only. Workshops, posters, demos, abstracts, and unverified identity matches are excluded.",0,,,,identity_resolved_prior_work_review_incomplete,0,partial,https://eccv.ecva.net/virtual/2026/poster/5152,"No pre-cutoff eligible scoped-venue first-author paper was verified. The matching RegCache paper is an arXiv preprint and ICLR 2026 submission, with no eligible proceedings publication by the cutoff; exact zero is not certified."
ebef22399dd37c14fcbe768327022889,5164,R2M: Real-Aware Residual Model Merging for Robust and Generalizable Deepfake Detection,Jinhee Park,Korea Electronics Technology Institute; Chung-Ang University,KOREAN_RESEARCH_INSTITUTE,cai_1qjkno1,resolved,https://sites.google.com/view/cau-cvml/cvmlcau/jinheepark?authuser=0,"Official Chung-Ang University CVML profile identifies Jinhee Park, gives the ECCV R2M paper, email, and publication history. An official AAAI proceedings paper independently confirms Jinhee Park's Chung-Ang University identity and author order.",CVPR; ICCV; ECCV; NeurIPS; ICLR; ICML; SIGGRAPH; SIGGRAPH Asia; IROS; ICRA; RA-L,2026-03-05T23:00:00+01:00,"Main-conference full paper or RA-L journal article published on or before the cutoff; first-listed authorship only. Workshops, posters, demos, abstracts, and unverified identity matches are excluded.",0,0,,yes,confirmed_first,0,high,https://eccv.ecva.net/virtual/2026/poster/5164,The official profile's pre-cutoff publication list was reviewed. Deep Disentangled Metric Learning (AAAI 2025) is first-listed but AAAI is outside the user-defined venue scope; CVPRW 2023 work is a workshop and excluded; the remaining listed works are journals outside scope. Thus exact eligible prior first-author count is 0.
f5bf2f80e0924a366859e958c6507ea9,5170,OSVE: One Step Video Editing with One Step Diffusion Models,Habin Lim,Korea University,KOREAN_UNIVERSITY_GRAD_SCIENCE_INSTITUTE,cai_xslldp,resolved,https://vgi.korea.ac.kr/html/members.html,"Korea University VGI's official members page identifies Habin Lim as an M.S.-Ph.D. student with a Korea University email. The official ICCV 2025 ConceptSplit proceedings record uses the same name, Korea University affiliation, and research line, linking the ECCV candidate to the publication identity.",CVPR; ICCV; ECCV; NeurIPS; ICLR; ICML; SIGGRAPH; SIGGRAPH Asia; IROS; ICRA; RA-L,2026-03-05T23:00:00+01:00,"Main-conference full paper or RA-L journal article published on or before the cutoff; first-listed authorship only. Workshops, posters, demos, abstracts, and unverified identity matches are excluded.",1,,,no,confirmed_not_first,1,partial,https://eccv.ecva.net/virtual/2026/poster/5170,At least one eligible prior first-listed main-conference paper was verified; exact all-venue count is not asserted. The ECCV 2026 OSVE paper is after the cutoff and is not counted.
9dc603ead062664055f36b11fe0cad61,5171,Rethinking Prototype-based Similarity Learning for Few-Shot Object Detection,KunHo Heo,Kyung Hee University,KOREAN_UNIVERSITY_GRAD_SCIENCE_INSTITUTE,cai_nnq0gi,resolved,https://heokunho.github.io/,"KunHo Heo's official personal site and CV identify him as a Kyung Hee University Visual Science Lab master's student and list the queue's ECCV 2026 paper, matching the candidate identity.",CVPR; ICCV; ECCV; NeurIPS; ICLR; ICML; SIGGRAPH; SIGGRAPH Asia; IROS; ICRA; RA-L,2026-03-05T23:00:00+01:00,"Main-conference full paper or RA-L journal article published on or before the cutoff; first-listed authorship only. Workshops, posters, demos, abstracts, and unverified identity matches are excluded.",1,,,no,confirmed_not_first,1,high,https://eccv.ecva.net/virtual/2026/poster/5171,One eligible prior first-listed main-conference paper was verified (NeurIPS 2025). Exact total is not asserted because exhaustive all-venue review was not completed; ECCV 2026 candidate paper is post-cutoff.
e71ad22eed10d8f6f8242f67695b215f,5175,D2PO: Optimizing Diffusion Samplers via Dynamic Preference,Jinkyu Kim,Seoul National University,KOREAN_UNIVERSITY_GRAD_SCIENCE_INSTITUTE,cai_c38ddw,resolved,https://jinkyu032.vercel.app/,"Jinkyu Kim's official personal site identifies him as an SNU Computer Vision Lab Ph.D. student, gives an snu.ac.kr email, and lists the ECCV candidate D2PO paper. The same publication list and official proceedings records link him to the prior federated-learning papers below.",CVPR; ICCV; ECCV; NeurIPS; ICLR; ICML; SIGGRAPH; SIGGRAPH Asia; IROS; ICRA; RA-L,2026-03-05T23:00:00+01:00,"Main-conference full paper or RA-L journal article published on or before the cutoff; first-listed authorship only. Workshops, posters, demos, abstracts, and unverified identity matches are excluded.",1,,,no,confirmed_not_first,1,partial,https://eccv.ecva.net/virtual/2026/poster/5175,At least one eligible prior first-listed work was verified. Two CVPR 2024 papers establish the same identity but list Jinkyu Kim second (one equal-contribution marker); they do not count toward first-listed total. Exact count is not asserted pending exhaustive review. QA removed non-qualifying evidence rows; count reflects first-listed eligible works only.
04f2a4140112ae491f66a1c558df795f,5179,Video-Oasis: Rethinking Evaluation of Video Understanding,Geuntaek Lim,Sejong University,KOREAN_UNIVERSITY_GRAD_SCIENCE_INSTITUTE,cai_5e0m3b,resolved,https://limgeuntaekk.github.io/,"Official personal profile identifies Geuntaek Lim as a Sejong University AI PhD student advised by Yukyung Choi and lists the ECCV Video-Oasis work and prior video research, matching the candidate affiliation/topic.",CVPR; ICCV; ECCV; NeurIPS; ICLR; ICML; SIGGRAPH; SIGGRAPH Asia; IROS; ICRA; RA-L,2026-03-05T23:00:00+01:00,"Main-conference full paper or RA-L journal article published on or before the cutoff; first-listed authorship only. Workshops, posters, demos, abstracts, and unverified identity matches are excluded.",0,0,,yes,confirmed_first,0,high,https://eccv.ecva.net/virtual/2026/poster/5179,"The official personal publication list was reviewed through the cutoff. No work in the defined CVPR/ICCV/ECCV/NeurIPS/ICLR/ICML/SIGGRAPH/SIGGRAPH Asia/IROS/ICRA/RA-L scope was found before the ECCV 2026 paper; AAAI, ACM MM, and IEEE Access entries are outside scope."
210b7ec74fc9cec6fb8388dbbdaf23f7,5209,Revisiting Weakly-Supervised Video Scene Graph Generation via Pair Affinity Learning,MINSEOK KANG,Yonsei University,KOREAN_UNIVERSITY_GRAD_SCIENCE_INSTITUTE,cai_xaq0nr,resolved,https://minseokii.github.io/,"Minseok Kang's official personal profile identifies him as an integrated M.S./Ph.D. student at Yonsei University and lists the exact ECCV queue paper, with the same first-author name and video scene-graph topic. The profile also lists his prior NeurIPS 2025 first-author paper.",CVPR; ICCV; ECCV; NeurIPS; ICLR; ICML; SIGGRAPH; SIGGRAPH Asia; IROS; ICRA; RA-L,2026-03-05T23:00:00+01:00,"Main-conference full paper or RA-L journal article published on or before the cutoff; first-listed authorship only. Workshops, posters, demos, abstracts, and unverified identity matches are excluded.",1,,,no,confirmed_not_first,1,partial,https://eccv.ecva.net/virtual/2026/poster/5209,One verified eligible prior first-listed NeurIPS paper establishes that the candidate is not first-time. Exact count is not claimed because the profile is not an exhaustive venue-by-venue ledger.
0465a1824942fac19824528343613213,5215,Mitigating Modality and Language-Style Gaps for Zero-Shot Video Moment Retrieval,Jihyun Lee,Sung Kyun Kwan University,KOREAN_UNIVERSITY_GRAD_SCIENCE_INSTITUTE,cai_1dfrfb7,resolved,https://sites.google.com/site/vclabskku/people,"Official Visual Computing Lab at Sungkyunkwan University lists Jihyun Lee (이지현) as a master student. The official AAAI paper Prediction-Feedback DETR lists Jihyun Lee with Sungkyunkwan University and the same video/action-detection collaborators, linking the ECCV candidate to this lab identity.",CVPR; ICCV; ECCV; NeurIPS; ICLR; ICML; SIGGRAPH; SIGGRAPH Asia; IROS; ICRA; RA-L,2026-03-05T23:00:00+01:00,"Main-conference full paper or RA-L journal article published on or before the cutoff; first-listed authorship only. Workshops, posters, demos, abstracts, and unverified identity matches are excluded.",0,,,,identity_resolved_prior_work_review_incomplete,0,partial,https://eccv.ecva.net/virtual/2026/poster/5215,"The official lab roster and AAAI proceedings record resolve the identity. The reviewed eligible-venue records show Jihyun Lee as a non-first author on AAAI-25 (outside the fixed venue scope); no eligible first-listed prior was found, but no complete personal CV was located, so an exact zero is not asserted."
d148c06273c73ec0461b6f82575ef353,5220,TaxoMIL: Taxonomy-Constrained Learning for Hierarchical Whole Slide Image Analysis,Chaeyeon Lee,Korea University,KOREAN_UNIVERSITY_GRAD_SCIENCE_INSTITUTE,cai_1wxi2l,unresolved,,"A personal academic page for Chae-Yeon/Chaeyeon Lee identifies an SNU Visual Computing Lab PhD student with prior POSTECH and KAIST affiliations and 3D-vision interests, but it does not connect her to Korea University or the TaxoMIL whole-slide-image paper. The same-name match is therefore not sufficiently established.",CVPR; ICCV; ECCV; NeurIPS; ICLR; ICML; SIGGRAPH; SIGGRAPH Asia; IROS; ICRA; RA-L,2026-03-05T23:00:00+01:00,"Main-conference full paper or RA-L journal article published on or before the cutoff; first-listed authorship only. Workshops, posters, demos, abstracts, and unverified identity matches are excluded.",0,,,,blocked_on_identity_review,0,unresolved,https://eccv.ecva.net/virtual/2026/poster/5220,The official personal page is a plausible but affiliation/topic-incompatible lead; no eligible prior work is entered without identity resolution.
86f3f50a6f945bbfa351e55faac043fb,5224,Unified Multi-plane Autoregressive Diffusion for 3D Multi-Contrast MRI Synthesis,Yejee Shin,Yonsei University,KOREAN_UNIVERSITY_GRAD_SCIENCE_INSTITUTE,cai_14sbmjs,resolved,https://yonsei.elsevierpure.com/en/publications/anatomical-consistency-and-adaptive-prior-informed-transformation/,"Yonsei University's official research repository identifies Yejee Shin as the first author of a CVPR 2025 medical-imaging paper and gives the matching MRI/diffusion research topic and Yonsei affiliation. The official ECCV record identifies Yejee Shin first on the candidate 2026 paper; the name, institution, and research line are compatible.",CVPR; ICCV; ECCV; NeurIPS; ICLR; ICML; SIGGRAPH; SIGGRAPH Asia; IROS; ICRA; RA-L,2026-03-05T23:00:00+01:00,"Main-conference full paper or RA-L journal article published on or before the cutoff; first-listed authorship only. Workshops, posters, demos, abstracts, and unverified identity matches are excluded.",1,,,no,confirmed_not_first,1,partial,https://eccv.ecva.net/virtual/2026/poster/5224,"One eligible prior first-listed CVPR paper was verified. The official-profile/proceedings review was not exhaustive across all scoped venues, so exact count is not asserted. ECCV 2026 is after the cutoff."
b1c5390a0134fb5edeb8bef14441045b,5231,Dense Reward for Multi-View 3D Reasoning with Global Maps and Local Views,Jiho Choi,Korea Advanced Institute of Science and Technology,KOREAN_UNIVERSITY_GRAD_SCIENCE_INSTITUTE,cai_1lf0emb,resolved,https://github.com/jihochoi,"Jiho Choi's official GitHub and KAIST CVML members page identify a KAIST AI PhD student in computer vision. The official CVF and NeurIPS records list the same Jiho Choi as first author of CVPR 2025 PartCATSeg and co-first author of NeurIPS 2024 PartCLIPSeg, matching the ECCV 2026 queue title and KAIST affiliation.",CVPR; ICCV; ECCV; NeurIPS; ICLR; ICML; SIGGRAPH; SIGGRAPH Asia; IROS; ICRA; RA-L,2026-03-05T23:00:00+01:00,"Main-conference full paper or RA-L journal article published on or before the cutoff; first-listed authorship only. Workshops, posters, demos, abstracts, and unverified identity matches are excluded.",2,,,no,confirmed_not_first,2,partial,https://eccv.ecva.net/virtual/2026/poster/5231,At least two eligible prior main-conference first-listed/co-first papers were verified; exact all-venue count remains incomplete. ECCV 2026 is after cutoff.
f812291e86e5d515984dc44cf9d41ac3,5239,SPICE: Simple Polysemantic feature Interpretation via Clustering-based Explanations,Sehyun Lee,KAIST (Korea Advanced Institute of Science and Technology),KOREAN_UNIVERSITY_GRAD_SCIENCE_INSTITUTE,cai_40wpfu,resolved,https://sailab.kaist.ac.kr/en/members,"The official KAIST SAIL profile identifies Sehyun Lee as a KAIST PhD student, provides his KAIST email and research interests, and lists SPICE (ECCV 2026) plus prior ICCV 2025 and NeurIPS 2023 publications matching the candidate's identity and topic.",CVPR; ICCV; ECCV; NeurIPS; ICLR; ICML; SIGGRAPH; SIGGRAPH Asia; IROS; ICRA; RA-L,2026-03-05T23:00:00+01:00,"Main-conference full paper or RA-L journal article published on or before the cutoff; first-listed authorship only. Workshops, posters, demos, abstracts, and unverified identity matches are excluded.",0,0,,yes,confirmed_first,0,high,https://eccv.ecva.net/virtual/2026/poster/5239,"Official KAIST profile's full publication record was reviewed. Granular Concept Circuits (ICCV 2025) and Implicit Contrastive Representation Learning (NeurIPS 2023) list Lee second with co-first/equal-contribution notation, so neither counts as first-listed authorship. No eligible prior first-listed paper was found. ECCV 2026 SPICE is after the cutoff and excluded."
d3a03b46250a3b28b490109cef354b3f,5258,SiGMA: Sign-Guided Merging and Adaptation framework for Multimodal Continual Instruction Tuning,Keonhee Park,"Vision and Learning Lab, Seoul National University",KOREAN_UNIVERSITY_GRAD_SCIENCE_INSTITUTE,cai_ql2vg6,resolved,https://vision.snu.ac.kr/gunhee/,"Seoul National University's official Vision and Learning Lab page lists Keonhee Park with Gunhee Kim and the SiGMA ECCV 2026 project, matching the queue title and SNU lab affiliation.",CVPR; ICCV; ECCV; NeurIPS; ICLR; ICML; SIGGRAPH; SIGGRAPH Asia; IROS; ICRA; RA-L,2026-03-05T23:00:00+01:00,"Main-conference full paper or RA-L journal article published on or before the cutoff; first-listed authorship only. Workshops, posters, demos, abstracts, and unverified identity matches are excluded.",0,,,,identity_resolved_prior_work_review_incomplete,0,partial,https://eccv.ecva.net/virtual/2026/poster/5258,"No eligible prior first-listed work was found on the official lab publication listing, but exact zero is not asserted because an exhaustive all-venue review was not completed. The ECCV 2026 candidate paper is post-cutoff."
6f221fcb5c504fe96789df252123770b,5267,EraseLoRA: MLLM-Driven Foreground Exclusion and Background Subtype Aggregation for Dataset-Free Object Removal,Sanghyun Jo,OGQ,KOREAN_COMPANY,cai_3zlwkk,resolved,https://shjo-april.github.io/,"Official personal site identifies Sanghyun Jo as Principal AI Researcher at OGQ and lists both ECCV 2026 queue papers, matching the OGQ affiliation and titles. The same author-ordered publication list and linked official proceedings establish prior ICCV 2025, ECCV 2024, and ICCV 2023 works.",CVPR; ICCV; ECCV; NeurIPS; ICLR; ICML; SIGGRAPH; SIGGRAPH Asia; IROS; ICRA; RA-L,2026-03-05T23:00:00+01:00,"Main-conference full paper or RA-L journal article published on or before the cutoff; first-listed authorship only. Workshops, posters, demos, abstracts, and unverified identity matches are excluded.",4,4,,no,confirmed_not_first,4,high,https://eccv.ecva.net/virtual/2026/poster/5267,Four eligible prior first-listed works are verified. COIN (ICCV 2025) and TTD (ECCV 2024) are first-listed co-first; DHR (ECCV 2024) and MARS (ICCV 2023) are first-listed. ICLR 2026 and later works are after the cutoff; ICIP is out of scope.
9d3d9b8861c97e6bb5992d51d3232f8b,5287,Ego-Human Motion Prediction with 3D-Aware LLM,Yujin Bae,Korea Advanced Institute of Science & Technology,KOREAN_UNIVERSITY_GRAD_SCIENCE_INSTITUTE,cai_4y45ro,resolved,https://rp.kaist.ac.kr/english/sub040201/index/page/3,"Official KAIST Robotics Program graduate-student page identifies Yujin Bae as a 2025 master's student researching computer vision and motion generation, matching the ECCV Ego-Human Motion Prediction candidate and KAIST affiliation.",CVPR; ICCV; ECCV; NeurIPS; ICLR; ICML; SIGGRAPH; SIGGRAPH Asia; IROS; ICRA; RA-L,2026-03-05T23:00:00+01:00,"Main-conference full paper or RA-L journal article published on or before the cutoff; first-listed authorship only. Workshops, posters, demos, abstracts, and unverified identity matches are excluded.",0,,,,identity_resolved_prior_work_review_incomplete,0,partial,https://eccv.ecva.net/virtual/2026/poster/5287,"Identity is resolved via the official KAIST student profile and candidate ECCV page, but no complete historical publication list was found. No eligible prior first-listed work was verified; exact zero is not asserted. ECCV 2026 candidate is after cutoff."
b4d8c3b407f932ae5dde930628585e1d,5289,SpatiO: Adaptive Test-Time Orchestration of Vision-Language Agents for Spatial Reasoning,ChanYeong Hwang,Korea University,KOREAN_UNIVERSITY_GRAD_SCIENCE_INSTITUTE,cai_irr0x2,unresolved,,"Searches found an arXiv record for Chan Yeong Hwang on the ECCV 2026 SpatiO paper, but no authoritative personal, institutional, ORCID, or proceedings profile tying that name to Korea University or the ECCV record.",CVPR; ICCV; ECCV; NeurIPS; ICLR; ICML; SIGGRAPH; SIGGRAPH Asia; IROS; ICRA; RA-L,2026-03-05T23:00:00+01:00,"Main-conference full paper or RA-L journal article published on or before the cutoff; first-listed authorship only. Workshops, posters, demos, abstracts, and unverified identity matches are excluded.",0,,,,blocked_on_identity_review,0,unresolved,https://eccv.ecva.net/virtual/2026/poster/5289,"The arXiv SpatiO record is dated April 2026, after the 2026-03-05 cutoff, and is not itself an eligible prior work. Identity must be resolved before any prior-paper count can be asserted."
a3fefe83288ecb0e40ebe40b2bde29fe,5295,Map2World: Segment Map Conditioned Text to 3D World Generation,Jaeyoung Chung,Seoul National University,KOREAN_UNIVERSITY_GRAD_SCIENCE_INSTITUTE,cai_18buty,resolved,https://robot0321.github.io/,"Jaeyoung Chung's official personal site identifies him as an SNU Computer Vision Lab PhD student and lists Map2World, matching the ECCV candidate. The SNU CVLab student page independently lists Jaeyoung Chung with the same email/research area. Official CVF metadata verifies OmniSplat (CVPR 2025), but Chung is second-listed, not first-listed.",CVPR; ICCV; ECCV; NeurIPS; ICLR; ICML; SIGGRAPH; SIGGRAPH Asia; IROS; ICRA; RA-L,2026-03-05T23:00:00+01:00,"Main-conference full paper or RA-L journal article published on or before the cutoff; first-listed authorship only. Workshops, posters, demos, abstracts, and unverified identity matches are excluded.",0,0,,yes,confirmed_first,0,partial,https://eccv.ecva.net/virtual/2026/poster/5295,No eligible prior first-listed paper was found in the official personal publication list and institutional profile review. OmniSplat (CVPR 2025) is eligible but Jaeyoung Chung is second-listed; Depth-Regularized Optimization is CVPR Workshop 2024 and excluded. ECCV 2026 is after the cutoff.
f5b2aa928f940f3f09a0d14f45a27875,5296,"Every Dog Has Its Day, Probably: A Balanced Synthetic Benchmark and Probabilistic Modeling for 3D Dog Pose Estimation",Joo Young Choi,KRAFTON,KOREAN_COMPANY,cai_174cqdx,resolved,https://lthilnklover.github.io/,"Official personal profile identifies Joo Young Choi as a KRAFTON AI deep-learning researcher and lists the ECCV 2026 target paper. KRAFTON's official publications page lists the same ECCV paper and author sequence. The profile lists ICML 2023 and ICML 2022 papers where Choi is not first-listed, and workshops/TMLR items that are out of scope.",CVPR; ICCV; ECCV; NeurIPS; ICLR; ICML; SIGGRAPH; SIGGRAPH Asia; IROS; ICRA; RA-L,2026-03-05T23:00:00+01:00,"Main-conference full paper or RA-L journal article published on or before the cutoff; first-listed authorship only. Workshops, posters, demos, abstracts, and unverified identity matches are excluded.",0,0,,yes,confirmed_first,0,high,https://eccv.ecva.net/virtual/2026/poster/5296,No eligible prior first-listed paper found. ICML 2023 Rotation and Translation Invariant Representation Learning lists Sehyun Kwon first; ICML 2022 Neural Tangent Kernel Analysis lists Jongmin Lee first. NeurIPS 2023 Workshop and TMLR are excluded.
247411fabf61b4245eaaee76924795b7,5301,Region-Aware Multimodal Large Language Model via SlowFast Tokenization and Pseudo-Mask Guidance for 3D CT Report Generation,Sunggu Kyung,"Asan Medical Center, University of Ulsan",KOREAN_UNIVERSITY_OR_HOSPITAL,cai_t65o4r,resolved,https://www.researchgate.net/profile/Sunggu-Kyung,"The official ECCV 2026 accepted-paper list identifies Sunggu Kyung as first author of the candidate paper; the University of Ulsan/Asan Medical Center research profile matches the same name, affiliation, medical-imaging topic, and publication collaborators.",CVPR; ICCV; ECCV; NeurIPS; ICLR; ICML; SIGGRAPH; SIGGRAPH Asia; IROS; ICRA; RA-L,2026-03-05T23:00:00+01:00,"Main-conference full paper or RA-L journal article published on or before the cutoff; first-listed authorship only. Workshops, posters, demos, abstracts, and unverified identity matches are excluded.",0,,,,identity_resolved_prior_work_review_incomplete,0,partial,https://eccv.ecva.net/virtual/2026/poster/5301,"The institution-linked publication profile shows no scoped CVPR/ICCV/ECCV/NeurIPS/ICLR/ICML/SIGGRAPH/IROS/ICRA/RA-L first-listed paper among the reviewed works; no prior eligible first-listed work was entered. ResearchGate is supporting identity context only, not sole proof of a count. Exact zero is not asserted. ECCV 2026 is after cutoff."
f6e06644c3fb17c52be6bd0421b599b9,5314,SARIF: Segment Anything for Robust Image Forensics,Dong-Hyun Moon,Inha University,KOREAN_UNIVERSITY_GRAD_SCIENCE_INSTITUTE,cai_1a82rny,resolved,https://imageinfo.inha.ac.kr/research.html,"Official Inha University Computer Vision Lab publication page lists Dong-Hyun Moon as first author of SARIF (ECCV 2026), matching the queue, and lists his prior ICCV 2025 M2SFormer paper as second author.",CVPR; ICCV; ECCV; NeurIPS; ICLR; ICML; SIGGRAPH; SIGGRAPH Asia; IROS; ICRA; RA-L,2026-03-05T23:00:00+01:00,"Main-conference full paper or RA-L journal article published on or before the cutoff; first-listed authorship only. Workshops, posters, demos, abstracts, and unverified identity matches are excluded.",0,0,,yes,confirmed_first,0,high,https://eccv.ecva.net/virtual/2026/poster/5314,No eligible prior first-listed work found in the official Inha CV lab conference-publication record. M2SFormer (ICCV 2025) is explicitly excluded because Ju-Hyeon Nam is first-listed and Dong-Hyun Moon is second-listed.
6375f34725de10852675ac6ee7dc9e40,5358,Flow Straight to Reality: Perceptually Consistent Flow Matching for Efficient Image Restoration,Sangwoo (Jason) Jo,Korea University,KOREAN_UNIVERSITY_GRAD_SCIENCE_INSTITUTE,cai_1s7xdxh,resolved,https://github.com/jasonjo97,Sangwoo Jo's official GitHub profile identifies him as a Korea University PhD student and links the official AI Imaging Lab PCFlow repository; the Korea University lab publication page lists the matching ECCV 2026 paper and author order.,CVPR; ICCV; ECCV; NeurIPS; ICLR; ICML; SIGGRAPH; SIGGRAPH Asia; IROS; ICRA; RA-L,2026-03-05T23:00:00+01:00,"Main-conference full paper or RA-L journal article published on or before the cutoff; first-listed authorship only. Workshops, posters, demos, abstracts, and unverified identity matches are excluded.",0,,,,identity_resolved_prior_work_review_incomplete,0,partial,https://eccv.ecva.net/virtual/2026/poster/5358,"The candidate's self-report says ECCV 2026 is his first publication during the PhD, and the official lab page lists only the ECCV paper plus a pre-2026 preprint section directing to Google Scholar. A CVPR 2024 workshop item appears in a LinkedIn activity post and is out of scope. No eligible prior first-listed main-conference or RA-L paper was verified, but exact zero is not asserted because the complete pre-2026 publication record was not available from an official CV."
4c9c3070235a7af934be4e46215c0cbc,5366,FMA-Net++: Motion- and Exposure-Aware Joint Video Super-Resolution and Deblurring,Geunhyuk Youk,KAIST,KOREAN_UNIVERSITY_GRAD_SCIENCE_INSTITUTE,cai_135jdof,resolved,https://kaist-viclab.github.io/,The ECCV record and KAIST VICLab publication list identify Geunhyuk Youk at KAIST in the same video-restoration research group.,CVPR; ICCV; ECCV; NeurIPS; ICLR; ICML; SIGGRAPH; SIGGRAPH Asia; IROS; ICRA; RA-L,2026-03-05T23:00:00+01:00,"Main-conference full paper or RA-L journal article published on or before the cutoff; first-listed authorship only. Workshops, posters, demos, abstracts, and unverified identity matches are excluded.",1,,,no,confirmed_not_first,1,partial,https://eccv.ecva.net/virtual/2026/poster/5366,At least one earlier eligible first-listed paper is verified. Exhaustive count still pending.
3b3dda5d26f6b954027854709b476c75,5368,Improving Sparse-View 3DGS Generalization via Flat Minima Optimization,Kangmin Seo,Sungkyunkwan University,KOREAN_UNIVERSITY_GRAD_SCIENCE_INSTITUTE,cai_igfx9k,resolved,https://kangrnin.github.io/,"Official personal profile identifies Kangmin Seo as an SKKU Visual Computing Lab master's student and lists the exact ECCV 2026 title and collaborators, matching the candidate affiliation/topic.",CVPR; ICCV; ECCV; NeurIPS; ICLR; ICML; SIGGRAPH; SIGGRAPH Asia; IROS; ICRA; RA-L,2026-03-05T23:00:00+01:00,"Main-conference full paper or RA-L journal article published on or before the cutoff; first-listed authorship only. Workshops, posters, demos, abstracts, and unverified identity matches are excluded.",0,,,,identity_resolved_prior_work_review_incomplete,0,medium,https://eccv.ecva.net/virtual/2026/poster/5368,"Reviewed the official publication list through the cutoff. NeurIPS 2025 paper lists Kangmin Seo fifth, and CVPR 2026 Findings is excluded; no eligible prior first-listed work was found. Exact zero is not claimed because broader exhaustive review remains outside this shard."
a56ee48e5c142c26cf645b2cc23d78fc,5371,AVSR-Diff: Scale-Agnostic Diffusion Priors for Temporally Consistent Arbitrary-Scale Video Super-Resolution,Geunhyuk Youk,KAIST,KOREAN_UNIVERSITY_GRAD_SCIENCE_INSTITUTE,cai_135jdof,resolved,https://kaist-viclab.github.io/,The ECCV record and KAIST VICLab publication list identify Geunhyuk Youk at KAIST in the same video-restoration research group.,CVPR; ICCV; ECCV; NeurIPS; ICLR; ICML; SIGGRAPH; SIGGRAPH Asia; IROS; ICRA; RA-L,2026-03-05T23:00:00+01:00,"Main-conference full paper or RA-L journal article published on or before the cutoff; first-listed authorship only. Workshops, posters, demos, abstracts, and unverified identity matches are excluded.",1,,,no,confirmed_not_first,1,partial,https://eccv.ecva.net/virtual/2026/poster/5371,At least one earlier eligible first-listed paper is verified. Exhaustive count still pending.
183f50a7700982a3ed18ff6d7a5777bf,5373,ISAC: Training-Free Instance-to-Semantic Attention Control for Multi-Instance Generation,Sanghyun Jo,OGQ,KOREAN_COMPANY,cai_3zlwkk,resolved,https://shjo-april.github.io/,"Official personal site identifies Sanghyun Jo as Principal AI Researcher at OGQ and lists both ECCV 2026 queue papers, matching the OGQ affiliation and titles. The same author-ordered publication list and linked official proceedings establish prior ICCV 2025, ECCV 2024, and ICCV 2023 works.",CVPR; ICCV; ECCV; NeurIPS; ICLR; ICML; SIGGRAPH; SIGGRAPH Asia; IROS; ICRA; RA-L,2026-03-05T23:00:00+01:00,"Main-conference full paper or RA-L journal article published on or before the cutoff; first-listed authorship only. Workshops, posters, demos, abstracts, and unverified identity matches are excluded.",4,4,,no,confirmed_not_first,4,high,https://eccv.ecva.net/virtual/2026/poster/5373,Four eligible prior first-listed works are verified. COIN (ICCV 2025) and TTD (ECCV 2024) are first-listed co-first; DHR (ECCV 2024) and MARS (ICCV 2023) are first-listed. ICLR 2026 and later works are after the cutoff; ICIP is out of scope.
e44cf9762b402f5d8b5bc36f60304a15,5375,Graph-GSReg: Leveraging 3D Scene Graphs for Gaussian Splatting Registration,Jaewon Lee,Yonsei University,KOREAN_UNIVERSITY_GRAD_SCIENCE_INSTITUTE,cai_1o08ey0,resolved,https://lee-jaewon.github.io/ljw_cv_page/cv/,"Jaewon Lee’s official CV identifies him as a Yonsei University CILAB PhD student and lists the exact ECCV 2026 Graph-GSReg paper. Yonsei’s official CILAB member page lists Jaewon Lee with a Yonsei email, and the official Yonsei research record verifies his prior ICRA 2025 coauthorship.",CVPR; ICCV; ECCV; NeurIPS; ICLR; ICML; SIGGRAPH; SIGGRAPH Asia; IROS; ICRA; RA-L,2026-03-05T23:00:00+01:00,"Main-conference full paper or RA-L journal article published on or before the cutoff; first-listed authorship only. Workshops, posters, demos, abstracts, and unverified identity matches are excluded.",0,,,,identity_resolved_prior_work_review_incomplete,0,partial,https://eccv.ecva.net/virtual/2026/poster/5375,"ICRA 2025 Fast Global Localization is eligible but Jaewon Lee is second-listed, so it does not count as first-listed. The CVPR 2026 paper is post-cutoff and Lee is second-listed. No prior first-listed eligible work was verified; exact zero is not asserted. QA removed non-qualifying evidence rows; count reflects first-listed eligible works only."
8586b7474b339930b20ae959920a99a4,5396,3DZip: Spatial-Aware Feature Diversity-Guided Token Compression for 3D Question Answering,Changwoo Baek,Pusan National University,KOREAN_UNIVERSITY_GRAD_SCIENCE_INSTITUTE,cai_1xjvdwb,resolved,https://www.pnu-cvsp.com/members/changwoo,"The official Pusan National University Computer Vision and Pattern Recognition Lab member page identifies Changwoo Baek, gives a pnu.ac.kr email, and lists 3DZip as his ECCV 2026 paper, directly matching the candidate name, institution, and title.",CVPR; ICCV; ECCV; NeurIPS; ICLR; ICML; SIGGRAPH; SIGGRAPH Asia; IROS; ICRA; RA-L,2026-03-05T23:00:00+01:00,"Main-conference full paper or RA-L journal article published on or before the cutoff; first-listed authorship only. Workshops, posters, demos, abstracts, and unverified identity matches are excluded.",0,,,,identity_resolved_prior_work_review_incomplete,0,partial,https://eccv.ecva.net/virtual/2026/poster/5396,"The lab page lists ICLR 2026 AgilePruner and RA-L 2026 Target-Aware Change Detection, but their publication dates are after the 2026-03-05 cutoff; 3DZip itself is the ECCV 2026 target. No pre-cutoff eligible first-listed work was found on the official publication list."
75a6e5993aefba4f6cb07254637a6133,5399,Through Van Gogh’s Eyes: Global Style Transfer with Diffusion Model,Jeongha Lee,Korea Institute of Science and Technology (KIST),KOREAN_RESEARCH_INSTITUTE,cai_1ggio59,resolved,https://sites.google.com/view/mrlabkist/members,"The official KIST MR Lab members page identifies JeongHa Lee as an integrated KIST/UST student in computer vision and related areas. The official KIST MR Lab publications page lists the ECCV 2026 Through Van Gogh's Eyes paper with Jeongha Lee first, matching the ECCV candidate and KIST affiliation.",CVPR; ICCV; ECCV; NeurIPS; ICLR; ICML; SIGGRAPH; SIGGRAPH Asia; IROS; ICRA; RA-L,2026-03-05T23:00:00+01:00,"Main-conference full paper or RA-L journal article published on or before the cutoff; first-listed authorship only. Workshops, posters, demos, abstracts, and unverified identity matches are excluded.",0,0,,yes,confirmed_first,0,partial,https://eccv.ecva.net/virtual/2026/poster/5399,"KIST MR Lab's official publication list shows no eligible prior first-listed work before the cutoff; listed 2025 works are ISMAR (poster), IEEE Access, or other out-of-scope venues. ECCV 2026 is after the cutoff."
ca529f0fe8b0c42a40d52288a30bd915,5439,CulinaryCut: A Physics-aware Vision-Language-Action Benchmark for Food Cutting via Material Point Method,Hyunsuh Koh,Soongsil University,KOREAN_UNIVERSITY_GRAD_SCIENCE_INSTITUTE,cai_h88dox,resolved,https://reality.ssu.ac.kr/,"Soongsil University's official Reality Lab site lists Hyunsuh Koh among lab researchers and attributes Soongsil research publications to Hyunsuh Koh, matching the ECCV candidate's affiliation and vision-language/robotics research context.",CVPR; ICCV; ECCV; NeurIPS; ICLR; ICML; SIGGRAPH; SIGGRAPH Asia; IROS; ICRA; RA-L,2026-03-05T23:00:00+01:00,"Main-conference full paper or RA-L journal article published on or before the cutoff; first-listed authorship only. Workshops, posters, demos, abstracts, and unverified identity matches are excluded.",0,,,,identity_resolved_prior_work_review_incomplete,0,partial,https://eccv.ecva.net/virtual/2026/poster/5439,"The official Reality Lab sources checked show Hyunsuh Koh on non-eligible workshop/BMVC work, with no verified eligible top-tier first-listed paper found. Exact zero count is not asserted."
2c6ee860dfb322d0fc5dbbf5a2aa0b39,5440,Domain Adaptation with Adaptive Imagination for Visual Reinforcement Learning under Limited Target Data,Hyunwoo Park,StradVision,KOREAN_COMPANY,cai_mwqjea,resolved,https://github.com/Hyunwoo-Park-Yonsei,"The candidate's GitHub profile identifies Hyunwoo Park, a Yonsei University graduate in Korea, and links his professional identity to autonomous-driving work; a matching LinkedIn profile identifies Hyunwoo Park at STRADVISION and names the ECCV 2026 queue title. The affiliation, topic, and author/title match resolve the candidate.",CVPR; ICCV; ECCV; NeurIPS; ICLR; ICML; SIGGRAPH; SIGGRAPH Asia; IROS; ICRA; RA-L,2026-03-05T23:00:00+01:00,"Main-conference full paper or RA-L journal article published on or before the cutoff; first-listed authorship only. Workshops, posters, demos, abstracts, and unverified identity matches are excluded.",0,,,,identity_resolved_prior_work_review_incomplete,0,partial,https://eccv.ecva.net/virtual/2026/poster/5440,No eligible prior first-listed work was verified. The profile's listed 2024 TITS article is outside the defined venue scope; the 2024 trajectory-planning item is an arXiv record without an in-scope publication. Exhaustive venue review remains pending.
f47bcedcc5bff372aaddbe08ed8a6b52,5444,Semantic Line Diffusion: Character-Consistent Line Art from text-annotated Storyboards,Seo-Yeon Choi,Jeonbuk National University,KOREAN_UNIVERSITY_GRAD_SCIENCE_INSTITUTE,cai_1bw2xeo,resolved,https://jbnu.macs.or.kr/en/people/,"The official Jeonbuk National University MACS Lab people page identifies Seo-Yeon Choi as a master's student in the Division of Electronic and Information Engineering (Computer Science), matching the ECCV queue name and Jeonbuk National University affiliation. The official ECVA poster record links the same name to the ECCV candidate paper.",CVPR; ICCV; ECCV; NeurIPS; ICLR; ICML; SIGGRAPH; SIGGRAPH Asia; IROS; ICRA; RA-L,2026-03-05T23:00:00+01:00,"Main-conference full paper or RA-L journal article published on or before the cutoff; first-listed authorship only. Workshops, posters, demos, abstracts, and unverified identity matches are excluded.",0,,,,identity_resolved_prior_work_review_incomplete,0,partial,https://eccv.ecva.net/virtual/2026/poster/5444,No eligible pre-cutoff first-listed paper was found in the reviewed official MACS Lab profile/publication material. Exact zero is not asserted because exhaustive review of all eligible venues remains incomplete.
ec3183a7f107d1b8dbb90cb3c01ea7d5,5463,Why Far Looks Up: Probing Spatial Representation in Vision-Language Models,Cheolhong Min,Seoul National University,KOREAN_UNIVERSITY_GRAD_SCIENCE_INSTITUTE,cai_bhhbue,resolved,https://cheolhong0916.github.io/,"Official personal profile identifies Cheolhong Min as a Seoul National University CSE PhD student in the VGI Lab, matching the queue affiliation. His official CV lists ReALFRED (ECCV 2024) with Taewoong Kim first and Cheolhong Min equal-second, and Pre-emptive Action Revision (CoRL 2024) with Jinyeon Kim first; CoRL is also outside the fixed scope.",CVPR; ICCV; ECCV; NeurIPS; ICLR; ICML; SIGGRAPH; SIGGRAPH Asia; IROS; ICRA; RA-L,2026-03-05T23:00:00+01:00,"Main-conference full paper or RA-L journal article published on or before the cutoff; first-listed authorship only. Workshops, posters, demos, abstracts, and unverified identity matches are excluded.",0,0,,yes,confirmed_first,0,high,https://eccv.ecva.net/virtual/2026/poster/5463,Official CV/publication evidence reviewed through the cutoff. No eligible fixed-scope prior work with Cheolhong Min first-listed was found. The ECCV 2024 ReALFRED paper is not first-authored by Min and therefore is excluded from the primary statistic.
10976997a55826d2efd10358e23511de,5468,Keep It Simple: Multi-Key Episodic Memory Retrieval for Ultra-Long Video Understanding,Yeeun Choi,Yonsei University,KOREAN_UNIVERSITY_GRAD_SCIENCE_INSTITUTE,cai_9o9eef,resolved,https://choi-yeeun.github.io/,"The official personal profile identifies Yeeun Choi as a Yonsei University PhD student in video understanding and lists the exact ECCV queue title as first author, matching affiliation, topic, and collaborators.",CVPR; ICCV; ECCV; NeurIPS; ICLR; ICML; SIGGRAPH; SIGGRAPH Asia; IROS; ICRA; RA-L,2026-03-05T23:00:00+01:00,"Main-conference full paper or RA-L journal article published on or before the cutoff; first-listed authorship only. Workshops, posters, demos, abstracts, and unverified identity matches are excluded.",0,,,,identity_resolved_prior_work_review_incomplete,0,partial,https://eccv.ecva.net/virtual/2026/poster/5468,"The official personal publication list includes ICCV 2025 Open-ended Hierarchical Streaming Video Understanding, where Choi is fourth-listed, and a CVPRW 2025 workshop paper (excluded by venue type). No eligible prior first-listed paper is listed through the cutoff; ECCV 2026 is after cutoff."
24cceab7ffc1118f5daaace13c670885,5470,JAM-Flow: Joint Audio-Motion Synthesis with Flow Matching,Mingi Kwon,Yonsei University,KOREAN_UNIVERSITY_GRAD_SCIENCE_INSTITUTE,cai_1s3524l,resolved,https://sites.google.com/view/mingikwon,The personal homepage identifies Mingi Kwon with Yonsei University and lists the ECCV paper JAM-Flow plus the publication history through the cutoff.,CVPR; ICCV; ECCV; NeurIPS; ICLR; ICML; SIGGRAPH; SIGGRAPH Asia; IROS; ICRA; RA-L,2026-03-05T23:00:00+01:00,"Main-conference full paper or RA-L journal article published on or before the cutoff; first-listed authorship only. Workshops, posters, demos, abstracts, and unverified identity matches are excluded.",1,,,no,confirmed_not_first,1,partial,https://eccv.ecva.net/virtual/2026/poster/5470,The homepage identifies multiple first-or-co-first papers but does not by itself distinguish author order. At least one earlier eligible first-listed ECCV paper is independently confirmed; exhaustive first-listed count remains pending.
751d51528afe5e6f7fe95dece4ed32ba,5488,EFlow: Fast Few-Step Video Generator Training from Scratch via Efficient Solution Flow,Dogyun Park,Korea University,KOREAN_UNIVERSITY_GRAD_SCIENCE_INSTITUTE,cai_18x3r1d,resolved,https://mlv.korea.edu/people,The Korea University lab roster identifies Dogyun Park and the official ICLR 2024 proceedings list the same name with Korea University affiliation.,CVPR; ICCV; ECCV; NeurIPS; ICLR; ICML; SIGGRAPH; SIGGRAPH Asia; IROS; ICRA; RA-L,2026-03-05T23:00:00+01:00,"Main-conference full paper or RA-L journal article published on or before the cutoff; first-listed authorship only. Workshops, posters, demos, abstracts, and unverified identity matches are excluded.",1,,,no,confirmed_not_first,1,partial,https://eccv.ecva.net/virtual/2026/poster/5488,At least one earlier eligible first-listed paper is verified. Exhaustive count still pending.
4e4faae72b1c3cbd446a70e89e59d8fc,5518,Vector Scaffolding: Inter-Scale Orchestration for Differentiable Image Vectorization,Jaerin Lee,Seoul National University,KOREAN_UNIVERSITY_GRAD_SCIENCE_INSTITUTE,cai_1aaah60,resolved,https://jaerinlee.com/,"Jaerin Lee’s official personal site identifies him as a Seoul National University Computer Vision Lab PhD student and lists the exact ECCV 2026 Vector Scaffolding paper and affiliation. The site/CV show no earlier scoped main-conference paper, but the zero review is not treated as exhaustive.",CVPR; ICCV; ECCV; NeurIPS; ICLR; ICML; SIGGRAPH; SIGGRAPH Asia; IROS; ICRA; RA-L,2026-03-05T23:00:00+01:00,"Main-conference full paper or RA-L journal article published on or before the cutoff; first-listed authorship only. Workshops, posters, demos, abstracts, and unverified identity matches are excluded.",0,,,,identity_resolved_prior_work_review_incomplete,0,partial,https://eccv.ecva.net/virtual/2026/poster/5518,Only the post-cutoff ECCV 2026 paper and an arXiv preprint were found on the official CV/site; neither is a prior eligible work under the cutoff. Exact zero is not asserted.
3c7f7c2dae5b4e1dd398cffb26391a58,5524,Video Can Teach PAN-Sharpening: PSF-Aware Cross-Domain Supervision,Hyun-Ho Kim,Chungnam National University,KOREAN_UNIVERSITY_GRAD_SCIENCE_INSTITUTE,cai_kzekq6,resolved,https://ee.kaist.ac.kr/en/notices/%EA%B9%80%ED%98%84%ED%98%B8-%EB%B0%95%EC%82%AC%EC%A7%80%EA%B5%90%EC%88%98-%EA%B9%80%EB%AC%B8%EC%B2%A0-%EC%B6%A9%EB%82%A8%EB%8C%80%ED%95%99%EA%B5%90-%EC%A0%84%EC%9E%90%EA%B3%B5%ED%95%99/,"The official KAIST announcement identifies Dr. Hyun-Ho Kim, his KAIST VIC Lab/Munchurl Kim affiliation, research in PAN-sharpening and satellite imaging, and appointment at Chungnam National University. KAIST Pure records list the same Hyun Ho Kim with matching PAN-sharpening works and institutional history, resolving the ECCV candidate.",CVPR; ICCV; ECCV; NeurIPS; ICLR; ICML; SIGGRAPH; SIGGRAPH Asia; IROS; ICRA; RA-L,2026-03-05T23:00:00+01:00,"Main-conference full paper or RA-L journal article published on or before the cutoff; first-listed authorship only. Workshops, posters, demos, abstracts, and unverified identity matches are excluded.",0,,,,identity_resolved_prior_work_review_incomplete,0,partial,https://eccv.ecva.net/virtual/2026/poster/5524,"Reviewed official KAIST Pure records and institutional announcement. The identified prior publications are journals outside the defined scope (TGRS, GRSL, etc.); no eligible CVPR/ICCV/ECCV/NeurIPS/ICLR/ICML/SIGGRAPH/IROS/ICRA/RA-L first-listed work was verified, but the available institutional list is not certified exhaustive."
523df5a6db0544f3600434b9ffe68367,5538,3D-ReGen: A Unified 3D Geometry Regeneration Framework,Geon Yeong Park,Korea Advanced Institute of Science and Technology,KOREAN_UNIVERSITY_GRAD_SCIENCE_INSTITUTE,cai_4b1r0v,resolved,https://geonyeong-park.github.io/,"Geon Yeong Park's official KAIST profile identifies him as a KAIST postdoctoral researcher and lists the exact 3D-ReGen/MeshReGen 2026 paper. Its publication list provides multiple earlier eligible first-listed CVPR/ICCV/NeurIPS papers, with consistent KAIST/advisor/collaborator history.",CVPR; ICCV; ECCV; NeurIPS; ICLR; ICML; SIGGRAPH; SIGGRAPH Asia; IROS; ICRA; RA-L,2026-03-05T23:00:00+01:00,"Main-conference full paper or RA-L journal article published on or before the cutoff; first-listed authorship only. Workshops, posters, demos, abstracts, and unverified identity matches are excluded.",6,6,,no,confirmed_not_first,6,high,https://eccv.ecva.net/virtual/2026/poster/5538,"Six eligible prior first-listed papers are recorded below. Other listed works are excluded because Park is not first-listed, venue is WACV/AAAI, or the item is a preprint/non-target venue."
70c549b28626adf8c0d6349053a844af,5539,TAQ: Static-Deployable Temporal-Aware Quantization for Real-World Video Super-Resolution,Jinwoo Chung,Kookmin University,KOREAN_UNIVERSITY_GRAD_SCIENCE_INSTITUTE,cai_6vguok,resolved,https://jangho-kim.github.io/,The official Kookmin University MLPR lab page lists Jinwoo Chung as a master's student working on quantization and identifies the lab's ECCV 2026 TAQ paper with Jinwoo Chung first. This matches the queue candidate's Kookmin affiliation and research title.,CVPR; ICCV; ECCV; NeurIPS; ICLR; ICML; SIGGRAPH; SIGGRAPH Asia; IROS; ICRA; RA-L,2026-03-05T23:00:00+01:00,"Main-conference full paper or RA-L journal article published on or before the cutoff; first-listed authorship only. Workshops, posters, demos, abstracts, and unverified identity matches are excluded.",0,,,,identity_resolved_prior_work_review_incomplete,0,partial,https://eccv.ecva.net/virtual/2026/poster/5539,"No eligible pre-cutoff first-listed work was found in the reviewed official lab publication list. The listed CIKM 2025 work is outside the defined venue scope, while IROS 2026 and ECCV 2026 are after the cutoff; exact zero is not asserted."
debe9dfcc3e4dbea1c509ffab6bf9f0b,5540,V-HOLD: Stabilizing Flow Trajectories to Rethink the Edit–Preservation Trade-off,Gahyeon Kim,ETRI,KOREAN_RESEARCH_INSTITUTE,cai_8a1asp,resolved,https://ksp.etri.re.kr/ksp/article/read?id=67722,"ETRI's official Knowledge Sharing Platform identifies Gahyeon Kim as first author on an ETRI-affiliated 2023 conference paper, matching the ECCV candidate's ETRI affiliation and name.",CVPR; ICCV; ECCV; NeurIPS; ICLR; ICML; SIGGRAPH; SIGGRAPH Asia; IROS; ICRA; RA-L,2026-03-05T23:00:00+01:00,"Main-conference full paper or RA-L journal article published on or before the cutoff; first-listed authorship only. Workshops, posters, demos, abstracts, and unverified identity matches are excluded.",0,,,,identity_resolved_prior_work_review_incomplete,0,partial,https://eccv.ecva.net/virtual/2026/poster/5540,"The official ETRI record found is Virtual Hand Model Generation Through Size Modifications Of Hand Joint Feature Points for XR Interaction (ICCE Asia 2023), which is outside the fixed venue scope. No qualifying fixed-scope prior first-author work was found in the official ETRI record, but an exhaustive publication list was not available."
e96c7de8f6390b1e6c71556e4e0a4959,5552,Why and When Visual Token Pruning Fails? A Study on Relevant Visual Information Shift in MLLMs Decoding,Jiwan Kim,KAIST,KOREAN_UNIVERSITY_GRAD_SCIENCE_INSTITUTE,cai_1p4v3g5,resolved,https://ptkjw1997.github.io/,"Jiwan Kim's official personal page identifies him as a KAIST DSAIL PhD student and lists the ECCV 2026 paper Why and When Visual Token Pruning Fails? as first author, matching the queue affiliation and title.",CVPR; ICCV; ECCV; NeurIPS; ICLR; ICML; SIGGRAPH; SIGGRAPH Asia; IROS; ICRA; RA-L,2026-03-05T23:00:00+01:00,"Main-conference full paper or RA-L journal article published on or before the cutoff; first-listed authorship only. Workshops, posters, demos, abstracts, and unverified identity matches are excluded.",0,0,,yes,confirmed_first,0,high,https://eccv.ecva.net/virtual/2026/poster/5552,The official publication list was reviewed through the 2026-03-05 cutoff. The listed ICLR 2026 paper is a later conference publication and is excluded by the cutoff; SIGIR 2025 is outside the defined venue scope. No eligible prior first-author work was found before the cutoff.
20ba66f905957b34253d9d7abde919f3,5571,Diversity-Aware View Partitioning for Scalable VGGT,Jinsoo Park,POSTECH,KOREAN_UNIVERSITY_GRAD_SCIENCE_INSTITUTE,cai_jnhf9l,resolved,https://jspark1213.github.io/,Jinsoo Park's official personal site identifies him as a POSTECH CVLab integrated M.S./Ph.D. student with matching 3D-reconstruction research and lists the ECCV candidate Diversity-aware View Partitioning paper as first author. No earlier eligible in-scope work was found on the profile or linked official material.,CVPR; ICCV; ECCV; NeurIPS; ICLR; ICML; SIGGRAPH; SIGGRAPH Asia; IROS; ICRA; RA-L,2026-03-05T23:00:00+01:00,"Main-conference full paper or RA-L journal article published on or before the cutoff; first-listed authorship only. Workshops, posters, demos, abstracts, and unverified identity matches are excluded.",0,,,,identity_resolved_prior_work_review_incomplete,0,partial,https://eccv.ecva.net/virtual/2026/poster/5571,No eligible prior first-listed paper was found in the reviewed official profile/material. The ECCV 2026 paper is after the cutoff; exact zero is not asserted because exhaustive review remains incomplete.
2b2e7393b05b5b52af65bf2ed7f4ad4f,5616,DICE: Disentangled Instance-Class knowlEdge prompt tuning via SAE for Vision-Language Models,Daeun Lee,Sung Kyun Kwan University,KOREAN_UNIVERSITY_GRAD_SCIENCE_INSTITUTE,cai_1frm1kx,unresolved,,"An SKKU-hosted CV mentions a Daeun Lee as a master's student in Applied Artificial Intelligence at Sungkyunkwan University, but it does not link that person to the ECCV queue title DICE. Search results also surface multiple unrelated Daeun Lee identities; affiliation alone is insufficient for resolution.",CVPR; ICCV; ECCV; NeurIPS; ICLR; ICML; SIGGRAPH; SIGGRAPH Asia; IROS; ICRA; RA-L,2026-03-05T23:00:00+01:00,"Main-conference full paper or RA-L journal article published on or before the cutoff; first-listed authorship only. Workshops, posters, demos, abstracts, and unverified identity matches are excluded.",0,,,,blocked_on_identity_review,0,unresolved,https://eccv.ecva.net/virtual/2026/poster/5616,Identity is unresolved; no prior-paper count is asserted. The SKKU-hosted CV is only a same-name/affiliation lead and not proof of identity.
bf38bc61db12651d4c95b9dd9f4691ae,5627,Extending a Large View Synthesis Model for Multi-view Panoptic Segmentation,Kwonyoung Ryu,Pohang University of Science and Technology,KOREAN_UNIVERSITY_GRAD_SCIENCE_INSTITUTE,cai_17clweh,resolved,https://kwonyoung9120.github.io/,"Kwonyoung Ryu's official personal site identifies him as a POSTECH AI Ph.D. candidate, gives his 3D scene understanding research profile, and lists the ECCV 2026 paper and earlier CVPR 2023 paper. The ECCV accepted-paper listing confirms the candidate title and author order.",CVPR; ICCV; ECCV; NeurIPS; ICLR; ICML; SIGGRAPH; SIGGRAPH Asia; IROS; ICRA; RA-L,2026-03-05T23:00:00+01:00,"Main-conference full paper or RA-L journal article published on or before the cutoff; first-listed authorship only. Workshops, posters, demos, abstracts, and unverified identity matches are excluded.",1,,,no,confirmed_not_first,1,partial,https://eccv.ecva.net/virtual/2026/poster/5627,"One eligible prior first-listed CVPR paper was verified. The review was not exhaustive across every scoped venue, so an exact count is not asserted. The ECCV 2026 paper is after the cutoff and is not counted."
11a31db27a7b70be0bb9759cf73d0939,5630,Exploiting Local Flatness for Efficient Out-of-Distribution Detection,Seonghwan Park,Korea Electronics Technology Institute (KETI),KOREAN_RESEARCH_INSTITUTE,cai_19esvks,resolved,https://shpark97.github.io/,Seonghwan Park's official personal site identifies him as a KETI researcher with a POSTECH AI master's degree and lists the same ECCV 2026 efficient OOD-detection paper. The site also gives his official prior-publication record and matching research trajectory.,CVPR; ICCV; ECCV; NeurIPS; ICLR; ICML; SIGGRAPH; SIGGRAPH Asia; IROS; ICRA; RA-L,2026-03-05T23:00:00+01:00,"Main-conference full paper or RA-L journal article published on or before the cutoff; first-listed authorship only. Workshops, posters, demos, abstracts, and unverified identity matches are excluded.",2,,,no,confirmed_not_first,2,partial,https://eccv.ecva.net/virtual/2026/poster/5630,At least two eligible prior first-listed papers were verified (NeurIPS 2025 and ICLR 2025). Exact count is not asserted because exhaustive review across all scoped venues was not completed; ECCV 2026 is after cutoff.
fe41bb826b6a3cd35fe36744936400b9,5643,HyFL-CLIP: Hyperbolic Fine-Tuning of CLIP for Robust Long-Context Understanding,jiha jang,Seoul National University,KOREAN_UNIVERSITY_GRAD_SCIENCE_INSTITUTE,cai_9tizu5,resolved,https://jeeit17.github.io/,Ji Ha Jang's official personal site identifies the SNU integrated ECE PhD student and lists the same ECCV 2026 research line. The site's CV/publication links and official CVF records match the queue's lowercase name and SNU affiliation; the spelling variant Ji Ha Jang is treated as the same person.,CVPR; ICCV; ECCV; NeurIPS; ICLR; ICML; SIGGRAPH; SIGGRAPH Asia; IROS; ICRA; RA-L,2026-03-05T23:00:00+01:00,"Main-conference full paper or RA-L journal article published on or before the cutoff; first-listed authorship only. Workshops, posters, demos, abstracts, and unverified identity matches are excluded.",0,,,,identity_resolved_prior_work_review_incomplete,0,partial,https://eccv.ecva.net/virtual/2026/poster/5643,The candidate's ECCV 2026 HyFL-CLIP work is post-cutoff. Official records found ICCV 2025 RoMaP (Ji Ha Jang co-first but second-listed) and ECCV 2024 INTRA workshop (excluded); no eligible prior first-listed paper was established. Exact zero is not asserted. QA removed non-qualifying evidence rows; count reflects first-listed eligible works only.
885b09b2268bb141018ce1d96fe82a7e,5644,TriNLOS: Triplane Representations for Neural Non-Line-of-Sight Imaging,Bonmu Do,Inha University,KOREAN_UNIVERSITY_GRAD_SCIENCE_INSTITUTE,cai_jr6jbb,unresolved,,"Searches for Bonmu Do, Inha University, and the ECCV title did not locate an official personal or institutional profile sufficient to link this candidate to a publication identity.",CVPR; ICCV; ECCV; NeurIPS; ICLR; ICML; SIGGRAPH; SIGGRAPH Asia; IROS; ICRA; RA-L,2026-03-05T23:00:00+01:00,"Main-conference full paper or RA-L journal article published on or before the cutoff; first-listed authorship only. Workshops, posters, demos, abstracts, and unverified identity matches are excluded.",0,,,,blocked_on_identity_review,0,unresolved,https://eccv.ecva.net/virtual/2026/poster/5644,No eligible prior work was entered because identity could not be verified. The ECCV 2026 paper itself is after the cutoff and is not counted.
0a2090e24b6ae62b0b0fcaa67a72b5a0,5646,G2P: Gaussian-to-Point Attribute Alignment for Boundary-Aware 3D Segmentation,Hojun Song,Kyungpook National University,KOREAN_UNIVERSITY_GRAD_SCIENCE_INSTITUTE,cai_1y9fxpr,resolved,https://sites.google.com/view/knuvi/member,"The official Kyungpook National University Video Intelligence Lab member page identifies Hojun Song as a KNUVI PhD student. His official personal project page lists G2P first with KNU affiliation, matching the ECCV candidate name, institution, and title.",CVPR; ICCV; ECCV; NeurIPS; ICLR; ICML; SIGGRAPH; SIGGRAPH Asia; IROS; ICRA; RA-L,2026-03-05T23:00:00+01:00,"Main-conference full paper or RA-L journal article published on or before the cutoff; first-listed authorship only. Workshops, posters, demos, abstracts, and unverified identity matches are excluded.",0,,,,identity_resolved_prior_work_review_incomplete,0,partial,https://eccv.ecva.net/virtual/2026/poster/5646,"The 2025 IEIE Smart Processing & Computing article Generated Image Classification Model for Deep Learning-based Inpainting Model lists Hojun Song third and is outside the fixed venue scope. No eligible prior first-listed work was found on the official pages, but exhaustive review is incomplete."
29f3a1e25bd95e7d181c7c3e12fd9321,5647,Diffusion Integrated Gradients: Controllable Path Generation for Flexible Feature Attribution,Soyeon Kim,"Korea Advanced Institute of Science and Technology (KAIST), INEEJI Corp.",KOREAN_COMPANY_AND_ACADEMIC,cai_12jd1n6,resolved,https://sail.kaist.ac.kr/en/people/soyeon-kim,"The official KAIST SAIL profile identifies Soyeon Kim as a KAIST PhD student, gives the same feature-attribution research area, and lists Diffusion Integrated Gradients as her ECCV 2026 first-author paper, matching the ECCV candidate and KAIST affiliation.",CVPR; ICCV; ECCV; NeurIPS; ICLR; ICML; SIGGRAPH; SIGGRAPH Asia; IROS; ICRA; RA-L,2026-03-05T23:00:00+01:00,"Main-conference full paper or RA-L journal article published on or before the cutoff; first-listed authorship only. Workshops, posters, demos, abstracts, and unverified identity matches are excluded.",0,,,,identity_resolved_prior_work_review_incomplete,0,partial,https://eccv.ecva.net/virtual/2026/poster/5647,"The official KAIST SAIL publication list records Soyeon Kim as a non-first author on ICML 2021 and first author on non-scoped HCII 2023, AIES/PLOS Climate 2025, while ICML/KDD/ECCV 2026 entries are after the cutoff. No eligible prior first-listed scoped work was found in the reviewed official list; exact zero is not asserted."
ae385516bf05975c06778418ba30dc0a,5652,Sink-Token-Aware Pruning for Fine-Grained Video Understanding in Efficient Video LLMs,Kibum Kim,KAIST,KOREAN_UNIVERSITY_GRAD_SCIENCE_INSTITUTE,cai_thbfl0,resolved,https://rlqja1107.github.io/,"Kibum Kim's official personal site identifies him as a KAIST PhD candidate, and his official publication list contains the queue's Sink-Token-Aware Pruning ECCV 2026 paper and matching prior works.",CVPR; ICCV; ECCV; NeurIPS; ICLR; ICML; SIGGRAPH; SIGGRAPH Asia; IROS; ICRA; RA-L,2026-03-05T23:00:00+01:00,"Main-conference full paper or RA-L journal article published on or before the cutoff; first-listed authorship only. Workshops, posters, demos, abstracts, and unverified identity matches are excluded.",3,,,no,confirmed_not_first,3,high,https://eccv.ecva.net/virtual/2026/poster/5652,At least three eligible prior first-listed papers were verified. Exact total is not asserted because the review was not exhaustive across every eligible venue; post-cutoff ECCV 2026 and ICLR 2026 records were not counted.
25d0a45ccd9e33b6b1ef8760801b6841,5659,Integrated Forward–Inverse Network for Reconstruction for Lensless Image Reconstruction,Donggeon Bae,Seoul National University,KOREAN_UNIVERSITY_GRAD_SCIENCE_INSTITUTE,cai_1r34pvk,resolved,https://iilab.io/IFIN/,"The official IFIN project page names Donggeon Bae as first author, gives a @snu.ac.kr contact address, and identifies the Seoul National University lensless-imaging project context, matching the queue affiliation.",CVPR; ICCV; ECCV; NeurIPS; ICLR; ICML; SIGGRAPH; SIGGRAPH Asia; IROS; ICRA; RA-L,2026-03-05T23:00:00+01:00,"Main-conference full paper or RA-L journal article published on or before the cutoff; first-listed authorship only. Workshops, posters, demos, abstracts, and unverified identity matches are excluded.",0,,,,identity_resolved_prior_work_review_incomplete,0,partial,https://eccv.ecva.net/virtual/2026/poster/5659,The IFIN project is an ECCV 2026 paper after the cutoff and is excluded as prior work. The official project record does not provide a complete historical CV; no qualifying pre-cutoff first-listed paper was confirmed.
ba01e0390d0c58ab871d3fd682bbf613,5663,MultihopSpatial: Multi-hop Compositional Spatial Reasoning Benchmark for Vision-Language Model,Youngwan Lee,ETRI,KOREAN_RESEARCH_INSTITUTE,cai_uw6q6r,resolved,https://youngwanlee.github.io/,"Official personal site identifies Youngwan Lee as an ETRI senior researcher and KAIST PhD student, matching the ECCV candidate's ETRI affiliation and research area.",CVPR; ICCV; ECCV; NeurIPS; ICLR; ICML; SIGGRAPH; SIGGRAPH Asia; IROS; ICRA; RA-L,2026-03-05T23:00:00+01:00,"Main-conference full paper or RA-L journal article published on or before the cutoff; first-listed authorship only. Workshops, posters, demos, abstracts, and unverified identity matches are excluded.",3,3,,no,confirmed_not_first,3,high,https://eccv.ecva.net/virtual/2026/poster/5663,"Official publication list was reviewed through cutoff. Verified eligible first-listed works: CenterMask (CVPR 2020), MPViT (CVPR 2022), and Exploring the Role of Mean Teachers (ICLR 2023, equal-first marker). Workshop, findings, and non-first works are excluded. Exact prior eligible first-author count is 3."
e06db73b5702b904f41ccd406ac8f4ba,5668,PRISM: Latent Composition Consistency for Single-Image Reflection Removal,Junseong Shin,Hanyang University,KOREAN_UNIVERSITY_GRAD_SCIENCE_INSTITUTE,cai_131dxvq,resolved,https://junsung6140.github.io/,Junseong Shin's official personal site identifies him as a Hanyang University VILAB PhD student and lists the matching ECCV 2026 PRISM paper; the profile also lists HazeFlow with matching research area and affiliation.,CVPR; ICCV; ECCV; NeurIPS; ICLR; ICML; SIGGRAPH; SIGGRAPH Asia; IROS; ICRA; RA-L,2026-03-05T23:00:00+01:00,"Main-conference full paper or RA-L journal article published on or before the cutoff; first-listed authorship only. Workshops, posters, demos, abstracts, and unverified identity matches are excluded.",1,,,no,confirmed_not_first,1,partial,https://eccv.ecva.net/virtual/2026/poster/5668,One eligible prior first-listed main-conference paper was verified. Review was not exhaustive across every in-scope venue; ECCV 2026 PRISM is after cutoff and excluded.
0c1e35c59823910dbfca717fc02096e7,5669,Wake up for Touch! Mask-isolated Tactile Alignment Learning in MLLMs,Yoonhyung Park,Ewha Womans University,KOREAN_UNIVERSITY_GRAD_SCIENCE_INSTITUTE,cai_9prqnf,unresolved,,"Official ECCV/arXiv record identifies Yoonhyung Park first on the candidate paper, but no authoritative personal or institutional profile links this author to the queue's Ewha affiliation; same-name Ewha medical records cannot safely be merged.",CVPR; ICCV; ECCV; NeurIPS; ICLR; ICML; SIGGRAPH; SIGGRAPH Asia; IROS; ICRA; RA-L,2026-03-05T23:00:00+01:00,"Main-conference full paper or RA-L journal article published on or before the cutoff; first-listed authorship only. Workshops, posters, demos, abstracts, and unverified identity matches are excluded.",0,,,,blocked_on_identity_review,0,unresolved,https://eccv.ecva.net/virtual/2026/poster/5669,No prior work entered because identity is unresolved. ECCV 2026 is after cutoff.
9909794d52985cbc5d95c26e31125d1a,5677,SPLIT: Training-Free AI-Generated and Partially Edited Video Detection via Spatial Patch‑Level Incoherence and Temporal Roughness,Jongyeop Hyun,Pohang University of Science and Technology,KOREAN_UNIVERSITY_GRAD_SCIENCE_INSTITUTE,cai_skq83z,resolved,https://mldljyh.github.io/,"Official POSTECH personal profile identifies Jongyeop Hyun as a POSTECH Graduate School of AI master's student and lists the ECCV 2026 SPLIT paper with Hyounghun Kim. The POSTECH NLP people page independently lists Jongyeop Hyun, POSTECH, and the same multimodal-learning research area. The profile's earlier listed work is EMNLP 2025, which is outside the defined eligible venue scope.",CVPR; ICCV; ECCV; NeurIPS; ICLR; ICML; SIGGRAPH; SIGGRAPH Asia; IROS; ICRA; RA-L,2026-03-05T23:00:00+01:00,"Main-conference full paper or RA-L journal article published on or before the cutoff; first-listed authorship only. Workshops, posters, demos, abstracts, and unverified identity matches are excluded.",0,0,,yes,confirmed_first,0,high,https://eccv.ecva.net/virtual/2026/poster/5677,No eligible prior first-listed CVPR/ICCV/ECCV/NeurIPS/ICLR/ICML/SIGGRAPH/SIGGRAPH Asia/IROS/ICRA or RA-L work found through the official profile and institutional corroboration. EMNLP 2025 is excluded by venue scope; ECCV 2026 is the target paper and after the cutoff.
b62973ddb1a4d7a0ea30a1052012af19,5678,DiffGI: Differentiable Geometry Images for High-Fidelity Thin-Shell 3D Generation,Eungjune Shim,CLO Virtual Fashion Inc.,KOREAN_COMPANY,cai_1hjrh6i,resolved,https://ejshim.github.io/,Eungjune Shim's official personal site identifies him as a CLO Virtual Fashion machine-learning engineer working on 3D garments and explicitly lists DiffGI (the ECCV 2026 candidate paper).,CVPR; ICCV; ECCV; NeurIPS; ICLR; ICML; SIGGRAPH; SIGGRAPH Asia; IROS; ICRA; RA-L,2026-03-05T23:00:00+01:00,"Main-conference full paper or RA-L journal article published on or before the cutoff; first-listed authorship only. Workshops, posters, demos, abstracts, and unverified identity matches are excluded.",0,,,,identity_resolved_prior_work_review_incomplete,0,partial,https://eccv.ecva.net/virtual/2026/poster/5678,"The official personal site and the Catholic University graphics-lab publication page show prior cloth-simulation and medical-imaging works, but none are in the fixed venue scope as eligible first-listed papers. The listed prior works are Eurographics/Computer Graphics Forum, CAVW, JKGCS, and Applied Sciences; exact exhaustive zero is not claimed."
747e32ab0fea7fbd2ad9ec03daa3f840,5679,FastSTAR: Spatiotemporal Token Pruning for Efficient Autoregressive Video Synthesis,Sungwoong Yune,KAIST,KOREAN_UNIVERSITY_GRAD_SCIENCE_INSTITUTE,cai_1qjm8mt,resolved,https://castlab.kaist.ac.kr/team/sungwoong-yune/,"Official KAIST CastLab profile identifies Sungwoong Yune as a KAIST PhD student and lists FastSTAR as an ECCV 2026 paper, matching the candidate name, KAIST affiliation, and ECCV title.",CVPR; ICCV; ECCV; NeurIPS; ICLR; ICML; SIGGRAPH; SIGGRAPH Asia; IROS; ICRA; RA-L,2026-03-05T23:00:00+01:00,"Main-conference full paper or RA-L journal article published on or before the cutoff; first-listed authorship only. Workshops, posters, demos, abstracts, and unverified identity matches are excluded.",0,,,,identity_resolved_prior_work_review_incomplete,0,partial,https://eccv.ecva.net/virtual/2026/poster/5679,No eligible prior first-listed work was verified in the limited review. DAC 2025 and A-SSCC 2025 works are outside the defined venue scope; ECCV 2026 and JSSC 2026 entries are after the cutoff. Exact zero is not asserted.
b750f74544cb00c138079607276995e9,5686,"H-Adapter: Pose-Robust Hairstyle Transfer via Attention-Derived, Source-Aligned Hair Masks",Seulgi Jeong,SNOW Corporation,KOREAN_COMPANY,cai_1j0rfa6,unresolved,,"The official ICCV 2025 workshop proceedings identify a Seulgi Jeong as first author of MINDiff with a Kyungpook National University affiliation, while the ECCV 2026 candidate identifies Seulgi Jeong with SNOW Corporation. The name and topic are suggestive but the affiliation change and lack of an authoritative personal/institutional profile prevent safe identity resolution.",CVPR; ICCV; ECCV; NeurIPS; ICLR; ICML; SIGGRAPH; SIGGRAPH Asia; IROS; ICRA; RA-L,2026-03-05T23:00:00+01:00,"Main-conference full paper or RA-L journal article published on or before the cutoff; first-listed authorship only. Workshops, posters, demos, abstracts, and unverified identity matches are excluded.",0,,,,blocked_on_identity_review,0,unresolved,https://eccv.ecva.net/virtual/2026/poster/5686,MINDiff is explicitly an ICCV 2025 workshop paper and excluded from the fixed eligible venue scope even if the identity were confirmed. H-Adapter is the ECCV 2026 candidate itself and after cutoff. No eligible prior work is entered.
e4c4e24edd254bb81fc6e3fe7a1a5dd4,5695,EGGS: Explicitly Granular 3D Gaussian Splatting via Luma-Aware and Volume-Preserving Attribute Factorization,InGyu Jeong,Seoul National University of Science and Technology,KOREAN_UNIVERSITY_GRAD_SCIENCE_INSTITUTE,cai_xlzkem,resolved,https://immedia.seoultech.ac.kr/members,"SeoulTech's official Immersive Media Lab members page lists Jeong Ingyu (InGyu Jeong), and the lab's official publications page lists In-Gyu Jeong as first author of the 2025 ICEIC neural-light-field paper. This matches the queue affiliation and the ECCV 2026 author identity.",CVPR; ICCV; ECCV; NeurIPS; ICLR; ICML; SIGGRAPH; SIGGRAPH Asia; IROS; ICRA; RA-L,2026-03-05T23:00:00+01:00,"Main-conference full paper or RA-L journal article published on or before the cutoff; first-listed authorship only. Workshops, posters, demos, abstracts, and unverified identity matches are excluded.",0,,,,identity_resolved_prior_work_review_incomplete,0,partial,https://eccv.ecva.net/virtual/2026/poster/5695,"The official lab publication list shows a 2025 ICEIC paper, which is outside the defined venue scope. No eligible prior first-listed work was verified; exhaustive venue review remains pending."
a7b0d547ea892113ec47dc262675fc7b,5702,Rethinking Token Reduction for Diffusion Models via Output-Similarity-Awareness,Hangyeol Lee,KAIST,KOREAN_UNIVERSITY_GRAD_SCIENCE_INSTITUTE,cai_fc52e2,unresolved,,"An official arXiv record and proceedings material show a Hangyeol Lee on diffusion/accelerator papers, while an official Hangyeol Lee CV identifies a different GIST/Hanyang robotics researcher. No authoritative source links the queue's KAIST candidate to either publication identity, so the names cannot be safely merged.",CVPR; ICCV; ECCV; NeurIPS; ICLR; ICML; SIGGRAPH; SIGGRAPH Asia; IROS; ICRA; RA-L,2026-03-05T23:00:00+01:00,"Main-conference full paper or RA-L journal article published on or before the cutoff; first-listed authorship only. Workshops, posters, demos, abstracts, and unverified identity matches are excluded.",0,,,,blocked_on_identity_review,0,unresolved,https://eccv.ecva.net/virtual/2026/poster/5702,The apparent EXION 2025 coauthorship is not counted because identity cannot be linked to the KAIST candidate and Hangyeol Lee is not first listed there. The ECCV 2026 paper is after the cutoff.
26d88423fc6da243ffddf161ca712757,5714,Recurrent Sinusoidal INRs for Efficient High-Fidelity Representation,Hyunmin Cho,Korea University,KOREAN_UNIVERSITY_GRAD_SCIENCE_INSTITUTE,cai_1fhyq5f,resolved,https://hyeon-cho.github.io/,"Hyunmin Cho's official personal site identifies him as a Korea University integrated M.S./Ph.D. student in the Image Processing Algorithm Lab, with a publication on recurrent sinusoidal INRs matching the ECCV candidate title and topic. The site also links his Korea University email and CV.",CVPR; ICCV; ECCV; NeurIPS; ICLR; ICML; SIGGRAPH; SIGGRAPH Asia; IROS; ICRA; RA-L,2026-03-05T23:00:00+01:00,"Main-conference full paper or RA-L journal article published on or before the cutoff; first-listed authorship only. Workshops, posters, demos, abstracts, and unverified identity matches are excluded.",0,,,,identity_resolved_prior_work_review_incomplete,0,partial,https://eccv.ecva.net/virtual/2026/poster/5714,The official CVPR/ICCV sources checked show Hyunmin Cho as a non-first author on CVPR 2025 Towards Lossless Implicit Neural Representation via Bit Plane Decomposition and ICCV 2025 Reference-based Super-Resolution; neither is a prior first-listed work. Exact zero count is not asserted.
a3e80e62340f85e584f072b212415d32,5719,PrintAnything: Learning Geometric Plan Map for 3D Printing G-code Generation from Unoriented Point Clouds,Sangmin Hong,Seoul National University,KOREAN_UNIVERSITY_GRAD_SCIENCE_INSTITUTE,cai_2jvtue,resolved,https://sangminhong.github.io/,Sangmin Hong's official personal site identifies him as a Seoul National University Computer Vision Lab PhD student working in 3D vision; its publication list matches the ECCV 2026 PrintAnything title and the official CVLab directory confirms the same name and SNU affiliation.,CVPR; ICCV; ECCV; NeurIPS; ICLR; ICML; SIGGRAPH; SIGGRAPH Asia; IROS; ICRA; RA-L,2026-03-05T23:00:00+01:00,"Main-conference full paper or RA-L journal article published on or before the cutoff; first-listed authorship only. Workshops, posters, demos, abstracts, and unverified identity matches are excluded.",0,0,,yes,confirmed_first,0,high,https://eccv.ecva.net/virtual/2026/poster/5719,"Official personal publication list and official CVF records were reviewed. ACL-SPC (CVPR 2023) and CNC-Net (CVPR 2024) list Hong second, with equal-contribution marks, so neither counts as first-listed authorship. Shape2Gcode is an ICLR 2026 withdrawn submission and not an eligible published main-conference paper. No eligible prior first-listed paper was found."
ff2ffdc47aef555a0d07796f282b8659,5723,Attention-Logit Steering to Compositional Generalization for Continual VQA,Suyoung Yang,Yonsei University,KOREAN_UNIVERSITY_GRAD_SCIENCE_INSTITUTE,cai_1054qqb,unresolved,,"The official ECCV 2026 accepted-paper listing confirms Suyoung Yang as author of the candidate title, but searches did not locate an authoritative Yonsei personal or institutional profile linking this name to the candidate identity.",CVPR; ICCV; ECCV; NeurIPS; ICLR; ICML; SIGGRAPH; SIGGRAPH Asia; IROS; ICRA; RA-L,2026-03-05T23:00:00+01:00,"Main-conference full paper or RA-L journal article published on or before the cutoff; first-listed authorship only. Workshops, posters, demos, abstracts, and unverified identity matches are excluded.",0,,,,blocked_on_identity_review,0,unresolved,https://eccv.ecva.net/virtual/2026/poster/5723,No prior work was counted because the identity could not be verified. The ECCV 2026 paper is after the cutoff and is not counted.
f675d8aec99e98b4e62c6aae5fb12fb6,5724,MagnetGS-Mesh: High-Quality Multi-Object Mesh Reconstruction via Adaptive Surface Optimization,Min-Su Park,Sung Kyun Kwan University; Sung Kyun Kwan University,KOREAN_UNIVERSITY_GRAD_SCIENCE_INSTITUTE,cai_llao67,resolved,https://imclab.skku.edu/students/,"Official SKKU IMCLab student page identifies Minsu Park (Park Min-su) and states research interests in 3D Gaussian Splatting and 3D Vision, matching the ECCV MagnetGS-Mesh topic and duplicated SKKU affiliation. IMCLab/LinkedIn publication announcement links Minsu Park to the ECCV 2026 paper.",CVPR; ICCV; ECCV; NeurIPS; ICLR; ICML; SIGGRAPH; SIGGRAPH Asia; IROS; ICRA; RA-L,2026-03-05T23:00:00+01:00,"Main-conference full paper or RA-L journal article published on or before the cutoff; first-listed authorship only. Workshops, posters, demos, abstracts, and unverified identity matches are excluded.",0,,,,identity_resolved_prior_work_review_incomplete,0,partial,https://eccv.ecva.net/virtual/2026/poster/5724,"Identity is resolved, but the official profile does not expose a complete historical publication list. No eligible prior first-listed work was verified from authoritative proceedings during this shard review; exact zero is not asserted. ECCV 2026 itself is after the cutoff and excluded."
a7ba7390e92513e12fc5fe070e40ee7e,5744,YeTI: You Only Need Two Noisy Images for Real-World sRGB Noise Generation,Jaekyun Ko,Samsung Electronics,KOREAN_COMPANY,cai_6zrg0h,resolved,https://dongjinkim9.github.io/projects/idf/,The official ICCV project page and CVF proceedings identify Jaekyun Ko as the same denoising researcher in the Hanyang University team; the official ECCV candidate is affiliated with Samsung Electronics and the research topic/collaborator trail is compatible. The ECCV 2026 title is post-cutoff.,CVPR; ICCV; ECCV; NeurIPS; ICLR; ICML; SIGGRAPH; SIGGRAPH Asia; IROS; ICRA; RA-L,2026-03-05T23:00:00+01:00,"Main-conference full paper or RA-L journal article published on or before the cutoff; first-listed authorship only. Workshops, posters, demos, abstracts, and unverified identity matches are excluded.",0,,,,identity_resolved_prior_work_review_incomplete,0,partial,https://eccv.ecva.net/virtual/2026/poster/5744,"IDF is an eligible ICCV 2025 paper but Ko is joint first (equal contribution) and second in listed order, so it does not count as first-listed under the audit rule. No prior first-listed eligible paper was verified; exact zero is not asserted. QA removed non-qualifying evidence rows; count reflects first-listed eligible works only."
8cf40e328089249cf77075692aa0c09b,5759,ECC: Encoder-Centric Corruption for Fine-Grained Vision in VLMs,Hyesong Choi,Ewha W. University,KOREAN_UNIVERSITY_GRAD_SCIENCE_INSTITUTE,cai_14z01lt,resolved,https://openaccess.thecvf.com/content/ICCV2023/html/Choi_Environment_Agnostic_Representation_for_Visual_Reinforcement_Learning_ICCV_2023_paper.html,The ECCV record and official ICCV 2023 proceedings identify Hyesong Choi with Ewha affiliation in the same vision research area.,CVPR; ICCV; ECCV; NeurIPS; ICLR; ICML; SIGGRAPH; SIGGRAPH Asia; IROS; ICRA; RA-L,2026-03-05T23:00:00+01:00,"Main-conference full paper or RA-L journal article published on or before the cutoff; first-listed authorship only. Workshops, posters, demos, abstracts, and unverified identity matches are excluded.",1,,,no,confirmed_not_first,1,partial,https://eccv.ecva.net/virtual/2026/poster/5759,At least one earlier eligible first-listed paper is verified. Exhaustive count still pending.
e4017fc196bfb479f173f387595d79e5,5761,ReflectCAP: Detailed Image Captioning with Reflective Memory,Kyungmin Min,Seoul National University,KOREAN_UNIVERSITY_GRAD_SCIENCE_INSTITUTE,cai_ruido7,resolved,https://andy9705.github.io/,"Kyungmin Min's official personal site identifies him as an SNU Artificial Intelligence PhD student and lists ReflectCAP: Detailed Image Captioning with Reflective Memory as his ECCV 2026 first-author paper, matching the queue name, SNU affiliation, and official ECCV record.",CVPR; ICCV; ECCV; NeurIPS; ICLR; ICML; SIGGRAPH; SIGGRAPH Asia; IROS; ICRA; RA-L,2026-03-05T23:00:00+01:00,"Main-conference full paper or RA-L journal article published on or before the cutoff; first-listed authorship only. Workshops, posters, demos, abstracts, and unverified identity matches are excluded.",0,0,,yes,confirmed_first,0,high,https://eccv.ecva.net/virtual/2026/poster/5761,"The official publication list was reviewed through the cutoff. Prior listed works are NAACL 2025 Findings, EMNLP 2025, COLING 2025, a NeurIPS workshop, and DSTC11; none is an eligible main-conference full paper or RA-L article. ECCV 2026 is after the cutoff. Exact prior eligible first-author count is zero."
3521a3a5bcfea0fe1189f8bc13af1f99,5764,Isotropic Embedding Perturbations for Robust Vision Language Encoders,Hyesong Choi,Ewha W. University,KOREAN_UNIVERSITY_GRAD_SCIENCE_INSTITUTE,cai_14z01lt,resolved,https://openaccess.thecvf.com/content/ICCV2023/html/Choi_Environment_Agnostic_Representation_for_Visual_Reinforcement_Learning_ICCV_2023_paper.html,The ECCV record and official ICCV 2023 proceedings identify Hyesong Choi with Ewha affiliation in the same vision research area.,CVPR; ICCV; ECCV; NeurIPS; ICLR; ICML; SIGGRAPH; SIGGRAPH Asia; IROS; ICRA; RA-L,2026-03-05T23:00:00+01:00,"Main-conference full paper or RA-L journal article published on or before the cutoff; first-listed authorship only. Workshops, posters, demos, abstracts, and unverified identity matches are excluded.",1,,,no,confirmed_not_first,1,partial,https://eccv.ecva.net/virtual/2026/poster/5764,At least one earlier eligible first-listed paper is verified. Exhaustive count still pending.
c9da108374dde45533baccabee5beb23,5790,Synthetic Sub-Aperture Phase Augmentation for Demosaicing 2×2 Shared Microlens Sensors,Jeisung Lee,Samsung,KOREAN_COMPANY,cai_1hmhnfq,unresolved,,"The official ECCV record links Jeisung Lee to Samsung for the demosaicing paper. Samsung patent records identify a Jeisung Lee as a Samsung Electronics image-sensor inventor, which is topical and affiliation-compatible, but no official personal or Samsung research profile conclusively links the ECCV author to that inventor.",CVPR; ICCV; ECCV; NeurIPS; ICLR; ICML; SIGGRAPH; SIGGRAPH Asia; IROS; ICRA; RA-L,2026-03-05T23:00:00+01:00,"Main-conference full paper or RA-L journal article published on or before the cutoff; first-listed authorship only. Workshops, posters, demos, abstracts, and unverified identity matches are excluded.",0,,,,blocked_on_identity_review,0,unresolved,https://eccv.ecva.net/virtual/2026/poster/5790,Identity cannot be safely resolved from name plus Samsung affiliation alone. Patent records are not eligible publications and are not counted.
1d033f2517f2915cbb88cf0a4ceb2611,5791,TanGO: Training-Free 3D Editing via Tangent-Space Guidance and Optimization,Siwoo Lim,KAIST,KOREAN_UNIVERSITY_GRAD_SCIENCE_INSTITUTE,cai_3e36ya,resolved,https://siw00-lim.github.io/,"Siwoo Lim's official personal site identifies him as an integrated PhD student at KAIST U-AIM and lists TanGO as an ECCV 2026 paper with Siwoo Lim first, matching the ECCV candidate and KAIST affiliation.",CVPR; ICCV; ECCV; NeurIPS; ICLR; ICML; SIGGRAPH; SIGGRAPH Asia; IROS; ICRA; RA-L,2026-03-05T23:00:00+01:00,"Main-conference full paper or RA-L journal article published on or before the cutoff; first-listed authorship only. Workshops, posters, demos, abstracts, and unverified identity matches are excluded.",0,,,,identity_resolved_prior_work_review_incomplete,0,partial,https://eccv.ecva.net/virtual/2026/poster/5791,"The official publication list contains only 2026 ICML/ECCV works, all after the 2026-03-05 cutoff; no eligible prior first-listed work was found there. Exact zero is not asserted because all scoped venues were not exhaustively reviewed."
5f26cc984eaa1376b07fc0439d531dba,5807,Context Blindness in DPO: Mitigating Object Hallucination in MLLMs via Context-Calibrated Preference Optimization,Byungoh Ko,Korea University,KOREAN_UNIVERSITY_GRAD_SCIENCE_INSTITUTE,cai_5k7e2r,resolved,https://dcollection.korea.ac.kr/public_resource/pdf/000000307913_20260421163300.pdf,"Official Korea University thesis record identifies Byungoh Ko in the same multimodal-LLM research area; the official ICCV 2025 paper lists Byungoh Ko with Korea University affiliation and matching ko990128@korea.ac.kr contact, linking the candidate to the publication identity.",CVPR; ICCV; ECCV; NeurIPS; ICLR; ICML; SIGGRAPH; SIGGRAPH Asia; IROS; ICRA; RA-L,2026-03-05T23:00:00+01:00,"Main-conference full paper or RA-L journal article published on or before the cutoff; first-listed authorship only. Workshops, posters, demos, abstracts, and unverified identity matches are excluded.",0,,,,identity_resolved_prior_work_review_incomplete,0,partial,https://eccv.ecva.net/virtual/2026/poster/5807,"At least one eligible prior first-listed? No: the verified ICCV paper lists Joonmyung Choi first, so it establishes prior coauthorship/identity but not prior first-listed authorship. No eligible prior first-listed work was found in this limited review; exact zero is not asserted. ECCV 2026 paper is after cutoff."
eb352bcf0192b4f307d42f4033208256,5809,LoCA: Spatially-Aware Low-Rank Convolutional Adaptation of Vision Foundation Models,Sojung An,Korea University,KOREAN_UNIVERSITY_GRAD_SCIENCE_INSTITUTE,cai_9kzriy,resolved,https://utl.korea.ac.kr/team/,"Korea University's official UTL team page identifies Sojung An as a PhD student with a Korea University email and computer-vision research interests; the UTL official publication list links her to the ECCV LoCA paper, matching the ECCV candidate.",CVPR; ICCV; ECCV; NeurIPS; ICLR; ICML; SIGGRAPH; SIGGRAPH Asia; IROS; ICRA; RA-L,2026-03-05T23:00:00+01:00,"Main-conference full paper or RA-L journal article published on or before the cutoff; first-listed authorship only. Workshops, posters, demos, abstracts, and unverified identity matches are excluded.",0,,,,identity_resolved_prior_work_review_incomplete,0,partial,https://eccv.ecva.net/virtual/2026/poster/5809,"The official UTL publication list shows earlier Sojung An works in an ICCV workshop and journal venues outside the scoped list, while LoCA/ECCV 2026 is after the cutoff. No eligible prior first-listed scoped paper was found in the reviewed official list; exact zero is not asserted."
0e762b65028402721e10bbc97ede52b7,5813,VideoSearch-R1: Iterative Video Retrieval and Reasoning via Soft Query Refinement,Seohyun Lee,Kaist,KOREAN_UNIVERSITY_GRAD_SCIENCE_INSTITUTE,cai_38vyss,resolved,https://www.seohyunleee.com/,"Seohyun Lee's official personal site identifies her as a KAIST School of Computing master's student, gives a kaist.ac.kr email, and describes multimodal/video research. The official KAIST MLV Lab people/publications pages identify Seohyun Lee and list her first on VideoSearch-R1, matching the ECCV candidate title and KAIST affiliation.",CVPR; ICCV; ECCV; NeurIPS; ICLR; ICML; SIGGRAPH; SIGGRAPH Asia; IROS; ICRA; RA-L,2026-03-05T23:00:00+01:00,"Main-conference full paper or RA-L journal article published on or before the cutoff; first-listed authorship only. Workshops, posters, demos, abstracts, and unverified identity matches are excluded.",0,,,,identity_resolved_prior_work_review_incomplete,0,partial,https://eccv.ecva.net/virtual/2026/poster/5813,No eligible pre-cutoff first-listed paper was found in the reviewed official personal site and KAIST MLV publication list. The list contains later 2026 works (including ECCV 2026 and CVPR 2026) that are after the cutoff or non-first-listed. Exact zero is not asserted because exhaustive review remains incomplete.
44680b5f7cefd57a0e580cfc11a9308f,5816,Unified Backbone Refinement for Diffusion Models via Internal-Latent Analysis,HAKSU LIM,Korea Advanced Institute of Science & Technology,KOREAN_UNIVERSITY_GRAD_SCIENCE_INSTITUTE,cai_ms06pb,unresolved,,"The ECCV accepted-paper listing and later preprint expose a similar Haksoo/Haksu Lim name, but no authoritative personal or institutional profile was found linking the candidate's KAIST affiliation to that publication identity. The later preprint is after the audit cutoff and is not counted.",CVPR; ICCV; ECCV; NeurIPS; ICLR; ICML; SIGGRAPH; SIGGRAPH Asia; IROS; ICRA; RA-L,2026-03-05T23:00:00+01:00,"Main-conference full paper or RA-L journal article published on or before the cutoff; first-listed authorship only. Workshops, posters, demos, abstracts, and unverified identity matches are excluded.",0,,,,blocked_on_identity_review,0,unresolved,https://eccv.ecva.net/virtual/2026/poster/5816,No eligible prior work was entered without person-level identity resolution. The ECCV 2026 paper is after the cutoff and is not counted.
c89f28fe875efcf36c8973a7f81bfbb0,5826,TDSR-VLA: Transition-aware Denoising Sequence Representations for Vision-Language-Action,Dong-Woo Kim,Korea University,KOREAN_UNIVERSITY_GRAD_SCIENCE_INSTITUTE,cai_4momyb,resolved,https://mintlab.korea.ac.kr/TDSR-VLA/index.html,"The official TDSR-VLA project page identifies Dongwoo Kim as a co-first author and lists the Korea University Department of Mechanical Engineering affiliation, matching the ECCV queue candidate (Dong-Woo Kim, Korea University).",CVPR; ICCV; ECCV; NeurIPS; ICLR; ICML; SIGGRAPH; SIGGRAPH Asia; IROS; ICRA; RA-L,2026-03-05T23:00:00+01:00,"Main-conference full paper or RA-L journal article published on or before the cutoff; first-listed authorship only. Workshops, posters, demos, abstracts, and unverified identity matches are excluded.",0,,,,identity_resolved_prior_work_review_incomplete,0,partial,https://eccv.ecva.net/virtual/2026/poster/5826,The official project record is for the ECCV 2026 paper itself and therefore is not a prior work under the cutoff. No qualifying pre-cutoff first-listed paper was found in the reviewed official record; an exhaustive CV/publication ledger was not available.
ef95afafde712120bb708d12b6217a9a,5841,Bounding-Box Trajectories Matter for Video Anomaly Detection,Inpyo Song,SungKyunKwan University,KOREAN_UNIVERSITY_GRAD_SCIENCE_INSTITUTE,cai_19a1klw,resolved,https://songinpyo.github.io/,"Inpyo Song's official homepage identifies him as a Sungkyunkwan University PhD student advised by Jangwon Lee and lists the exact ECCV 2026 queue title. The same official publication page lists SFTrack with Inpyo Song first, matching the candidate's topic and affiliation.",CVPR; ICCV; ECCV; NeurIPS; ICLR; ICML; SIGGRAPH; SIGGRAPH Asia; IROS; ICRA; RA-L,2026-03-05T23:00:00+01:00,"Main-conference full paper or RA-L journal article published on or before the cutoff; first-listed authorship only. Workshops, posters, demos, abstracts, and unverified identity matches are excluded.",1,,,no,confirmed_not_first,1,partial,https://eccv.ecva.net/virtual/2026/poster/5841,"One eligible prior first-listed work was verified (SFTrack, IROS 2024), establishing a positive lower bound. Exact prior count is not asserted because exhaustive review remains pending; WACV 2025 and workshop papers are outside this audit's venue scope."
770148201c79c84e752d0b31aebdabc7,5853,Token-level Response-visual Attention Guidance for Multimodal LLMs Knowledge Distillation,Jaehyun Jang,KAIST,KOREAN_UNIVERSITY_GRAD_SCIENCE_INSTITUTE,cai_1fkh01b,resolved,https://jhjangjh.github.io/,"Official personal profile identifies Jaehyun Jang as a KAIST AI Systems PhD student and lists the exact ECCV queue title as a first-author paper. The profile explicitly states this is his first first-author paper, matching the queue identity and affiliation.",CVPR; ICCV; ECCV; NeurIPS; ICLR; ICML; SIGGRAPH; SIGGRAPH Asia; IROS; ICRA; RA-L,2026-03-05T23:00:00+01:00,"Main-conference full paper or RA-L journal article published on or before the cutoff; first-listed authorship only. Workshops, posters, demos, abstracts, and unverified identity matches are excluded.",0,,,,identity_resolved_prior_work_review_incomplete,0,partial,https://eccv.ecva.net/virtual/2026/poster/5853,The official publication list and explicit first-first-author statement support an exact zero of prior eligible first-listed papers through the 2026-03-05 cutoff. ICML 2026 and Sensors items are after cutoff or outside scope.
86f01e5c7135b53cf58b68d44c449156,5854,Prune Once: Retraining-Free Task-Agnostic Pruning for Vision-Language Models,Kang MinSeok,Chung-Ang University,KOREAN_UNIVERSITY_GRAD_SCIENCE_INSTITUTE,cai_176x63n,unresolved,,"The exact 2026 ECCV work appears under the normalized author name Minseok Kang and is associated in public announcement material with Chung-Ang HAI Lab, but no authoritative institutional/personal profile was located to resolve the candidate identity.",CVPR; ICCV; ECCV; NeurIPS; ICLR; ICML; SIGGRAPH; SIGGRAPH Asia; IROS; ICRA; RA-L,2026-03-05T23:00:00+01:00,"Main-conference full paper or RA-L journal article published on or before the cutoff; first-listed authorship only. Workshops, posters, demos, abstracts, and unverified identity matches are excluded.",0,,,,blocked_on_identity_review,0,unresolved,https://eccv.ecva.net/virtual/2026/poster/5854,The ECCV 2026 paper is after cutoff and excluded; no eligible prior first-listed work verified.
7967d550a306a50276991b19ddb4d72e,5874,WiFi-JEPA: Self-supervised Learning for WiFi-CSI 3D Human Pose Estimation,Doeon Kim,Soongsil university,KOREAN_UNIVERSITY_GRAD_SCIENCE_INSTITUTE,cai_oxumrd,resolved,https://kimdoeon.github.io/,Official personal homepage identifies Doeon Kim (김도언) as a Soongsil University Ph.D. student in the VIP Lab/SmartAILab and lists the queue's WiFi-JEPA ECCV 2026 paper as first author.,CVPR; ICCV; ECCV; NeurIPS; ICLR; ICML; SIGGRAPH; SIGGRAPH Asia; IROS; ICRA; RA-L,2026-03-05T23:00:00+01:00,"Main-conference full paper or RA-L journal article published on or before the cutoff; first-listed authorship only. Workshops, posters, demos, abstracts, and unverified identity matches are excluded.",0,,,,identity_resolved_prior_work_review_incomplete,0,partial,https://eccv.ecva.net/virtual/2026/poster/5874,"No eligible prior top-tier first-listed paper was found on the official profile/CV-linked publication record. The site lists ECCV 2026, later 2026 preprints, and under-review work; because the available CV/publication page is not an exhaustive historical bibliography, exact zero cannot be asserted."
8d0edb3d066ad2480d1f7aa966f0fd52,5875,Breaking High Confidence: Practical Face Impersonation under High-Security Thresholds,Changjin Kim,Hanyang University,KOREAN_UNIVERSITY_GRAD_SCIENCE_INSTITUTE,cai_naliiu,resolved,https://cryptology-algorithm-lab.github.io/,"Hanyang University's official Cryptology & Algorithm Lab identifies Changjin Kim as a lab member and links the candidate's research activity to the Hanyang group. The CVPR Open Access record for LAN lists Changjin Kim first and gives Hanyang affiliations, matching the ECCV Hanyang candidate.",CVPR; ICCV; ECCV; NeurIPS; ICLR; ICML; SIGGRAPH; SIGGRAPH Asia; IROS; ICRA; RA-L,2026-03-05T23:00:00+01:00,"Main-conference full paper or RA-L journal article published on or before the cutoff; first-listed authorship only. Workshops, posters, demos, abstracts, and unverified identity matches are excluded.",1,1,,no,confirmed_not_first,1,high,https://eccv.ecva.net/virtual/2026/poster/5875,One eligible prior first-listed paper is verified; AAAI 2026 GuidNoise is after the cutoff and is outside the fixed venue scope. ICTC and CoRR records are also outside scope.
323e403f79d8cdb24a2480338f6ea9d6,5880,SPECSIA: Stylization Dataset for Novel-View Enhancement in Drawing-based 3D Animation,Kyuwon Kim,KAIST,KOREAN_UNIVERSITY_GRAD_SCIENCE_INSTITUTE,cai_wmhgsr,resolved,https://rbdnjs7830.github.io/,"Kyuwon Kim's official personal site identifies him as a KAIST Electrical Engineering master's student in the U-AIM Lab and lists SPECSIA as his ECCV 2026 paper, matching the queue affiliation and official ECCV record.",CVPR; ICCV; ECCV; NeurIPS; ICLR; ICML; SIGGRAPH; SIGGRAPH Asia; IROS; ICRA; RA-L,2026-03-05T23:00:00+01:00,"Main-conference full paper or RA-L journal article published on or before the cutoff; first-listed authorship only. Workshops, posters, demos, abstracts, and unverified identity matches are excluded.",0,0,,yes,confirmed_first,0,high,https://eccv.ecva.net/virtual/2026/poster/5880,"The official personal publication list was reviewed through the cutoff. Its only pre-cutoff item is a 2025 Journal of the IEIE paper, outside the defined venue scope; ECCV 2026 is after the cutoff. Exact prior eligible first-author count is zero. A separate similarly named KAIST mathematics student is not merged because the affiliation, lab, and research topic do not match."
d1efdc26e7d42a249391d16f255b2060,5909,Structured Redundancy Modeling for Efficient Visual Token Pruning in High-Resolution MLLMs,Jouwon Song,LG Corporation,KOREAN_COMPANY,cai_10csqcn,resolved,https://openreview.net/profile?id=~Jou-Won_Song1,OpenReview's researcher profile identifies Jouwon (Jou-Won) Song as an AI engineer at LG Corporation and records confirmed LG email/career history. The official ICLR 2026 paper PDF corroborates the same LG affiliation and author spelling. The target ECCV 2026 title is also linked from the identity's public professional record.,CVPR; ICCV; ECCV; NeurIPS; ICLR; ICML; SIGGRAPH; SIGGRAPH Asia; IROS; ICRA; RA-L,2026-03-05T23:00:00+01:00,"Main-conference full paper or RA-L journal article published on or before the cutoff; first-listed authorship only. Workshops, posters, demos, abstracts, and unverified identity matches are excluded.",0,0,,yes,confirmed_first,0,high,https://eccv.ecva.net/virtual/2026/poster/5909,No qualifying prior first-listed paper found. ICLR 2026 AgilePruner lists Changwoo Baek first and its proceedings date is after the 2026-03-05 cutoff; NeurIPS 2025 ER is a workshop; JBE 2026 is outside venue scope. Target ECCV 2026 is after cutoff.
62ef6dc6cdbfc1c60305b7d3d9a420a6,5928,Horizon3D: Sparse Radar-Camera Fusion for Long-Range 3D Perception in Autonomous Driving,Geonho Bang,Seoul National University,KOREAN_UNIVERSITY_GRAD_SCIENCE_INSTITUTE,cai_1sefwgj,resolved,https://geonhobang.github.io/,Official personal page identifies Geonho Bang as a PhD student working in Jun Won Choi's lab and lists radar-camera 3D perception publications; this is compatible with the ECCV record's Seoul National University affiliation and Horizon3D autonomous-driving topic.,CVPR; ICCV; ECCV; NeurIPS; ICLR; ICML; SIGGRAPH; SIGGRAPH Asia; IROS; ICRA; RA-L,2026-03-05T23:00:00+01:00,"Main-conference full paper or RA-L journal article published on or before the cutoff; first-listed authorship only. Workshops, posters, demos, abstracts, and unverified identity matches are excluded.",2,,,no,confirmed_not_first,2,partial,https://eccv.ecva.net/virtual/2026/poster/5928,"One verified eligible first-listed CVPR 2024 paper establishes that this author is not first-time in the defined prior-work scope. The personal page also lists two ICRA 2024 papers, one first-listed and one third-listed; no exhaustive cross-index review was attempted."
0ef1989779e89d8c5a6c5f0df6929b39,5948,Multi-scale Mixture of World Models for Embodied Agents in Evolving Environments,Jinwoo Jang,Sungkyunkwan University,KOREAN_UNIVERSITY_GRAD_SCIENCE_INSTITUTE,cai_17oxlre,resolved,https://csiagentgroup.com/,"The official CSI-Agent Group at Sungkyunkwan University lists Jinwoo Jang as first author of the ECCV 2026 paper Multi-scale Mixture of World Models for Embodied Agents in Evolving Environments, matching the queue's SKKU affiliation and paper title/topic.",CVPR; ICCV; ECCV; NeurIPS; ICLR; ICML; SIGGRAPH; SIGGRAPH Asia; IROS; ICRA; RA-L,2026-03-05T23:00:00+01:00,"Main-conference full paper or RA-L journal article published on or before the cutoff; first-listed authorship only. Workshops, posters, demos, abstracts, and unverified identity matches are excluded.",0,,,,identity_resolved_prior_work_review_incomplete,0,partial,https://eccv.ecva.net/virtual/2026/poster/5948,The official lab page confirms the ECCV identity but does not expose a complete dated prior-publication CV. No qualifying prior first-author work was verified from the accessible official material; this is not an exact zero.
0a4037dd1cee5b46ec30bb860eea84a4,5958,Remembering Across Blocks: Topology-Conditioned Block-Progressive Memory for Skeleton-Based Action Recognition,Seonho Lee,Sogang university,KOREAN_UNIVERSITY_GRAD_SCIENCE_INSTITUTE,cai_1b0qrk4,resolved,https://glanceyes.github.io/,Seonho Lee's official personal site identifies him as a Sogang University graduate and KAIST master's student and lists the candidate's 3D-aware vision-language research collaborators and profile context. The official KAIST CVML publication list independently lists Seonho Lee on the relevant CVPR 2025 paper.,CVPR; ICCV; ECCV; NeurIPS; ICLR; ICML; SIGGRAPH; SIGGRAPH Asia; IROS; ICRA; RA-L,2026-03-05T23:00:00+01:00,"Main-conference full paper or RA-L journal article published on or before the cutoff; first-listed authorship only. Workshops, posters, demos, abstracts, and unverified identity matches are excluded.",0,,,,identity_resolved_prior_work_review_incomplete,0,partial,https://eccv.ecva.net/virtual/2026/poster/5958,"The official CVML publication list shows Fine-Grained Image-Text Correspondence (CVPR 2025) with Jiho Choi first and Seonho Lee second; other listed works are workshops, Findings, or post-cutoff. No verified eligible prior first-listed paper was found, but exact zero is not asserted without an exhaustive CV."
