candidate_identity_key,identity_resolution_status,identity_profile_url,identity_evidence_summary,prior_work_review_completeness,count_confidence,notes
cai_1018n5o,resolved,https://cvlab.kaist.ac.kr/members/students,"KAIST CVLab's official student directory identifies Jini Yang as a Ph.D. student with KAIST email and event-based vision/video diffusion interests. The official CVLab publication list identifies her as first author of the ECCV candidate TETO paper, matching the candidate name and KAIST affiliation.",incomplete,partial,"No eligible prior first-listed paper was found in the reviewed official CVLab publication material. SpikeMatch is listed without an eligible in-scope venue, and later ECCV 2026 work is after the cutoff; exact zero is not asserted because exhaustive all-venue review remains incomplete."
cai_1054qqb,unresolved,,"The official ECCV 2026 accepted-paper listing confirms Suyoung Yang as author of the candidate title, but searches did not locate an authoritative Yonsei personal or institutional profile linking this name to the candidate identity.",incomplete,unresolved,No prior work was counted because the identity could not be verified. The ECCV 2026 paper is after the cutoff and is not counted.
cai_10csqcn,resolved,https://openreview.net/profile?id=~Jou-Won_Song1,OpenReview's researcher profile identifies Jouwon (Jou-Won) Song as an AI engineer at LG Corporation and records confirmed LG email/career history. The official ICLR 2026 paper PDF corroborates the same LG affiliation and author spelling. The target ECCV 2026 title is also linked from the identity's public professional record.,complete,high,No qualifying prior first-listed paper found. ICLR 2026 AgilePruner lists Changwoo Baek first and its proceedings date is after the 2026-03-05 cutoff; NeurIPS 2025 ER is a workshop; JBE 2026 is outside venue scope. Target ECCV 2026 is after cutoff.
cai_10dcrrm,resolved,https://seonmip.github.io/,"Seonmi Park's official GIST personal site identifies her as a GIST AI Convergence Ph.D. student and lists the exact ECCV 2026 OnOff candidate paper first-authored by Park, plus the prior ECCV 2024 KineTy paper also first-authored by Park; affiliation, topic, and collaborator history match.",incomplete,partial,KineTy is a verified eligible prior ECCV 2024 main-conference paper with Seonmi Park first-listed. The ECCV 2026 OnOff candidate is after the cutoff and excluded. One verified prior establishes that the candidate is not first-author-free; exact count remains unreviewed.
cai_10q2myd,resolved,https://smk11602.github.io/,"Official personal site identifies Mingyeong Song as an Ewha Womans University PAI Lab MS student, with 3D vision/human-centric interaction interests and the JointHOI ECCV 2026 paper. Ewha PAI's official publications and people pages independently match the name, institution, advisor, and paper.",complete,high,Official personal and lab publication lists show JointHOI (ECCV 2026) and SIREN (ICASSP 2026); neither is a prior eligible scoped paper before the cutoff (ICASSP is out of scope and 2026 timing is after cutoff). Exact prior eligible first-author count is 0.
cai_112zspb,resolved,https://bbangsik13.github.io/,"Official personal site identifies Youngsik Yun as a Yonsei University integrated-PhD researcher in 3D/4D reconstruction and lists the ECCV 2026 paper with the same name, topic, and Yonsei affiliation.",complete,high,The official publication list was reviewed against the scoped venues and 2026-03-05 cutoff. The SIGGRAPH 2025 paper is first-listed and establishes not-first status; no exact count is needed for the binary result. ECCV 2026 and the ECCV 2024 workshop are excluded.
cai_11rcyvl,resolved,https://sungjune-kim.github.io/,Sungjune Kim's official personal site identifies him as a Korea University PhD student and lists the ECCV 2026 candidate title; the official CV on that site and CVPR/ECVA proceedings match the same Korea University identity and research collaborators.,incomplete,partial,"At least two eligible prior first-listed main-conference papers are verified. Review is not exhaustive across all scoped venues, so no exact count is asserted. ECCV 2026 is after cutoff."
cai_11z16or,resolved,https://cvlab.uos.ac.kr/,The official University of Seoul Computer Vision Lab page identifies Moonyeon Jeong as a lab member and lists ViewSplat as her ECCV 2026 first-author paper; official UOS news describes her as the undergraduate lead author. This matches the ECCV queue affiliation and title.,complete,high,The official UOS CVLab publication page lists ViewSplat and the lab's complete earlier venue publications; Moonyeon Jeong does not appear on any earlier listed eligible work. The ECCV 2026 item is after the cutoff and excluded. Exact zero prior eligible first-author count is therefore supported by the official lab publication list.
cai_12doui9,resolved,https://sites.google.com/view/saad-wazir?authuser=0,The personal homepage identifies Saad Wazir at KAIST AI2 Lab and lists both CVPR 2025 and ECCV 2026; the KAIST lab publication list independently records the CVPR paper.,incomplete,partial,At least one earlier eligible first-listed paper is verified. Exhaustive count still pending.
cai_12g2vk1,resolved,https://seongminjung.github.io/,"Seongmin Jung's official personal site identifies him as an SNU Robot Vision Lab master's student and lists the exact ECCV 2026 PanoGrounder title with Seongmin Jung first, matching the ECVA candidate's Seoul National University affiliation and 3D-vision topic.",incomplete,partial,"The official profile lists no eligible pre-cutoff top-tier first-author paper; the only listed research paper is the ECCV 2026 candidate itself (after the cutoff), while another item is in preparation. Exact zero is not asserted because no exhaustive dated CV was available."
cai_12hulj8,resolved,https://jeongyh98.github.io/,"Official personal site identifies Yuhwan Jeong as a KAIST Mechanical Engineering PhD student and lists FrozenDrive with the same title, author order, and KAIST context as the ECCV candidate.",complete,high,Official publication list reviewed through cutoff. Verified eligible first-listed works are ICCV 2025 Robust Adverse Weather Removal and ECCV 2024 Towards robust event-based networks (equal-first). The ICCV 2023 Non-coaxial work is non-first for Yuhwan Jeong. Exact prior eligible first-author count is 2; CVPR 2024/2026 works are non-first or after cutoff. QA removed non-qualifying evidence rows; count reflects first-listed eligible works only.
cai_12jd1n6,resolved,https://sail.kaist.ac.kr/en/people/soyeon-kim,"The official KAIST SAIL profile identifies Soyeon Kim as a KAIST PhD student, gives the same feature-attribution research area, and lists Diffusion Integrated Gradients as her ECCV 2026 first-author paper, matching the ECCV candidate and KAIST affiliation.",incomplete,partial,"The official KAIST SAIL publication list records Soyeon Kim as a non-first author on ICML 2021 and first author on non-scoped HCII 2023, AIES/PLOS Climate 2025, while ICML/KDD/ECCV 2026 entries are after the cutoff. No eligible prior first-listed scoped work was found in the reviewed official list; exact zero is not asserted."
cai_12ozdml,resolved,https://ug-kim.github.io/,Official personal site identifies Yu-Ji Kim as a POSTECH AI PhD student advised by Tae-Hyun Oh and lists the ECCV 2026 Image SplatReasoner paper matching the candidate.,incomplete,partial,The official publication list shows no prior eligible first-listed work. CVPR 2025 and ICCV 2023 works list Yu-Ji Kim after the first author; ECCV 2022 lists Kim Jun-Seong first with Yu-Ji Kim equal-contributing second. BMVC is out of scope. Exact prior eligible first-author count is 0.
cai_12x2ya,resolved,https://bryanswkim.github.io/,The personal CV and homepage explicitly connect Bryan Sangwoo Kim at KAIST AI with the ECCV paper Tiled Prompts and list the complete pre-cutoff publication record.,complete,high,One eligible first-listed NeurIPS 2025 paper is listed before the cutoff. The equal-contribution but second-listed CVPR 2025 paper is recorded separately and excluded from the primary count.
cai_131dxvq,resolved,https://junsung6140.github.io/,Junseong Shin's official personal site identifies him as a Hanyang University VILAB PhD student and lists the matching ECCV 2026 PRISM paper; the profile also lists HazeFlow with matching research area and affiliation.,incomplete,partial,One eligible prior first-listed main-conference paper was verified. Review was not exhaustive across every in-scope venue; ECCV 2026 PRISM is after cutoff and excluded.
cai_135jdof,resolved,https://kaist-viclab.github.io/,The ECCV record and KAIST VICLab publication list identify Geunhyuk Youk at KAIST in the same video-restoration research group.,incomplete,partial,At least one earlier eligible first-listed paper is verified. Exhaustive count still pending.
cai_13hpuu3,resolved,https://vi.kaist.ac.kr/pages/people/,Official KAIST Visual Intelligence Lab page identifies Youngho Kim as a KAIST Mechanical Engineering master's student with kmax2001@kaist.ac.kr. Official GoStop project/arXiv record lists Youngho Kim first and matches the ECCV candidate.,incomplete,partial,No eligible prior first-listed work found in limited official review; exact zero not asserted. GoStop ECCV 2026 is post-cutoff.
cai_14hrbwy,resolved,https://www.kaistdmlab.org/members,"Official KAIST Data Mining Lab members page identifies Youngjun Lee as an InnoCore Postdoc; the lab's official paper page lists him first on ECCV 2026 CURE, matching title and KAIST affiliation.",incomplete,partial,At least one eligible prior first-listed paper verified; exact count not asserted. RA-TTA is ICLR 2025 first-listed; identified ICML/NeurIPS/KDD works list him non-first.
cai_14mb7nm,resolved,https://oddqueue.github.io/,"Official personal site identifies Sangkyu Lee as a KIST AI and Robotics Institute research scientist intern, with Yonsei degrees and the exact ECCV 2026 STAR title as first-listed author. The site also lists the prior NeurIPS 2025 KL Penalty Control paper as first-listed; the official NeurIPS proceedings PDF confirms name, affiliation, and author order.",complete,high,One eligible prior first-listed work is verified: NeurIPS 2025. ECCV 2026 and CoRL 2026 are after the cutoff; ACL and AAAI are outside the defined venue scope.
cai_14o5u5o,resolved,https://pubmed.ncbi.nlm.nih.gov/41520577/,"The official PubMed record identifies Jonghun Kim as first author and Sungkyunkwan University/Center for Neuroscience Imaging Research affiliate on a medical-image synthesis paper, matching the ECCV queue's medical-image topic and affiliation.",incomplete,partial,"No eligible prior top-tier first-listed paper was located in the official PubMed/arXiv records reviewed. The available records are not an exhaustive official CV, so exact zero is not asserted. The 2026 ECCV paper itself is after the cutoff."
cai_14sbmjs,resolved,https://yonsei.elsevierpure.com/en/publications/anatomical-consistency-and-adaptive-prior-informed-transformation/,"Yonsei University's official research repository identifies Yejee Shin as the first author of a CVPR 2025 medical-imaging paper and gives the matching MRI/diffusion research topic and Yonsei affiliation. The official ECCV record identifies Yejee Shin first on the candidate 2026 paper; the name, institution, and research line are compatible.",incomplete,partial,"One eligible prior first-listed CVPR paper was verified. The official-profile/proceedings review was not exhaustive across all scoped venues, so exact count is not asserted. ECCV 2026 is after the cutoff."
cai_14v5ugr,resolved,https://openaccess.thecvf.com/content/WACV2025/html/Park_Explicit_Guidance_for_Robust_Video_Frame_Interpolation_against_Discontinuous_Motions_WACV_2025_paper.html,"The official WACV 2025 proceedings record identifies JaeHyun Park with Seoul National University/IPAI affiliation and first author order. The ECCV accepted-paper record lists the queue title with the same JaeHyun Park and Nam Ik Cho collaboration, resolving the candidate to SNU.",incomplete,partial,One verified eligible prior first-listed work is sufficient to classify this candidate as not first-time under the audit rule. QA removed non-qualifying evidence rows; count reflects first-listed eligible works only.
cai_14z01lt,resolved,https://openaccess.thecvf.com/content/ICCV2023/html/Choi_Environment_Agnostic_Representation_for_Visual_Reinforcement_Learning_ICCV_2023_paper.html,The ECCV record and official ICCV 2023 proceedings identify Hyesong Choi with Ewha affiliation in the same vision research area.,incomplete,partial,At least one earlier eligible first-listed paper is verified. Exhaustive count still pending.
cai_14zol5l,resolved,https://dannyboy0103.github.io/,"Donghyun Kim's official personal publication page lists the ECCV 2026 Delaunay Canopy paper and the AAAI 2025 PLATYPUS paper, and the official project page confirms Yonsei University and Emory University affiliations, matching the queue candidate.",incomplete,partial,"The only earlier first-listed work found in the official personal page is PLATYPUS at AAAI 2025, outside the fixed venue scope. Delaunay Canopy is ECCV 2026 and after the cutoff. No qualifying prior first-listed work was confirmed, but the available page is not an exhaustive CV."
cai_15hmn5b,resolved,https://micv.yonsei.ac.kr/members,"Yonsei University's official MICV members page lists Kyobin Choo as an MS/PhD student in Computer Science with medical-imaging and diffusion-model research. The official MICCAI 2025 proceedings also list the same Kyobin Choo and Yonsei affiliation, matching the ECCV candidate's research identity.",incomplete,partial,No eligible scoped prior first-listed paper was verified. MICCAI 2025 papers found are outside the defined venue scope; exact zero is not asserted. ECCV 2026 paper is after cutoff.
cai_160v8n0,resolved,https://davian.kaist.ac.kr/people,"The official KAIST DAVIAN people page identifies Hoiyeong Jin as a computer-vision/generative-models researcher and gives a KAIST email. The DAVIAN publication page lists InsertAnywhere with Hoiyeong Jin first, matching the ECCV candidate title and affiliation.",incomplete,partial,"PromptDresser is an ICCV 2025 paper but Hoiyeong Jin is second-listed; InsertAnywhere is the ECCV 2026 target and after the cutoff. No earlier eligible first-listed work was found on the official lab pages, but the review is not exhaustive."
cai_1672kz7,resolved,https://sites.google.com/view/cau-cvml/cvmlcau/jinhong?authuser=0,"Jin Hong's official Chung-Ang University CVML lab profile lists the ECCV 2026 C3ASD paper and a dated publication history. The profile's affiliation, collaborators, and active-speaker/vision topics match the ECCV candidate record.",complete,high,"The official personal/lab publication list was reviewed through the cutoff. Pre-cutoff works are ESWA 2022/2024, Applied Sciences 2021, AVSS 2025, and an ACCV workshop; none is in the fixed eligible venue scope. No prior eligible first-listed paper was found."
cai_168kmvb,resolved,https://daeyeonkr.github.io/,"Daeyeon Kim's official personal site identifies the author as an M.S. student in POSTECH Computer Graphics Lab, advised by Sunghyun Cho, with interests in novel-view synthesis and 3D reconstruction. The same page lists REON-NVS with the exact queue title and Daeyeon Kim first in the author list.",incomplete,partial,"The official page lists a CVPR 2026 paper where Daeyeon Kim is not first, but CVPR 2026 is after the cutoff and therefore not counted. No eligible prior first-listed work was verified in this limited pass; exhaustive review remains pending."
cai_16kt7l8,resolved,https://on-jungwoan.github.io/,"Jeongwan On's official personal site identifies him as a UNIST AIGS/UNIST Vision and Learning Lab student, with research in 3D human mesh reconstruction; it lists the ECCV 2026 Multi-THuMBS paper and the prior CVPR 2025 BIGS paper. This matches the queue name, UNIST affiliation, and ECCV title.",incomplete,partial,"A prior eligible first-listed CVPR paper is verified, establishing a non-zero prior count. Exact all-venue count was not exhaustively established; ECCV 2026 is after the cutoff and excluded."
cai_16lmauc,resolved,https://hleephilip.github.io/full-profile/,"Hyunsoo Lee's official personal profile identifies him as an SNU Electrical and Computer Engineering undergraduate/researcher and lists the ECCV candidate paper Accelerated Likelihood Maximization with Hyunsoo Lee first. The profile also lists his prior NeurIPS 2023 work, matching the official NeurIPS proceedings.",incomplete,partial,One verified eligible prior first-listed work is sufficient to establish that this candidate is not a first-time top-tier first author. Exact count remains unasserted because the review was not exhaustive; the ECCV 2026 paper itself is after the cutoff and excluded.
cai_174cqdx,resolved,https://lthilnklover.github.io/,"Official personal profile identifies Joo Young Choi as a KRAFTON AI deep-learning researcher and lists the ECCV 2026 target paper. KRAFTON's official publications page lists the same ECCV paper and author sequence. The profile lists ICML 2023 and ICML 2022 papers where Choi is not first-listed, and workshops/TMLR items that are out of scope.",complete,high,No eligible prior first-listed paper found. ICML 2023 Rotation and Translation Invariant Representation Learning lists Sehyun Kwon first; ICML 2022 Neural Tangent Kernel Analysis lists Jongmin Lee first. NeurIPS 2023 Workshop and TMLR are excluded.
cai_176x63n,unresolved,,"The exact 2026 ECCV work appears under the normalized author name Minseok Kang and is associated in public announcement material with Chung-Ang HAI Lab, but no authoritative institutional/personal profile was located to resolve the candidate identity.",incomplete,unresolved,The ECCV 2026 paper is after cutoff and excluded; no eligible prior first-listed work verified.
cai_17clweh,resolved,https://kwonyoung9120.github.io/,"Kwonyoung Ryu's official personal site identifies him as a POSTECH AI Ph.D. candidate, gives his 3D scene understanding research profile, and lists the ECCV 2026 paper and earlier CVPR 2023 paper. The ECCV accepted-paper listing confirms the candidate title and author order.",incomplete,partial,"One eligible prior first-listed CVPR paper was verified. The review was not exhaustive across every scoped venue, so an exact count is not asserted. The ECCV 2026 paper is after the cutoff and is not counted."
cai_17oxlre,resolved,https://csiagentgroup.com/,"The official CSI-Agent Group at Sungkyunkwan University lists Jinwoo Jang as first author of the ECCV 2026 paper Multi-scale Mixture of World Models for Embodied Agents in Evolving Environments, matching the queue's SKKU affiliation and paper title/topic.",incomplete,partial,The official lab page confirms the ECCV identity but does not expose a complete dated prior-publication CV. No qualifying prior first-author work was verified from the accessible official material; this is not an exact zero.
cai_180le5h,resolved,https://proceedings.neurips.cc/paper_files/paper/2024/hash/9e770fcdb456400325c11d58b3a04d08-Abstract-Conference.html,"The official NeurIPS proceedings record identifies Dongsu Song as first author of the 2024 main-conference paper and the official paper PDF gives Korea Aerospace University as his affiliation, matching the queue candidate.",incomplete,medium,One verified eligible prior first-listed work is sufficient to establish that the candidate is not first-time under the audit rule. Exact total count is not asserted because no complete authoritative publication ledger was located.
cai_181h3s9,resolved,https://cvlab.yonsei.ac.kr/publications/,"Yonsei Computer Vision Lab's official publication page lists Hyekang Park's 2026 ECCV paper and prior ICCV 2023 ACLS paper, matching the Yonsei candidate. The official ICCV record confirms the first-listed authorship and Yonsei affiliation.",complete,high,One eligible prior first-listed work is verified; the 2026 ECCV target is after the cutoff and excluded. The lab's official publication list was checked for earlier in-scope first-author entries.
cai_1849jvr,resolved,https://www.ciplab.kr/members/students,"Official Yonsei University Computational Intelligence & Photography Lab student page lists Jinho Kim under Generative Photography. The lab's official homepage identifies the ECCV 2026 DOME-HDR paper and Jinho Kim as its first author, matching the ECCV candidate affiliation and topic.",incomplete,partial,"The official lab roster and publication homepage were reviewed; they show the ECCV 2026 DOME-HDR work and no earlier qualifying work for Jinho Kim. Since no complete personal CV/publication list was located, exact zero is not asserted."
cai_18buty,resolved,https://robot0321.github.io/,"Jaeyoung Chung's official personal site identifies him as an SNU Computer Vision Lab PhD student and lists Map2World, matching the ECCV candidate. The SNU CVLab student page independently lists Jaeyoung Chung with the same email/research area. Official CVF metadata verifies OmniSplat (CVPR 2025), but Chung is second-listed, not first-listed.",complete,partial,No eligible prior first-listed paper was found in the official personal publication list and institutional profile review. OmniSplat (CVPR 2025) is eligible but Jaeyoung Chung is second-listed; Depth-Regularized Optimization is CVPR Workshop 2024 and excluded. ECCV 2026 is after the cutoff.
cai_18cbfg7,resolved,https://oweixx.github.io/,"Min Hyeok Bang's official personal site identifies him as a Jeonbuk National University computer-science undergraduate and lists Geometry-Aware Style Transfer in 3D Gaussian Splatting as his ECCV 2026 paper, matching the queue affiliation and official ECCV record. The JBNU VILab page independently confirms the student and paper context.",complete,high,"The official personal publication list contains only the ECCV 2026 paper, which is after the 2026-03-05 cutoff. The official VILab page confirms the same work and student context. Exact prior eligible first-author count is zero."
cai_18fxd9z,resolved,https://ahngeo.github.io/,"Geo Ahn's official personal page identifies him as a recent Kyung Hee University CSE MS graduate advised by Jinwoo Choi and lists the exact ECCV 2026 queue paper as first author. The same page lists DEVIAS at ECCV 2024 with Geo Ahn first, establishing a verified eligible prior.",complete,high,DEVIAS is the verified earlier eligible first-listed paper. The personal publication list also shows only excluded workshop/preprint items besides the ECCV 2024 paper and the post-cutoff ECCV 2026 paper.
cai_18w3st,unresolved,,"The ECCV 2026 ProSR result identifies a Byoungwoo Kim, but available search results did not provide an official KAIST/personal profile establishing that this person is the candidate in the queue.",incomplete,unresolved,No eligible prior work entered without authoritative identity linkage. The ProSR ECCV 2026 result is after the cutoff and is not counted.
cai_18x3r1d,resolved,https://mlv.korea.edu/people,The Korea University lab roster identifies Dogyun Park and the official ICLR 2024 proceedings list the same name with Korea University affiliation.,incomplete,partial,At least one earlier eligible first-listed paper is verified. Exhaustive count still pending.
cai_19a1klw,resolved,https://songinpyo.github.io/,"Inpyo Song's official homepage identifies him as a Sungkyunkwan University PhD student advised by Jangwon Lee and lists the exact ECCV 2026 queue title. The same official publication page lists SFTrack with Inpyo Song first, matching the candidate's topic and affiliation.",incomplete,partial,"One eligible prior first-listed work was verified (SFTrack, IROS 2024), establishing a positive lower bound. Exact prior count is not asserted because exhaustive review remains pending; WACV 2025 and workshop papers are outside this audit's venue scope."
cai_19ar351,resolved,https://yeolj00.github.io/,Official personal profile identifies Jooyeol Yun as a KAIST AI PhD candidate supervised by Jaegul Choo and lists the ECCV 2026 ReDesign target paper. KAIST's DAVIAN people page independently lists Jooyeol Yun with KAIST email and computer-vision/computational-photography research.,complete,high,No eligible prior first-listed paper found. ICCV 2023 Learning to Generate Semantic Layouts lists Minho Park first (with Yun equal-contribution second); WACV and BMVC are outside scope. CVPR 2026 is after cutoff.
cai_19cht8g,resolved,https://emjay73.github.io/,"Official personal site identifies MinJung/Min-Jung Kim as a KAIST PhD candidate advised by Jaegul Choo, with 3D vision/video-generation interests. The site lists the ECCV 2026 Infinite-Homography paper with the same name, advisor/collaborator, and research topic, matching the ECCV candidate.",complete,high,"The official publication list was reviewed for scoped venues through the 2026-03-05T23:00:00+01:00 cutoff. Min-Jung Kim is not first-listed on the scoped prior works shown (CVPR 2025, ECCV 2024, ICCV 2023); WACV and other out-of-scope works are excluded. Exact prior eligible first-author count is 0. ECCV 2026 itself is after the cutoff and excluded."
cai_19esvks,resolved,https://shpark97.github.io/,Seonghwan Park's official personal site identifies him as a KETI researcher with a POSTECH AI master's degree and lists the same ECCV 2026 efficient OOD-detection paper. The site also gives his official prior-publication record and matching research trajectory.,incomplete,partial,At least two eligible prior first-listed papers were verified (NeurIPS 2025 and ICLR 2025). Exact count is not asserted because exhaustive review across all scoped venues was not completed; ECCV 2026 is after cutoff.
cai_19fod1y,resolved,https://pure.jbnu.ac.kr/en/publications/ra-distill-relational-alignment-distillation-based-on-gram-matrix/,"The official Jeonbuk National University Researchers Portal identifies Yunseok Yang in the Division of Electronic Engineering and lists his 2025 segmentation paper. The official PDF-Omni project page independently matches Yunseok Yang first, Jeonbuk National University, and the ECCV queue title/topic.",incomplete,partial,"The verified JBNU publications located are journal articles outside the fixed venue scope (including RA-Distill, International Journal of Control, Automation and Systems, 2025). No eligible prior first-listed CVPR/ICCV/ECCV/NeurIPS/ICLR/ICML/SIGGRAPH/IROS/ICRA/RA-L work was found, but review was not exhaustive and exact zero is not asserted."
cai_1a10uti,resolved,https://ipa.korea.ac.kr/members.html,"Korea University IPA official members page identifies Byeonghun Lee, gives his Korea University affiliation and email, and describes reference-based super-resolution research. The official ICCV paper links the same name/email/affiliation to the ECCV candidate's research line.",incomplete,partial,At least one eligible prior first-listed main-conference paper was verified. WACV 2024 and ICLR 2026 records were not counted because WACV is outside the defined venue scope and ICLR 2026 is not prior to the cutoff/publication timing; exact count not asserted.
cai_1a61p0s,resolved,https://jinotter3.github.io/,"Seonghyun Jin's official personal site identifies him as an integrated MS/PhD student in KAIST AI's BISPL Lab, with the same FILT3R paper and research area as the ECCV candidate. The official BISPL people page independently lists Seonghyun Jin with KAIST email and matching background.",incomplete,partial,"No eligible prior main-conference/RA-L first-listed work was found in the limited review; the official site lists only ECCV 2026 and an ECCV 2026 workshop item, both after the cutoff or excluded. Exact zero is not asserted."
cai_1a82rny,resolved,https://imageinfo.inha.ac.kr/research.html,"Official Inha University Computer Vision Lab publication page lists Dong-Hyun Moon as first author of SARIF (ECCV 2026), matching the queue, and lists his prior ICCV 2025 M2SFormer paper as second author.",complete,high,No eligible prior first-listed work found in the official Inha CV lab conference-publication record. M2SFormer (ICCV 2025) is explicitly excluded because Ju-Hyeon Nam is first-listed and Dong-Hyun Moon is second-listed.
cai_1a9381q,resolved,https://vi.kaist.ac.kr/pages/people/,"The official KAIST Visual Intelligence Lab people page identifies Heejun Park as a KAIST Division of Future Vehicle master's student in 3D computer vision, matching the ECCV candidate. The official ICCV record for the target's collaborator paper uses the same KAIST email identity.",incomplete,partial,"Doppler-Aware LiDAR-RADAR Fusion is an ICCV 2025 paper with Heejun Park second-listed, so it is excluded by the first-author rule. No pre-cutoff eligible first-listed work was found, but exhaustive review was not possible."
cai_1aaah60,resolved,https://jaerinlee.com/,"Jaerin Lee’s official personal site identifies him as a Seoul National University Computer Vision Lab PhD student and lists the exact ECCV 2026 Vector Scaffolding paper and affiliation. The site/CV show no earlier scoped main-conference paper, but the zero review is not treated as exhaustive.",incomplete,partial,Only the post-cutoff ECCV 2026 paper and an arXiv preprint were found on the official CV/site; neither is a prior eligible work under the cutoff. Exact zero is not asserted.
cai_1ai4ln6,resolved,https://cml.snu.ac.kr/students/,"Seoul National University's official Cognitive Machine Learning Lab students page lists Mansoo Jung and identifies his computer-vision and visual-question-answering research, while the official ECCV record identifies him as first author of MixTTA with SNU affiliation.",incomplete,partial,"The SNU lab listing and official ECCV record resolve the identity, but the accessible institutional page does not provide a complete dated publication list. No eligible prior first-listed paper was verified; exact zero is not asserted. The MixTTA arXiv record is dated after the cutoff and is not a prior eligible publication."
cai_1avphu5,resolved,https://mingikim1.github.io/,"Official personal site identifies Mingi Kim as a Chungnam National University VCLab MS student working on 3D vision, graphics, and multimodal models. The profile links Chungnam National University and the same B-rep/3D research context as the ECCV candidate; the official Oxford paper also identifies Mingi Kim with that institution.",incomplete,partial,"No eligible prior first-listed work was verified. The identified official works (BrepCoder arXiv/2026 and Comp-PointLLM, Journal of Computational Design and Engineering, May 2026) are either after the cutoff or outside the scoped venues. The public profile does not provide a complete historical venue ledger, so exact zero is not asserted. ECCV 2026 is excluded by cutoff."
cai_1b0qrk4,resolved,https://glanceyes.github.io/,Seonho Lee's official personal site identifies him as a Sogang University graduate and KAIST master's student and lists the candidate's 3D-aware vision-language research collaborators and profile context. The official KAIST CVML publication list independently lists Seonho Lee on the relevant CVPR 2025 paper.,incomplete,partial,"The official CVML publication list shows Fine-Grained Image-Text Correspondence (CVPR 2025) with Jiho Choi first and Seonho Lee second; other listed works are workshops, Findings, or post-cutoff. No verified eligible prior first-listed paper was found, but exact zero is not asserted without an exhaustive CV."
cai_1bubn2q,resolved,https://davian.kaist.ac.kr/people,KAIST DAVIAN's official people page lists Geon Tack Lee with KAIST email and Efficient AI/CV interests. His public profile identifies the same person as NYU Abu Dhabi graduate and incoming KAIST AI master's student; the exact ECCV 2026 pruning paper is his first paper and is post-cutoff.,incomplete,partial,No eligible prior in-scope first-author work was found; the exact ECCV 2026 paper is after cutoff. Exact zero is not asserted because no full CV was found.
cai_1bw2xeo,resolved,https://jbnu.macs.or.kr/en/people/,"The official Jeonbuk National University MACS Lab people page identifies Seo-Yeon Choi as a master's student in the Division of Electronic and Information Engineering (Computer Science), matching the ECCV queue name and Jeonbuk National University affiliation. The official ECVA poster record links the same name to the ECCV candidate paper.",incomplete,partial,No eligible pre-cutoff first-listed paper was found in the reviewed official MACS Lab profile/publication material. Exact zero is not asserted because exhaustive review of all eligible venues remains incomplete.
cai_1c6rbs6,resolved,https://cs.kaist.ac.kr/people/msstudents,"Official KAIST School of Computing roster lists Hoang, Minh Son as a master's student entered 2025-02-24, matching the ECCV name and KAIST affiliation.",incomplete,partial,"No scoped first-listed prior was verified; available official profile is not a complete publication CV, so exact zero is not asserted."
cai_1cjlfph,resolved,https://tho-kn.github.io/,Official personal homepage identifies Taeho Kang as an SNU CSE PhD candidate working on computer vision/graphics and lists the ECCV 2026 candidate paper. Its news also lists the prior CVPR 2024 paper matching the same research identity.,incomplete,partial,At least one eligible prior first-listed main-conference paper was verified. Exact all-venue count is not asserted; SIGGRAPH Asia 2023 paper lists another author first. ECCV 2026 paper is after cutoff.
cai_1cqvt79,resolved,https://sites.google.com/view/sangmin-han/home,"Sangmin Han's official personal site identifies him as a researcher at LG Electronics AI Lab, records his Yonsei University M.S. and Seon Joo Kim research line, and lists the ECCV 2026 LIIFusion paper matching the ECVA candidate and LG Electronics affiliation.",complete,high,Official publication list was reviewed through the 2026 cutoff. The listed CVPR 2025 LSRNA and ORIDa papers include Han but do not list him first; APT is an arXiv preprint. No eligible prior first-listed paper was found. ECCV 2026 LIIFusion is after the cutoff and is excluded.
cai_1cwcdyg,unresolved,,"Searchable author indexes expose multiple distinct Jonghyun Kim identities, including an LG Electronics AI Lab profile, but no official LG or personal profile uniquely links the queue's ECCV hand-object-interaction author to one identity and a complete publication record.",incomplete,unresolved,OpenAlex and author-index matches were treated as discovery only. No prior paper was counted because identity and authorship linkage remain unverified.
cai_1d1f4lw,resolved,https://junha-l.github.io/,Junha Lee's official personal site identifies him as a POSTECH-trained computer-vision researcher and lists the ECCV 2026 Affogato paper with matching title/author order; the profile's research history is compatible with the queue's Korean affiliation record.,incomplete,partial,"Two eligible prior first-listed papers were verified. Review was not exhaustive across every in-scope venue, so this is a lower bound; ECCV 2026 Affogato is after the cutoff and excluded."
cai_1dfrfb7,resolved,https://sites.google.com/site/vclabskku/people,"Official Visual Computing Lab at Sungkyunkwan University lists Jihyun Lee (이지현) as a master student. The official AAAI paper Prediction-Feedback DETR lists Jihyun Lee with Sungkyunkwan University and the same video/action-detection collaborators, linking the ECCV candidate to this lab identity.",incomplete,partial,"The official lab roster and AAAI proceedings record resolve the identity. The reviewed eligible-venue records show Jihyun Lee as a non-first author on AAAI-25 (outside the fixed venue scope); no eligible first-listed prior was found, but no complete personal CV was located, so an exact zero is not asserted."
cai_1dl94c2,resolved,https://www.sciencedirect.com/science/article/abs/pii/S1077314225000840,"The official ScienceDirect publisher record for MF-LPR2 identifies Kihyun Na, states his BS from Handong Global University and current PhD there, and describes his computer-vision research. This resolves the name/Handong identity despite an older university news item spelling the name Gihyun in a participant list.",incomplete,partial,No eligible prior first-listed work was found in the limited official-publisher search. Kihyun Na's 2025 virtual-try-on and license-plate records are preprints/journal or outside the specified venues and were not counted; exact zero is not asserted.
cai_1dmv880,resolved,https://chengyawlow.github.io/,"Official RAISE Lab profile identifies Cheng-Yaw Low as Assistant Professor in Changwon National University's AI Convergence Engineering department; the ECCV title appears in the same profile's news and matches the queue title. The profile's CVPR 2023 work lists Low third, while the first-listed SlackedFace BMVC 2023 work is outside the fixed venue scope.",incomplete,partial,No eligible prior first-listed work was verified. SlackedFace is first-listed but BMVC 2023 is excluded; Recognizability Embedding Enhancement is CVPR 2023 but Low is third-listed. The official profile does not provide a dated exhaustive publication ledger sufficient for an exact zero claim.
cai_1e07dad,unresolved,,"The ECCV queue identifies a Seoul National University author of WARP, but searches did not locate an authoritative person-level CV or institutional computer-vision profile that links this particular Jiwon Kim to the ECCV candidate. Same-name SNU profiles found were for unrelated fields or different publication identities.",incomplete,unresolved,The ECCV 2026 paper is after the cutoff and is not counted. The well-known SNU CVPR 2016 super-resolution author Jiwon Kim was not assumed to be this candidate without an identity link.
cai_1e8w2lv,resolved,https://ace.postech.ac.kr/people,"POSTECH's official AI and Neuromorphic Device Lab people page lists Seunghyeon Kim with a POSTECH email. The official arXiv record for the matching RegCache paper names Seunghyeon Kim first and matches the ECCV candidate's vision-encoder quantization topic; the record is an October 2025 preprint/ICLR 2026 submission, not an eligible published scoped-venue work by the cutoff.",incomplete,partial,"No pre-cutoff eligible scoped-venue first-author paper was verified. The matching RegCache paper is an arXiv preprint and ICLR 2026 submission, with no eligible proceedings publication by the cutoff; exact zero is not certified."
cai_1ek7qzh,resolved,https://kr.linkedin.com/in/taehun-kong-0521973bb,"The official LG Electronics-linked profile identifies Taehun Kong at LG Electronics, records prior KAIST Computer Vision and Learning Lab study, and lists STVFocus as his ECCV 2026 first-author paper. The profile also lists the ICRA 2026 first-author paper matching the official lab publication record and the candidate's video/3D-vision research context.",incomplete,partial,One eligible prior first-listed ICRA paper is verified from the Tae-Kyun Kim official publication list and identity-linked profile. Exact count is not asserted because the full venue scope was not exhaustively audited; ECCV 2026 is after cutoff. QA removed non-qualifying evidence rows; count reflects first-listed eligible works only.
cai_1f5a4rn,resolved,https://openaccess.thecvf.com/content/ICCV2025/papers/Huh_MBTI_Masked_Blending_Transformers_with_Implicit_Positional_Encoding_for_Frame-rate_ICCV_2025_paper.pdf,The official ICCV 2025 paper identifies Jungsu Kim at Yonsei University and provides the matching Yonsei email/domain and motion research context. Yonsei-linked author/profile material also identifies the same researcher and the ECCV 2026 HiChor candidate paper.,incomplete,partial,"Verified ICCV 2025 work is eligible but Kim is fourth-listed, so it does not count as first-author evidence. ACM Multimedia 2025 Permission to Dance is outside the fixed venue scope. No eligible first-author prior was verified."
cai_1f7fb09,resolved,https://vi.kaist.ac.kr/pages/people/,"KAIST Visual Intelligence Lab's official people page lists Yunseo Yang (acorn@kaist.ac.kr). Official ICLR 2023 and ICCV 2023 records connect the same KAIST identity, collaborators, and research topic; the official ECCV poster record matches the queue paper and affiliation.",incomplete,partial,"The verified ICLR 2023, ICCV 2023, and CVPR 2026 records list Yunseo Yang as a non-first author; CVPR 2026 is after the cutoff. No eligible prior first-listed work was found, but no exhaustive personal CV was located, so exact zero is not asserted."
cai_1fhyq5f,resolved,https://hyeon-cho.github.io/,"Hyunmin Cho's official personal site identifies him as a Korea University integrated M.S./Ph.D. student in the Image Processing Algorithm Lab, with a publication on recurrent sinusoidal INRs matching the ECCV candidate title and topic. The site also links his Korea University email and CV.",incomplete,partial,The official CVPR/ICCV sources checked show Hyunmin Cho as a non-first author on CVPR 2025 Towards Lossless Implicit Neural Representation via Bit Plane Decomposition and ICCV 2025 Reference-based Super-Resolution; neither is a prior first-listed work. Exact zero count is not asserted.
cai_1fkh01b,resolved,https://jhjangjh.github.io/,"Official personal profile identifies Jaehyun Jang as a KAIST AI Systems PhD student and lists the exact ECCV queue title as a first-author paper. The profile explicitly states this is his first first-author paper, matching the queue identity and affiliation.",incomplete,partial,The official publication list and explicit first-first-author statement support an exact zero of prior eligible first-listed papers through the 2026-03-05 cutoff. ICML 2026 and Sensors items are after cutoff or outside scope.
cai_1frm1kx,unresolved,,"An SKKU-hosted CV mentions a Daeun Lee as a master's student in Applied Artificial Intelligence at Sungkyunkwan University, but it does not link that person to the ECCV queue title DICE. Search results also surface multiple unrelated Daeun Lee identities; affiliation alone is insufficient for resolution.",incomplete,unresolved,Identity is unresolved; no prior-paper count is asserted. The SKKU-hosted CV is only a same-name/affiliation lead and not proof of identity.
cai_1g0eg9d,resolved,https://divisonofficer.github.io/,"Jinnyeong Kim's official personal site identifies him as a POSTECH CSE Ph.D. student, with matching computational-imaging/robot-vision interests and the ECCV candidate title. His official CV and CVF proceedings record identify the same person as first author of the prior CVPR 2025 paper with POSTECH affiliation.",incomplete,partial,At least one eligible prior first-listed main-conference paper was verified. Exact count is not asserted because review of all eligible venues is incomplete.
cai_1ggio59,resolved,https://sites.google.com/view/mrlabkist/members,"The official KIST MR Lab members page identifies JeongHa Lee as an integrated KIST/UST student in computer vision and related areas. The official KIST MR Lab publications page lists the ECCV 2026 Through Van Gogh's Eyes paper with Jeongha Lee first, matching the ECCV candidate and KIST affiliation.",complete,partial,"KIST MR Lab's official publication list shows no eligible prior first-listed work before the cutoff; listed 2025 works are ISMAR (poster), IEEE Access, or other out-of-scope venues. ECCV 2026 is after the cutoff."
cai_1gi6tzf,resolved,https://ami.khu.ac.kr/people/students/MinKukKim/,Official KHU AMI profile identifies Minkuk Kim as PhD student with long-video understanding research matching ECCV ReQuest and KHU affiliation.,complete,high,CVPR 2024 first-author paper establishes not-first; ECCV 2026 target is post-cutoff.
cai_1gmil2t,resolved,https://rootyjeon.github.io/,The personal homepage explicitly connects Byungwoo Jeon at KAIST with the ECCV paper SpatialBoost and lists the full pre-cutoff publication record.,complete,medium,Before the cutoff the listed publications are a first-listed CoRL workshop paper and a third-listed NeurIPS 2024 paper. Neither qualifies under the fixed first-listed main-conference rule.
cai_1gstyyj,resolved,https://kookie12.github.io/,"Official personal homepage identifies Gwanhyeong Koo as a KAIST Electrical Engineering PhD student and lists InSpace and the prior generative-vision publications, matching the KAIST ECCV affiliation and 3D scene-generation topic.",complete,high,"The official conference-publication list was reviewed through the cutoff; it contains two prior first-listed eligible papers (FlowDrag and FlexiEdit), plus additional qualifying non-first-author papers. The later CVPR 2026/ICML 2026/ECCV 2026 entries were excluded by the cutoff."
cai_1h8liem,unresolved,,"Official ECCV accepted-paper listing identifies Minh-Quan Bui first on AirSplat, but no authoritative personal or KAIST profile uniquely resolves this candidate to a prior record.",incomplete,unresolved,AirSplat is the target ECCV 2026 paper and not prior to cutoff; similarly named search leads were not used as identity proof.
cai_1hjrh6i,resolved,https://ejshim.github.io/,Eungjune Shim's official personal site identifies him as a CLO Virtual Fashion machine-learning engineer working on 3D garments and explicitly lists DiffGI (the ECCV 2026 candidate paper).,incomplete,partial,"The official personal site and the Catholic University graphics-lab publication page show prior cloth-simulation and medical-imaging works, but none are in the fixed venue scope as eligible first-listed papers. The listed prior works are Eurographics/Computer Graphics Forum, CAVW, JKGCS, and Applied Sciences; exact exhaustive zero is not claimed."
cai_1hl1vuh,resolved,https://huggingface.co/boo0828,"The official CVF WACV 2026 paper lists Jiyong Boo with KAIST affiliation and boojiyong@kaist.ac.kr, matching the queued KAIST candidate. The official Hugging Face author account is named Jiyong Boo and hosts the HSDF-Lane project, corroborating the research identity.",incomplete,partial,The verified WACV 2026 paper is outside the defined venue scope and is not counted. The ECCV 2026 HSDF-Lane paper is after the cutoff. No eligible prior first-listed work was found in the limited review; exact zero is not asserted.
cai_1hmhnfq,unresolved,,"The official ECCV record links Jeisung Lee to Samsung for the demosaicing paper. Samsung patent records identify a Jeisung Lee as a Samsung Electronics image-sensor inventor, which is topical and affiliation-compatible, but no official personal or Samsung research profile conclusively links the ECCV author to that inventor.",incomplete,unresolved,Identity cannot be safely resolved from name plus Samsung affiliation alone. Patent records are not eligible publications and are not counted.
cai_1hqfvre,resolved,https://sites.google.com/site/hgjeoncv/team,"Official GIST computer-vision team page lists Sang-Hun Han as an Integrated AI Graduate School member and provides the GIST email sanghunhan@gm.gist.ac.kr, matching the ECCV queue affiliation. No authoritative personal CV or publication list was located.",incomplete,partial,"Identity is linked to the GIST team, but the available official page has no publication list. No eligible prior work was counted; exact zero cannot be asserted."
cai_1hroo1u,resolved,https://pnu-viplab.github.io/publication/,"The official Pusan National University Visual Intelligence and Perception Lab publication page lists Heeju Han first on Towards Sparsely Annotated Open-World Object Detection and identifies it as an ECCV 2026 paper, matching the candidate name, institution, and ECCV title.",incomplete,partial,"The located official publication list shows the ECCV 2026 target and no earlier in-scope first-author item; the list is not a complete dated CV, so an exact zero is not asserted."
cai_1i8av7e,resolved,https://vgi.korea.ac.kr/html/members.html,"Korea University's official VGI members page identifies Jae-Ho Lee as a KU AI PhD student; the official ECCV 2024 paper lists Jae-Ho Lee as second author, matching the candidate's incremental-learning topic and prior KU affiliation.",incomplete,partial,"Verified ECCV 2024 paper is eligible but Lee is second-listed (equal contribution noted), so it is not first-author evidence. The second candidate title is later ECCV 2026 work; no exhaustive zero-count review was completed. QA removed non-qualifying evidence rows; count reflects first-listed eligible works only."
cai_1itydzn,resolved,https://openreview.net/profile?id=~Seungyeon_Lee1,"The official OpenReview profile identifies Seungyeon Lee as a PhD student at Kyungpook National University from 2021 onward, with a confirmed knu.ac.kr email, matching the ECCV candidate affiliation. The official ECVA record identifies the matching Direct Preference Optimization paper and author order.",incomplete,partial,No eligible pre-cutoff first-author paper was verified in the official OpenReview profile. The ECCV 2026 candidate paper is after cutoff; exact zero remains uncertified.
cai_1j0rfa6,unresolved,,"The official ICCV 2025 workshop proceedings identify a Seulgi Jeong as first author of MINDiff with a Kyungpook National University affiliation, while the ECCV 2026 candidate identifies Seulgi Jeong with SNOW Corporation. The name and topic are suggestive but the affiliation change and lack of an authoritative personal/institutional profile prevent safe identity resolution.",incomplete,unresolved,MINDiff is explicitly an ICCV 2025 workshop paper and excluded from the fixed eligible venue scope even if the identity were confirmed. H-Adapter is the ECCV 2026 candidate itself and after cutoff. No eligible prior work is entered.
cai_1jly6ub,resolved,https://sites.google.com/view/cvlabcnu/people,"The official Chungnam National University Computer Vision Lab people page lists Daehyun Kim (김대현), his personal GitHub link, and period Sep. 2022-present. The page's identity and affiliation match the queue; the CVPR official record links the same CNU lab context and lists Daehyun Kim fifth.",incomplete,partial,"The verified CVPR 2023 Local Connectivity-Based Density Estimation paper is eligible by venue/date but Daehyun Kim is fifth-listed, so it contributes no first-author count. The official lab page does not provide an exhaustive publication ledger; no eligible prior first-listed work is asserted."
cai_1klag93,resolved,https://www.ecva.net/papers/eccv_2022/papers_ECCV/papers/136680176.pdf,Official ECCV 2022 proceedings list Minjun Kang first with KAIST affiliation/email; KAIST VILab roster independently lists Minjun Kang with KAIST email.,complete,high,ECCV 2022 establishes not-first; later CVPR 2025 Any6D lists Kang third and is not counted.
cai_1lalvrp,resolved,https://maroo-sky.github.io/,"Hee-Jun Jung's official personal site identifies him as a GIST AI Ph.D. candidate and lists the ECCV 2026 Shape Assembly paper, matching the queue's name and affiliation.",complete,high,The official publication list was reviewed through the cutoff: no prior eligible first-listed paper was found. ICLR 2026 is listed with Jung second and is not first-listed; AISTATS/TMLR/Expert Systems for Applications are outside the defined venue scope. ECCV 2026 is after the cutoff.
cai_1lf0emb,resolved,https://github.com/jihochoi,"Jiho Choi's official GitHub and KAIST CVML members page identify a KAIST AI PhD student in computer vision. The official CVF and NeurIPS records list the same Jiho Choi as first author of CVPR 2025 PartCATSeg and co-first author of NeurIPS 2024 PartCLIPSeg, matching the ECCV 2026 queue title and KAIST affiliation.",incomplete,partial,At least two eligible prior main-conference first-listed/co-first papers were verified; exact all-venue count remains incomplete. ECCV 2026 is after cutoff.
cai_1lzj1na,resolved,https://habaek4.github.io/,"Seunghun Baek's official personal site identifies him as a fifth-year integrated MSc/PhD student in POSTECH's Medical Information Processing Lab, matching the ECCV candidate name, POSTECH affiliation, and incomplete-multimodal-learning topic. His official CV lists the matching ECCV 2026 candidate work and a pre-cutoff CVPR 2025 Mark4D paper where he is fifth-listed.",incomplete,partial,"No pre-cutoff eligible first-listed paper was verified. Mark4D is a CVPR 2026 paper after the cutoff and is not counted; the official CV also records no other eligible venue first-author work, but an exhaustive venue-by-venue review was not completed."
cai_1n7ps74,resolved,https://dsba.snu.ac.kr/wp-content/uploads/2025/07/hunim-CV_korea.pdf?x92784=,"Hun Im's official SNU-hosted CV identifies him as an SNU Industrial Engineering doctoral student and lists the ECCV-target research area, matching the SNU candidate. The CV's publication list contains only a 2024 Neurocomputing article (not in scope) and works under review.",complete,high,The official CV was reviewed in full. No eligible prior first-listed work in the fixed venue set was found; DeCoFlow's 2026 publication is after the cutoff and is not counted.
cai_1nb05bx,resolved,https://www.pnu-cvsp.com/members/hyeong-ju,"The official PNU Computer Vision and Signal Processing Lab profile identifies Hyeongju Mun, lists Pusan National University/ETRI research context, and lists LivingWorld as an ECCV 2026 paper with Mun as first author. The profile also lists MoE-GS at ICLR 2026 with Mun second-listed, so it does not establish a prior first-author work in scope.",complete,high,Official personal/institutional profile publication list was reviewed. MoE-GS is ICLR 2026 but Mun is not first-listed; LivingWorld is the current ECCV 2026 work and is after the audit boundary as the target record.
cai_1nkch44,resolved,https://mipal.snu.ac.kr/members/integrated-m-s-ph-d-students,"Seoul National University's MIPA laboratory roster lists Hyunho Lee (hhlee822@snu.ac.kr) as an integrated M.S./Ph.D. student working on generative models and dataset distillation, matching the ECCV candidate's SNU affiliation and quantization/generative research context. The same identity appears in the official NeurIPS 2024 proceedings with an SNU email.",incomplete,partial,No verified eligible top-tier first-listed prior work was found in the sources checked. Deep Support Vectors (NeurIPS 2024) lists Junhoo Lee first and Hyunho Lee second; the ICCV 2025 item found is explicitly an ICCV workshop paper and is excluded. Exact zero count is not asserted because review was not exhaustive.
cai_1nt9dwz,resolved,https://arxiv.org/abs/2512.10237,"The official arXiv record for the queue's Multi-dimensional Preference Alignment title identifies Jiho Jang and SNU authors. An official SNU AI program publication document also lists Jiho Jang with Nojun Kwak on prior AAAI/ACL work, matching the SNU affiliation; no eligible prior first-listed paper was verified.",incomplete,partial,"The matched ECCV 2026 paper is post-cutoff. SNU institutional material confirms identity context, but the cited prior AAAI/ACL works are outside the fixed venue scope and not counted. Exact zero is not asserted."
cai_1nugdnl,resolved,https://ais.snu.ac.kr/members/ShingeonKim.html,"The official Seoul National University AISys Lab profile identifies Shingeon Kim as an SNU ECE graduate student and lists STARLINC as his ECCV 2026 publication, matching the ECCV candidate name, affiliation, and title.",incomplete,partial,"No eligible prior first-listed top-tier work was found in the official profile's listed record, but an exhaustive review across all scoped venues was not completed, so exact zero is not asserted. The ApJ papers listed for 2026 are outside the venue scope and after the cutoff; ECCV 2026 is after the cutoff."
cai_1nwybj5,resolved,https://orcid.org/0000-0001-5268-2371,"The ORCID record identifies MoonSoo Jeong with verified skku.edu email domain and Sungkyunkwan University employment. The official NeurIPS record for DC4GS lists Moonsoo Jeong first, matching the ECCV candidate's 3D Gaussian-splatting topic and SKKU affiliation.",incomplete,partial,"One verified eligible prior first-listed NeurIPS paper establishes not-first. The ORCID record is not a guaranteed exhaustive venue ledger, so exact count is not claimed."
cai_1o08ey0,resolved,https://lee-jaewon.github.io/ljw_cv_page/cv/,"Jaewon Lee’s official CV identifies him as a Yonsei University CILAB PhD student and lists the exact ECCV 2026 Graph-GSReg paper. Yonsei’s official CILAB member page lists Jaewon Lee with a Yonsei email, and the official Yonsei research record verifies his prior ICRA 2025 coauthorship.",incomplete,partial,"ICRA 2025 Fast Global Localization is eligible but Jaewon Lee is second-listed, so it does not count as first-listed. The CVPR 2026 paper is post-cutoff and Lee is second-listed. No prior first-listed eligible work was verified; exact zero is not asserted. QA removed non-qualifying evidence rows; count reflects first-listed eligible works only."
cai_1o6n2vf,resolved,https://eng.koreacu.ac.kr/cms/FrCon/index.do?MENU_ID=1070,"Korea Cyber University’s official faculty page lists Daeyoung Choi in its Division of Artificial Intelligence and Data Science with the contact choidy@koreacu.ac.kr and AI/data-science teaching areas, matching the queue affiliation. The official arXiv record for the queue title's underlying work lists Daeyoung Choi among the authors.",incomplete,partial,"The 2025 Heterogeneous Federated Learning with Prototype Alignment and Upscaling record lists Daeyoung Choi after Gyuejeong Lee and Jihwan Shin, so it is not an eligible first-listed prior work; it is also an arXiv preprint rather than an in-scope venue. No eligible prior first-listed work was verified in this limited pass."
cai_1odzw09,resolved,https://vslab.khu.ac.kr/team/,"The official Kyung Hee University Visual Science Lab team page identifies MyoungChul Kim as an M.S. student and gives the research focus Video Anomaly Detection Representation Learning, matching the CLUE-VAD ECCV candidate and Kyung Hee affiliation.",incomplete,partial,"The official AAAI 2026 RefineVAD paper lists MyoungChul Kim third, not first, and is before the cutoff but does not count. CLUE-VAD was an ICLR 2026 submission, not an eligible published prior. No eligible prior first-listed work was verified; exact zero is not claimed."
cai_1of1kd,resolved,https://jinhseo.github.io/,Official personal page identifies Jinhwan Seo as a KAIST School of Computing PhD student advised by Sung-eui Yoon and lists the ECCV 2022 Object Discovery paper and ECCV 2026 GroundFormer paper. This matches the KAIST ECCV candidate affiliation and video-understanding topic.,incomplete,partial,"One verified eligible prior first-listed ECCV 2022 paper establishes that Jinhwan Seo is not first-time in the defined scope. The official page labels its list selected rather than exhaustive, so the full prior count is not asserted."
cai_1ojjouf,resolved,https://sites.google.com/view/hongjae/home,Hongjae Lee's official Korea University personal page identifies him as an integrated MS-PhD student in Electrical Engineering and lists both ECCV 2026 target papers. The official CVF ICCV 2025 record independently lists the same Hongjae Lee first with a Korea University affiliation.,incomplete,medium,One verified eligible first-listed prior (ICCV 2025) establishes a positive prior count. An exhaustive exact count was not asserted because no complete CV was located.
cai_1ojpzxs,resolved,https://wongyun-yu.github.io/,"Wongyun Yu's official academic site and CV identify him as a POSTECH computer vision and robotics PhD student, list the ECCV 2026 WristMimic paper, and list the same prior ICCV and IEEE Access works found below. The official ICCV paper confirms POSTECH affiliation and author identity.",incomplete,partial,At least two eligible prior first-listed works were verified. Exact count is not asserted because the review was not exhaustive across all scoped venues. ECCV 2026 WristMimic is after the cutoff and is excluded.
cai_1oogw60,resolved,https://jkpark08.github.io/,"Official personal profile identifies Joonkyu Park as a Seoul National University computer-vision researcher and lists the target ECCV 2026 paper title. Its publication list matches the CVF author records for the two qualifying prior papers below, establishing identity continuity through name, SNU affiliation, advisor, topic, and collaborators.",complete,high,"Two eligible prior first-listed main-conference papers are verified below. Other profile items are excluded when workshop, preprint-only, or non-first-listed. Exact count is 2 under the stated venue and cutoff rules."
cai_1p4okou,resolved,https://yklcs.com/,The official POSTECH PL Lab personal site identifies Lucas Yunkyu Lee as a POSTECH computer-science student and lists his research publications. The name variant Lucas Yunkyu Lee is compatible with the ECCV queue's Yunkyu Lee/POSTECH record; the official ECCV poster record supplies the matching candidate paper.,incomplete,partial,"The located official personal publication list contains arXiv-era work and ECCV 2026 work, but no prior eligible first-listed main-conference or RA-L article. Exact zero is not asserted because the available profile is not an exhaustive dated CV and the ECCV 2026 paper is after the cutoff."
cai_1p4v3g5,resolved,https://ptkjw1997.github.io/,"Jiwan Kim's official personal page identifies him as a KAIST DSAIL PhD student and lists the ECCV 2026 paper Why and When Visual Token Pruning Fails? as first author, matching the queue affiliation and title.",complete,high,The official publication list was reviewed through the 2026-03-05 cutoff. The listed ICLR 2026 paper is a later conference publication and is excluded by the cutoff; SIGIR 2025 is outside the defined venue scope. No eligible prior first-author work was found before the cutoff.
cai_1q2hmkp,resolved,https://k2room.github.io/,Yirum Kim's official personal site identifies the author as a GIST AI PhD student and lists the exact OP3DSG ECCV 2026 paper. The same complete publication list names MA3DSG as first-listed at ICRA 2026; that conference is after the audit cutoff.,complete,high,The official personal publication list was reviewed exhaustively for the defined venues and cutoff. MA3DSG (ICRA 2026) is after 2026-03-05; OP3DSG (ECCV 2026) is also after cutoff. No earlier eligible first-listed scoped work is listed. A 2024 UR poster is outside the defined venue scope.
cai_1q4k30l,resolved,https://ece.snu.ac.kr/en/research-faculty/research/groups?labidx=48&md=view,"The official SNU Vehicle Intelligence Lab page lists E-In Son in the lab's RA-L and ICRA publication records and identifies the SNU lab context, matching the queue candidate's Seoul National University affiliation.",incomplete,partial,"The reviewed official SNU publication list shows E-In Son only as a non-first author on listed RA-L/ICRA works; the ECCV 2026 ORION paper is after the cutoff. No qualifying prior first-listed work was confirmed, but exact zero is not asserted."
cai_1q5lcj,resolved,https://suhyeonha.github.io/,Suhyeon Ha's official personal site identifies her as a KAIST School of Computing PhD student and lists the ECCV 2026 APT paper with the same first-author name and KAIST lab affiliation; the KAIST SGVR profile independently identifies Suhyeon Ha.,incomplete,partial,"The official publication list was checked for the scoped venues. It lists no prior eligible first-listed main-conference paper; listed prior works are workshops, journals outside RA-L, or papers where Ha is not first. Exact zero is not asserted because an exhaustive venue-by-venue review is pending. ECCV 2026 is after cutoff."
cai_1q7jif8,resolved,https://taewon-seo.github.io/,"Taewon Seo's official DGIST ISL Lab personal site identifies him as a DGIST Ph.D. student, gives his DGIST email and advisor, and lists the ECCV 2026 candidate paper Unified Prediction and Planning via Conflict-Aware Disjoint Parameter Training with Seo first. The profile's embodied-AI topic and DGIST affiliation match ECVA.",incomplete,partial,No eligible prior first-listed work was found in the official profile's publication list. The list includes only the ECCV 2026 item (after cutoff); exact zero is not asserted because a complete venue-scope review was not performed.
cai_1qjkno1,resolved,https://sites.google.com/view/cau-cvml/cvmlcau/jinheepark?authuser=0,"Official Chung-Ang University CVML profile identifies Jinhee Park, gives the ECCV R2M paper, email, and publication history. An official AAAI proceedings paper independently confirms Jinhee Park's Chung-Ang University identity and author order.",complete,high,The official profile's pre-cutoff publication list was reviewed. Deep Disentangled Metric Learning (AAAI 2025) is first-listed but AAAI is outside the user-defined venue scope; CVPRW 2023 work is a workshop and excluded; the remaining listed works are journals outside scope. Thus exact eligible prior first-author count is 0.
cai_1qjm8mt,resolved,https://castlab.kaist.ac.kr/team/sungwoong-yune/,"Official KAIST CastLab profile identifies Sungwoong Yune as a KAIST PhD student and lists FastSTAR as an ECCV 2026 paper, matching the candidate name, KAIST affiliation, and ECCV title.",incomplete,partial,No eligible prior first-listed work was verified in the limited review. DAC 2025 and A-SSCC 2025 works are outside the defined venue scope; ECCV 2026 and JSSC 2026 entries are after the cutoff. Exact zero is not asserted.
cai_1r1aqg,resolved,https://alohays.github.io/cv/,"Yunsung Lee's official CV identifies him by name, work email, and current MaumAI WoRV leadership. Its dated publication list is consistent with the ECCV queue paper; the official ECCV record confirms the matching first-author title and Maum AI affiliation.",complete,high,The official CV's dated publication list shows no prior eligible first-listed work. CVPR 2023 and NeurIPS 2023 are eligible venues but list other authors first (Yunsung is co-first/non-first); CVPR 2020 likewise lists Junsoo Lee and Eungyeup Kim first. ECCV 2022 and other located workshop papers are excluded. Exact prior eligible first-author count is therefore zero under the stated CV review.
cai_1r34pvk,resolved,https://iilab.io/IFIN/,"The official IFIN project page names Donggeon Bae as first author, gives a @snu.ac.kr contact address, and identifies the Seoul National University lensless-imaging project context, matching the queue affiliation.",incomplete,partial,The IFIN project is an ECCV 2026 paper after the cutoff and is excluded as prior work. The official project record does not provide a complete historical CV; no qualifying pre-cutoff first-listed paper was confirmed.
cai_1re1s4r,resolved,https://loggerjk.github.io/,"Jiwon Kang's official personal site and KAIST CVLAB profile identify the same KAIST AI student (jiwon7258@kaist.ac.kr), with matching diffusion/3D/multimodal research and the ECCV 2026 title. The official CV lists the candidate's prior publications and author order.",complete,partial,No prior eligible first-listed paper was found in the reviewed publication list. NeurIPS 2025 'Where and How to Perturb' is eligible but Jiwon Kang is second-listed and marked equal contribution; ICLR 2026 and CVPR 2026 works are after the cutoff. ECCV 2026 is itself after the cutoff. QA removed non-qualifying evidence rows; count reflects first-listed eligible works only.
cai_1s2wfz1,resolved,https://blue-531.github.io/,"The official personal profile identifies Hyun-Kurl Jang as a KAIST Visual Intelligence Lab Ph.D. student, and the KAIST VILab people page independently lists the same researcher and KAIST email. The personal publication list includes TALoS (NeurIPS 2024) as first author, GMT (ECCV 2024) second author, and the current ECCV 2026 paper.",complete,high,Official personal publication list was reviewed. TALoS is an eligible NeurIPS 2024 main-conference paper and is first-listed (with equal-contribution marker). GMT is ECCV 2024 but Jang is not first-listed; CVPR 2023 Event-Based Video Frame Interpolation also has another first author.
cai_1s3524l,resolved,https://sites.google.com/view/mingikwon,The personal homepage identifies Mingi Kwon with Yonsei University and lists the ECCV paper JAM-Flow plus the publication history through the cutoff.,incomplete,partial,The homepage identifies multiple first-or-co-first papers but does not by itself distinguish author order. At least one earlier eligible first-listed ECCV paper is independently confirmed; exhaustive first-listed count remains pending.
cai_1s5beor,resolved,https://xodus777.github.io/,"Taeyeon Kim's official personal site identifies a KAIST Geometric AI Lab researcher and lists MorphGS with the same author name, topic, and KAIST affiliation as the ECCV candidate. The site also lists the candidate's prior ICIP 2025 and CKAIA 2024 work.",incomplete,partial,No eligible prior first-listed paper was found in the limited review. ICIP 2025 is outside the defined venue scope and CKAIA 2024 is outside the scope; the CVPR 2026 item is not prior to the 2026-03-05 cutoff. Exact zero is not asserted.
cai_1s5qwf4,resolved,https://kr.linkedin.com/in/gilha-lee-094b87430,"The matching LinkedIn profile identifies Gilha Lee as a Seoul National University of Science and Technology PhD candidate and lists S3-Prune (ECCV 2026). An SEOULTECH/IDSL publication record also lists Gilha Lee on AI/vision-acceleration work, supporting affiliation and topic compatibility.",incomplete,partial,"No qualifying prior top-tier first-author paper was found in the available profile and lab publication material, but no official CV or exhaustive proceedings audit was located. Do not interpret this as an exact zero."
cai_1s7xdxh,resolved,https://github.com/jasonjo97,Sangwoo Jo's official GitHub profile identifies him as a Korea University PhD student and links the official AI Imaging Lab PCFlow repository; the Korea University lab publication page lists the matching ECCV 2026 paper and author order.,incomplete,partial,"The candidate's self-report says ECCV 2026 is his first publication during the PhD, and the official lab page lists only the ECCV paper plus a pre-2026 preprint section directing to Google Scholar. A CVPR 2024 workshop item appears in a LinkedIn activity post and is out of scope. No eligible prior first-listed main-conference or RA-L paper was verified, but exact zero is not asserted because the complete pre-2026 publication record was not available from an official CV."
cai_1sefwgj,resolved,https://geonhobang.github.io/,Official personal page identifies Geonho Bang as a PhD student working in Jun Won Choi's lab and lists radar-camera 3D perception publications; this is compatible with the ECCV record's Seoul National University affiliation and Horizon3D autonomous-driving topic.,incomplete,partial,"One verified eligible first-listed CVPR 2024 paper establishes that this author is not first-time in the defined prior-work scope. The personal page also lists two ICRA 2024 papers, one first-listed and one third-listed; no exhaustive cross-index review was attempted."
cai_1t1e77d,resolved,https://tlb-miss.github.io/,Sangwon Baik's official personal site identifies him as an SNU Visual Computing Lab MS/PhD student advised by Hanbyul Joo and lists the ECCV 2026 candidate paper plus the matching ICCV 2025 work and collaborator network.,complete,high,One eligible prior first-listed main-conference paper was verified. The NeurIPS 2025 paper on the personal site lists Baik second (equal contribution) and is excluded from the primary first-listed count. ECCV 2026 paper is after the cutoff and is excluded.
cai_1t7khxo,resolved,https://github.com/DoHunLee1,Official GitHub profile identifies DoHun Lee with KAIST AI affiliation and links the official VideoGuide repository. The KAIST library record independently identifies Dohun Lee as author of the queue's Memory-V2V thesis/paper.,incomplete,partial,"One verified eligible prior first-listed paper is sufficient to establish that the candidate is not first-paper eligible. Exact historical count was not established from an exhaustive CV, so completeness remains incomplete."
cai_1tvgayn,resolved,https://iris.skku.edu/authors/xiangyu-sun/,"The official SKKU IRIS Lab author page identifies Xiangyu Sun and lists 3D Gaussian/reconstruction research, compatible with the ECCV Raymap-Guided Coupling topic and Sungkyunkwan affiliation. Official arXiv records show the same name and 3D-reconstruction collaborator/topic continuity.",incomplete,partial,"No eligible prior first-listed paper was located in the official IRIS page or official preprint/proceedings records reviewed. The available lab page is not a dated exhaustive CV, so exact zero is not asserted; ECCV 2026 and July 2026 preprint records are after cutoff."
cai_1u82pxo,resolved,https://seokyoung.com/,"Seok-Young Kim's official personal site identifies him as a KAIST UVR Lab PhD student, gives a KAIST email, and lists the ECCV candidate DeWorldSG as first author. The profile's education, lab, topic, and publication details match the KAIST queue affiliation and candidate title.",incomplete,partial,"No eligible pre-cutoff first-listed paper was found in the reviewed official personal site/CV. Listed prior works are TVCG 2026, SIGGRAPH Asia 2025 demo, UIST Adjunct 2025, and domestic conferences, none eligible under the defined scope. Exact zero is not asserted because exhaustive review remains incomplete."
cai_1vkkwap,resolved,https://mlv.kaist.ac.kr/people,"KAIST MLV Lab's official people page lists Injae Kim as an MS/PhD integrated student working in 3D vision and generative models. The official NeurIPS proceedings page identifies Injae Kim as first author of UP-NeRF, matching the research topic and collaborator context of the ECCV queue record.",incomplete,partial,"One eligible prior first-listed work was verified (UP-NeRF, NeurIPS 2023), establishing that the candidate is not a first-time in-scope author. Exact prior count is not asserted because exhaustive review remains pending."
cai_1vksya3,resolved,https://nahyuklee.github.io/pdf/cv.pdf,"Official personal CV identifies Nahyuk Lee as a POSTECH Computer Vision Lab graduate researcher (M.S. 2023-2025, advisor Minsu Cho), now at VUNO, and lists the exact ECCV 2026 TORA title as first-listed author; the same CV documents the prior ICCV 2025 and ICML 2024 first-listed works.",complete,high,Two eligible prior first-listed works are verified. Both are marked equal contribution in the CV; first-listed authorship is counted and the equal-contribution note is retained. The ECCV 2026 TORA paper is after the cutoff.
cai_1vo1wyg,resolved,https://github.com/syt06007,"The candidate's personal GitHub profile identifies HyeongSik Kim as an M.S. candidate at Hanyang University and lists Cross-View Localization/3D Vision interests. Its first-author publication table lists ARC-Loc (ECCV 2026) and an ETRI Journal article, with no eligible scoped venue before the cutoff. Hanyang Spatial AI Lab independently lists ARC-Loc with matching coauthors and affiliation.",incomplete,partial,The official/personal publication list was reviewed for first-listed works; the listed ETRI Journal article is outside the defined venue scope. ARC-Loc is the target ECCV 2026 record.
cai_1vseeub,resolved,https://pknu-vlab.github.io/peca/,"The official Pukyong National University Vision Lab PECA project page identifies Jiah Kim as a co-first author, gives the Pukyong affiliation, and matches the ECCV 2026 queue title. No earlier eligible first-listed work was found in the limited official-source review.",incomplete,partial,The matched PECA/ECCV 2026 work is post-cutoff and excluded. Exact zero is not asserted because exhaustive review of all eligible venues was not completed.
cai_1vznhth,resolved,https://yeobinhong.github.io/,"Yeobin Hong's official personal site identifies him as a KAIST AI graduate, gives his 3D-vision/generative-AI research profile, and lists the ECCV 2026 candidate paper. The site provides a direct identity and affiliation match; no pre-cutoff eligible first-listed paper is listed in the reviewed publication history.",incomplete,partial,No eligible prior first-listed paper was verified in the reviewed official profile. The listed ICML 2026 and ECCV 2026 works are after the cutoff; exact zero is not asserted.
cai_1w4p635,resolved,https://oroadingo.github.io/eccv2026-vpr/,"The official ECCV project page identifies Dae Hyeon Jeon as first author of the queue title, gives UNIST affiliation and a UNIST email address, and links an ORCID record. This is compatible with the queue's DAEHYEON JEON/UNIST identity despite spacing/capitalization normalization.",incomplete,partial,"The official project page is for the ECCV 2026 paper itself and supplies identity evidence, but no prior publication CV or complete official publication list was located; no eligible prior first-listed work is asserted."
cai_1wmyvnw,resolved,https://singkru.github.io/,The official Korea University System Intelligence Group page lists SungHun Kim's Q-TriM publication and Korea University lab contact; this exactly matches the ECCV candidate's title/topic and affiliation. The candidate paper itself is post-cutoff.,incomplete,partial,No eligible prior scoped first-listed paper was found in the official lab publication list or targeted venue search. Exact zero is not asserted pending exhaustive review. ECCV 2026 is after cutoff.
cai_1wxi2l,unresolved,,"A personal academic page for Chae-Yeon/Chaeyeon Lee identifies an SNU Visual Computing Lab PhD student with prior POSTECH and KAIST affiliations and 3D-vision interests, but it does not connect her to Korea University or the TaxoMIL whole-slide-image paper. The same-name match is therefore not sufficiently established.",incomplete,unresolved,The official personal page is a plausible but affiliation/topic-incompatible lead; no eligible prior work is entered without identity resolution.
cai_1x65kxi,resolved,https://wjun0830.github.io/,"WonJun Moon's official personal site identifies him as a Sungkyunkwan University-trained researcher and lists the ECCV 2026 candidate paper. Its publication history matches the official CVPR 2023 and AAAI 2023 records below, establishing identity and author continuity.",incomplete,partial,At least two eligible prior first-listed main-conference papers were verified. The CVPR 2023 paper marks WonJun Moon and Sangeek Hyun as equal contributors; it remains first-listed and is counted under the audit rule. Exact count is not asserted because review was not exhaustive. ECCV 2026 paper is after cutoff and excluded. QA removed non-qualifying evidence rows; count reflects first-listed eligible works only.
cai_1xjvdwb,resolved,https://www.pnu-cvsp.com/members/changwoo,"The official Pusan National University Computer Vision and Pattern Recognition Lab member page identifies Changwoo Baek, gives a pnu.ac.kr email, and lists 3DZip as his ECCV 2026 paper, directly matching the candidate name, institution, and title.",incomplete,partial,"The lab page lists ICLR 2026 AgilePruner and RA-L 2026 Target-Aware Change Detection, but their publication dates are after the 2026-03-05 cutoff; 3DZip itself is the ECCV 2026 target. No pre-cutoff eligible first-listed work was found on the official publication list."
cai_1y9fxpr,resolved,https://sites.google.com/view/knuvi/member,"The official Kyungpook National University Video Intelligence Lab member page identifies Hojun Song as a KNUVI PhD student. His official personal project page lists G2P first with KNU affiliation, matching the ECCV candidate name, institution, and title.",incomplete,partial,"The 2025 IEIE Smart Processing & Computing article Generated Image Classification Model for Deep Learning-based Inpainting Model lists Hojun Song third and is outside the fixed venue scope. No eligible prior first-listed work was found on the official pages, but exhaustive review is incomplete."
cai_1yvwds7,resolved,https://github.com/Ubin108/Group3D,"Official Group3D repository identifies Youbin Kim first, associates him with Sungkyunkwan University, and matches the ECCV 2026 title and author list.",incomplete,partial,No eligible prior first-listed paper found in this review. Metalens-Transformer lists Youbin Kim as non-first coauthor; exact zero not asserted. ECCV 2026 is post-cutoff.
cai_1yvzovh,resolved,https://scholar.dgist.ac.kr/browse-researcher?filter_field_1=nstscs_top_code&filter_field_2=nstscs_mid_code&filter_type_1=equals&filter_type_2=equals&filter_value_1=EE&filter_value_2=EE02&offset=12&page=2&query=&starts_with=,"DGIST's official researcher directory identifies Sung-Hoon Yoon in EECS with multimodal/medical/robotics AI interests, matching the ECCV candidate affiliation; the KAIST VILab and Kuk-Jin Yoon CV provide compatible doctoral/lab history. Official ECCV paper metadata confirms the 2026 candidate title and author identity.",incomplete,partial,"DBLP and official ECVA records were checked for prior scoped venues. Yoon is not first-listed on the identified CVPR 2021, ICCV 2021, ECCV 2022, CVPR 2023, CVPR 2024, or ECCV 2024 papers; no eligible prior first-listed work was entered. Exact zero is not asserted pending exhaustive review. ECCV 2026 is after cutoff."
cai_1yx3xks,resolved,https://lseonghak.github.io/website/,Seonghak Lee's official personal site identifies him as a PhD candidate at Chung-Ang University's CVML lab and lists the same ECCV 2026 URHead paper and research line as the candidate. The official ECCV poster record independently identifies the candidate paper and affiliation.,incomplete,partial,"The official CV lists prior ASRU workshop, ECCV workshop, ICCE, ICTC, and journals, none in the scoped eligible main-conference/RA-L set. Exact zero is not asserted because the review was not exhaustive; ECCV 2026 is after cutoff."
cai_1yyss68,resolved,https://bingurrr.github.io/,The academic portfolio identifies Byeonggyu Park with the ECCV paper and an earlier first-listed IROS paper on the same non-line-of-sight localization topic.,incomplete,partial,At least one earlier eligible first-listed paper is verified. Exhaustive count still pending.
cai_2jhbnw,resolved,https://jeoncwcw.github.io/,"Changwoo Jeon's official personal page identifies him as a Yonsei University undergraduate and lists MoCA3D as his sole publication, matching the ECCV candidate name, institution, and title.",incomplete,partial,"The only listed work is MoCA3D, dated ECCV 2026 on the personal page and submitted to arXiv on 2026-03-20, both after the cutoff; no earlier eligible work is listed."
cai_2jvtue,resolved,https://sangminhong.github.io/,Sangmin Hong's official personal site identifies him as a Seoul National University Computer Vision Lab PhD student working in 3D vision; its publication list matches the ECCV 2026 PrintAnything title and the official CVLab directory confirms the same name and SNU affiliation.,complete,high,"Official personal publication list and official CVF records were reviewed. ACL-SPC (CVPR 2023) and CNC-Net (CVPR 2024) list Hong second, with equal-contribution marks, so neither counts as first-listed authorship. Shape2Gcode is an ICLR 2026 withdrawn submission and not an eligible published main-conference paper. No eligible prior first-listed paper was found."
cai_2nl7la,unresolved,,"The ECCV record and queue give YeonGyu Han with Seoul National University Hospital, but no official personal or institutional profile naming this author was located. General SNUH Healthcare AI pages establish the institution's AI research context but cannot uniquely resolve the candidate identity.",incomplete,unresolved,Identity is unresolved; no prior-work count is asserted. The candidate ECCV paper is after the cutoff and is not counted.
cai_38vyss,resolved,https://www.seohyunleee.com/,"Seohyun Lee's official personal site identifies her as a KAIST School of Computing master's student, gives a kaist.ac.kr email, and describes multimodal/video research. The official KAIST MLV Lab people/publications pages identify Seohyun Lee and list her first on VideoSearch-R1, matching the ECCV candidate title and KAIST affiliation.",incomplete,partial,No eligible pre-cutoff first-listed paper was found in the reviewed official personal site and KAIST MLV publication list. The list contains later 2026 works (including ECCV 2026 and CVPR 2026) that are after the cutoff or non-first-listed. Exact zero is not asserted because exhaustive review remains incomplete.
cai_3e36ya,resolved,https://siw00-lim.github.io/,"Siwoo Lim's official personal site identifies him as an integrated PhD student at KAIST U-AIM and lists TanGO as an ECCV 2026 paper with Siwoo Lim first, matching the ECCV candidate and KAIST affiliation.",incomplete,partial,"The official publication list contains only 2026 ICML/ECCV works, all after the 2026-03-05 cutoff; no eligible prior first-listed work was found there. Exact zero is not asserted because all scoped venues were not exhaustively reviewed."
cai_3qeim2,resolved,https://likesnu.snu.ac.kr/usr/article/articleDetail.do?article_id=SNUA_000000035194624&lang=en,"SNU's official LikeSNU record and the official IJCAI proceedings identify Wonjin Cho at Seoul National University as a coauthor on the zero-shot quantization work, matching the ECCV candidate's SNU affiliation and quantization research topic. Wonjin Cho is not first-listed on that prior paper.",incomplete,partial,"The verified IJCAI 2025 paper is eligible but Wonjin Cho is fourth-listed, so it does not count as prior first-listed authorship. No eligible prior first-listed work was found in the limited review; exact zero is not asserted."
cai_3yt2qp,resolved,https://jaewon040.github.io/,Official personal site identifies Jae Won Jang as an integrated MS/PhD student at Seoul National University advised by Nojun Kwak and lists the ECCV 2026 4DGS360 paper matching the candidate row.,incomplete,partial,Official profile lists no eligible pre-cutoff top-tier main-conference or RA-L first-author paper; listed IJCAI 2026 is after cutoff and a NAACL workshop is excluded. Exact zero was not certified exhaustively.
cai_3zlwkk,resolved,https://shjo-april.github.io/,"Official personal site identifies Sanghyun Jo as Principal AI Researcher at OGQ and lists both ECCV 2026 queue papers, matching the OGQ affiliation and titles. The same author-ordered publication list and linked official proceedings establish prior ICCV 2025, ECCV 2024, and ICCV 2023 works.",complete,high,Four eligible prior first-listed works are verified. COIN (ICCV 2025) and TTD (ECCV 2024) are first-listed co-first; DHR (ECCV 2024) and MARS (ICCV 2023) are first-listed. ICLR 2026 and later works are after the cutoff; ICIP is out of scope.
cai_40wpfu,resolved,https://sailab.kaist.ac.kr/en/members,"The official KAIST SAIL profile identifies Sehyun Lee as a KAIST PhD student, provides his KAIST email and research interests, and lists SPICE (ECCV 2026) plus prior ICCV 2025 and NeurIPS 2023 publications matching the candidate's identity and topic.",complete,high,"Official KAIST profile's full publication record was reviewed. Granular Concept Circuits (ICCV 2025) and Implicit Contrastive Representation Learning (NeurIPS 2023) list Lee second with co-first/equal-contribution notation, so neither counts as first-listed authorship. No eligible prior first-listed paper was found. ECCV 2026 SPICE is after the cutoff and excluded."
cai_4234nl,resolved,https://parkchaesong.github.io/,The personal homepage identifies Chaesong Park as an SNU Robot Vision Lab PhD candidate and lists both the ECCV paper OmniDS and the pre-cutoff publication record.,complete,medium,The sole pre-cutoff eligible first-listed paper shown is SC-Lane at ICCV 2025. HeightLane is WACV and excluded by the fixed venue scope.
cai_4b1r0v,resolved,https://geonyeong-park.github.io/,"Geon Yeong Park's official KAIST profile identifies him as a KAIST postdoctoral researcher and lists the exact 3D-ReGen/MeshReGen 2026 paper. Its publication list provides multiple earlier eligible first-listed CVPR/ICCV/NeurIPS papers, with consistent KAIST/advisor/collaborator history.",complete,high,"Six eligible prior first-listed papers are recorded below. Other listed works are excluded because Park is not first-listed, venue is WACV/AAAI, or the item is a preprint/non-target venue."
cai_4momyb,resolved,https://mintlab.korea.ac.kr/TDSR-VLA/index.html,"The official TDSR-VLA project page identifies Dongwoo Kim as a co-first author and lists the Korea University Department of Mechanical Engineering affiliation, matching the ECCV queue candidate (Dong-Woo Kim, Korea University).",incomplete,partial,The official project record is for the ECCV 2026 paper itself and therefore is not a prior work under the cutoff. No qualifying pre-cutoff first-listed paper was found in the reviewed official record; an exhaustive CV/publication ledger was not available.
cai_4y45ro,resolved,https://rp.kaist.ac.kr/english/sub040201/index/page/3,"Official KAIST Robotics Program graduate-student page identifies Yujin Bae as a 2025 master's student researching computer vision and motion generation, matching the ECCV Ego-Human Motion Prediction candidate and KAIST affiliation.",incomplete,partial,"Identity is resolved via the official KAIST student profile and candidate ECCV page, but no complete historical publication list was found. No eligible prior first-listed work was verified; exact zero is not asserted. ECCV 2026 candidate is after cutoff."
cai_4zux6g,resolved,https://chohoonhee.github.io/hoonheecho/,"Hoonhee Cho's official personal page identifies a KAIST post-doctoral researcher who completed a KAIST Robotics PhD in February 2026, with event-camera and stereo-vision research matching the ECCV candidate and KAIST affiliation.",complete,high,The official publication list was reviewed through the cutoff. Twelve pre-cutoff eligible first-listed works were verified; equal-contribution marks are preserved in the authorship basis.
cai_5bb72u,resolved,https://unist.info/?page_id=2181,"UNIST's official 3D Vision & Robotics Lab student page lists Inha Lee, and the author's GitHub profile identifies Inha Lee at UNIST and links the same ECCV 2026 UniSim-SLAM as first-author work. The name, institution, topic, and collaborator context match the queue candidate.",incomplete,partial,"AiSDF (RA-L 2024) was checked but Inha Lee is second-listed (equal contribution, alphabetical order), so it is not a first-listed prior work under this audit. No eligible prior first-listed work was verified; exhaustive venue review remains pending."
cai_5e0m3b,resolved,https://limgeuntaekk.github.io/,"Official personal profile identifies Geuntaek Lim as a Sejong University AI PhD student advised by Yukyung Choi and lists the ECCV Video-Oasis work and prior video research, matching the candidate affiliation/topic.",complete,high,"The official personal publication list was reviewed through the cutoff. No work in the defined CVPR/ICCV/ECCV/NeurIPS/ICLR/ICML/SIGGRAPH/SIGGRAPH Asia/IROS/ICRA/RA-L scope was found before the ECCV 2026 paper; AAAI, ACM MM, and IEEE Access entries are outside scope."
cai_5k7e2r,resolved,https://dcollection.korea.ac.kr/public_resource/pdf/000000307913_20260421163300.pdf,"Official Korea University thesis record identifies Byungoh Ko in the same multimodal-LLM research area; the official ICCV 2025 paper lists Byungoh Ko with Korea University affiliation and matching ko990128@korea.ac.kr contact, linking the candidate to the publication identity.",incomplete,partial,"At least one eligible prior first-listed? No: the verified ICCV paper lists Joonmyung Choi first, so it establishes prior coauthorship/identity but not prior first-listed authorship. No eligible prior first-listed work was found in this limited review; exact zero is not asserted. ECCV 2026 paper is after cutoff."
cai_5n2beb,unresolved,,"The official arXiv record for the queue-matching White Aggregation and Restoration paper lists Jiyun Im first and Sungkyunkwan University affiliation, but no authoritative personal or institutional profile uniquely links this author to a complete prior-publication record.",incomplete,unresolved,The ECCV 2026 paper itself is after the audit cutoff and is not a prior work. Identity was not resolved strongly enough to assert an exact prior count.
cai_5z4jk6,resolved,https://vision.unist.ac.kr/member.html,"The official UNIST Vision and Learning Lab member page identifies Yihalem Yimolal Tiruneh as an MS student in the CS department researching 3D computer vision. The lab's official publication page lists the exact FlexiAvatar ECCV 2026 paper with Yihalem first-listed, matching the ECCV queue affiliation and topic.",incomplete,partial,"No eligible prior scoped first-listed paper was located in the official UNIST lab publication records reviewed. FlexiAvatar is ECCV 2026 and after the cutoff. The lab record is not an exhaustive personal CV, so exact zero is not asserted."
cai_6itkma,unresolved,,"The official arXiv record for the queue-title NGPS paper identifies Jaehyun Cho as first author, but available institutional evidence conflicts: an official Chung-Ang University page identifies a different Jaehyun Cho as an energy-systems professor, while an IEEE Access record places a Jaehyun Cho at Hansung University. No authoritative profile links the ECCV candidate to the queue's Chung-Ang University affiliation.",incomplete,unresolved,"NGPS is dated June 2026, after the cutoff and is not an eligible prior. The same-name IEEE Access 2026 article is outside the fixed venue scope and cannot resolve the identity."
cai_6vguok,resolved,https://jangho-kim.github.io/,The official Kookmin University MLPR lab page lists Jinwoo Chung as a master's student working on quantization and identifies the lab's ECCV 2026 TAQ paper with Jinwoo Chung first. This matches the queue candidate's Kookmin affiliation and research title.,incomplete,partial,"No eligible pre-cutoff first-listed work was found in the reviewed official lab publication list. The listed CIKM 2025 work is outside the defined venue scope, while IROS 2026 and ECCV 2026 are after the cutoff; exact zero is not asserted."
cai_6zg8qo,resolved,https://woo1726.github.io/,"The official personal profile identifies Wooseok Jang as a KAIST CVLAB PhD student and lists the ECCV queue title, KAIST affiliation, collaborators, and prior research topics. This uniquely matches the ECCV candidate.",complete,high,"The official personal publication list was reviewed. Its ICLR 2024, ICCV 2023, and other listed top-tier works do not place Jang first; no eligible prior first-listed paper was found before the cutoff. The ECCV 2026 paper itself is after the cutoff."
cai_6zrg0h,resolved,https://dongjinkim9.github.io/projects/idf/,The official ICCV project page and CVF proceedings identify Jaekyun Ko as the same denoising researcher in the Hanyang University team; the official ECCV candidate is affiliated with Samsung Electronics and the research topic/collaborator trail is compatible. The ECCV 2026 title is post-cutoff.,incomplete,partial,"IDF is an eligible ICCV 2025 paper but Ko is joint first (equal contribution) and second in listed order, so it does not count as first-listed under the audit rule. No prior first-listed eligible paper was verified; exact zero is not asserted. QA removed non-qualifying evidence rows; count reflects first-listed eligible works only."
cai_726siz,resolved,https://j0seo.github.io/,"KAIST CVLAB student listing and Junyoung Seo's personal CV/profile identify the same KAIST AI researcher, with compatible diffusion/3D-vision topic and collaborator overlap with the ECCV record.",incomplete,medium,"At least three eligible prior first-listed works are verified; therefore the first-author result is definitively not-first. ECCV 2026, CVPR 2026, ICLR 2026, AAAI 2026 and later/under-review records are excluded by the 2026-03-05 cutoff or venue scope."
cai_7bajau,resolved,https://wkim97.github.io/,The official personal profile identifies Woo Jae Kim as a KAIST SGVR Lab PhD candidate and lists the same RoME ECCV 2026 topic context and KAIST affiliation. Its publication list and CV establish continuity with the adversarial-robustness research area.,complete,high,"Feature Separation and Recalibration for Adversarial Robustness is an eligible CVPR 2023 main-conference paper and Woo Jae Kim is first-listed, so the candidate is not first-time under the audit definition. The personal publication list/CV was reviewed through the cutoff; other listed top-tier papers place Kim later in author order."
cai_7f522b,resolved,https://kr.linkedin.com/in/jiun-lee-160874176/ko,"The professional profile identifies Ji-un/Jiun Lee as an AiM Future computer-vision engineer and Sungkyunkwan University graduate, matching the queue's Aimfuture affiliation; it also lists the ECCV 2026 context and 3D reconstruction focus.",incomplete,partial,"The accessible profile lists IEEE Access and Korean conference work, neither in the defined venue scope. No complete official CV or qualifying in-scope prior paper was verified, so exact zero is not claimed."
cai_7i9zpd,resolved,https://hyds.hanyang.ac.kr/front/notice/unNews/view?id=1845,Hanyang University Data Science official news identifies Jungyong Son as the first author of the ECCV 2026 paper Training-Free Task Classification for Multi-Task Model Merging and links the ECCV poster; the title and author match the queue record.,incomplete,partial,No eligible pre-cutoff first-listed paper was found in the official Hanyang announcement or targeted official-source review. The ECCV 2026 paper and 2026 arXiv posting are after the 2026-03-05 cutoff and are excluded; exact zero is not asserted.
cai_7p3vxv,resolved,https://sites.google.com/view/dcvl/team/members,"Konkuk University's official DCVL members page lists Jaehun Jung as a master student and gives the matching institutional lab context; the candidate's EgoGVAE title is associated with that lab, while an unrelated UCI economics profile was rejected.",incomplete,partial,The official Konkuk lab page provides identity linkage but no prior eligible publication list. EgoGVAE is dated after the cutoff (2026-07-30 preprint) and is not eligible; exact zero was not certified.
cai_7t4rru,unresolved,,"The official ECCV accepted-paper listing and arXiv record identify Hana Kim as first author of the candidate CoIn paper, but no authoritative person-level profile was found that links this author to the queue's LG Electronics affiliation; multiple unrelated Hana Kim profiles exist.",incomplete,unresolved,No eligible prior work was entered without identity resolution. The ECCV 2026 CoIn paper is after the cutoff and is not counted.
cai_7x33y1,resolved,https://kyuanoh.github.io/,"Kyuan Oh's official personal site identifies him as a Chung-Ang University AI B.S. candidate and MULTI Lab researcher, and lists the ECCV 2026 paper plus two ICTC 2025 papers. Chung-Ang's official MULTI Lab members page independently lists Kyuan Oh and matching research interests.",incomplete,partial,No eligible scoped prior first-listed paper was verified. ICTC 2025 papers are outside the defined venue scope; exact zero is not asserted. ECCV 2026 paper is after cutoff.
cai_828p7g,resolved,https://sites.google.com/site/hgjeoncv/team,"GIST/Hae-Gon Jeon lab's official team page identifies Jungu Cho, gives a GIST email, and notes his origin at CJ AI Center, exactly matching the candidate's dual affiliation. The official project repository and lab publication pages identify the matching ECCV 2026 From Script to Shot paper.",incomplete,partial,"No eligible pre-cutoff first-author paper was verified. The only earlier same-lab record found, Rehearsal NeRF, is an ICLR 2024 withdrawn submission and is excluded by the method; the ECCV 2026 candidate paper is after cutoff."
cai_8a1asp,resolved,https://ksp.etri.re.kr/ksp/article/read?id=67722,"ETRI's official Knowledge Sharing Platform identifies Gahyeon Kim as first author on an ETRI-affiliated 2023 conference paper, matching the ECCV candidate's ETRI affiliation and name.",incomplete,partial,"The official ETRI record found is Virtual Hand Model Generation Through Size Modifications Of Hand Joint Feature Points for XR Interaction (ICCE Asia 2023), which is outside the fixed venue scope. No qualifying fixed-scope prior first-author work was found in the official ETRI record, but an exhaustive publication list was not available."
cai_96gbai,resolved,https://bigdataewha.github.io/en/team.html,"Ewha AAPL Lab lists Gayoung Kim (김가영) as a doctoral student who joined in 2022, with mathematics-education degrees from Ewha and research focused on curriculum learning for computer vision/NLP, matching the ECCV queue identity and TiCRL topic.",incomplete,partial,No eligible top-tier prior first-author work was verified in the official lab/profile sources reviewed. TiCRL/ECCV 2026 itself is after the cutoff. Exact zero is not asserted without a complete CV.
cai_9jiqs9,resolved,https://utl.korea.ac.kr/team/,"Korea University's official UTL team page identifies Jungmyung Wi as an MS student and describes his computer-vision/deep-learning research, matching the ECCV candidate's Korea University affiliation. The official KU publication page records a 2026 IJCV paper with Wi, but that journal is outside the fixed venue scope and after the cutoff.",incomplete,partial,No eligible pre-cutoff top-tier first-author paper was verified. The official IJCV article is outside the specified venue list and its 2026 publication is after the cutoff; exact zero remains uncertified.
cai_9kzriy,resolved,https://utl.korea.ac.kr/team/,"Korea University's official UTL team page identifies Sojung An as a PhD student with a Korea University email and computer-vision research interests; the UTL official publication list links her to the ECCV LoCA paper, matching the ECCV candidate.",incomplete,partial,"The official UTL publication list shows earlier Sojung An works in an ICCV workshop and journal venues outside the scoped list, while LoCA/ECCV 2026 is after the cutoff. No eligible prior first-listed scoped paper was found in the reviewed official list; exact zero is not asserted."
cai_9o9eef,resolved,https://choi-yeeun.github.io/,"The official personal profile identifies Yeeun Choi as a Yonsei University PhD student in video understanding and lists the exact ECCV queue title as first author, matching affiliation, topic, and collaborators.",incomplete,partial,"The official personal publication list includes ICCV 2025 Open-ended Hierarchical Streaming Video Understanding, where Choi is fourth-listed, and a CVPRW 2025 workshop paper (excluded by venue type). No eligible prior first-listed paper is listed through the cutoff; ECCV 2026 is after cutoff."
cai_9prqnf,unresolved,,"Official ECCV/arXiv record identifies Yoonhyung Park first on the candidate paper, but no authoritative personal or institutional profile links this author to the queue's Ewha affiliation; same-name Ewha medical records cannot safely be merged.",incomplete,unresolved,No prior work entered because identity is unresolved. ECCV 2026 is after cutoff.
cai_9tizu5,resolved,https://jeeit17.github.io/,Ji Ha Jang's official personal site identifies the SNU integrated ECE PhD student and lists the same ECCV 2026 research line. The site's CV/publication links and official CVF records match the queue's lowercase name and SNU affiliation; the spelling variant Ji Ha Jang is treated as the same person.,incomplete,partial,The candidate's ECCV 2026 HyFL-CLIP work is post-cutoff. Official records found ICCV 2025 RoMaP (Ji Ha Jang co-first but second-listed) and ECCV 2024 INTRA workshop (excluded); no eligible prior first-listed paper was established. Exact zero is not asserted. QA removed non-qualifying evidence rows; count reflects first-listed eligible works only.
cai_9wp7oj,resolved,https://ece.snu.ac.kr/en,"SNU’s official ECE profile identifies Jaeseok Byun as a student/researcher advised by Taesup Moon; official CVF proceedings match the name, SNU affiliation/research line, and prior publications. Qualcomm’s official fellowship page also lists Jaeseok Byun at SNU.",incomplete,partial,At least three eligible prior first-listed main-conference papers were verified; exact all-venue count is not asserted.
cai_aj6w7z,resolved,https://unist.info/?page_id=2181,"UNIST 3D Vision & Robotics Lab lists Ganghyeon Lee (이강현) as an MS-PhD integrated student with robot-perception interests. The UNIST lab publication page lists FeDepth with Ganghyeon Lee first, matching the ECCV queue title and affiliation.",incomplete,partial,The official UNIST lab publication list located no earlier in-scope first-author main-conference paper; FeDepth is ECCV 2026 and post-cutoff. No exact zero is asserted because the available profile is not a full CV.
cai_b8qb30,resolved,https://beomyoung-kim.github.io/,Official personal site identifies Beomyoung Kim as an Applied Scientist at NAVER Cloud (Image Vision) and KAIST PhD student; its publication/CV material matches the ECCV 2026 title and NAVER/KAIST affiliation. NAVER's official publication list also links the same author's CVPR work.,incomplete,partial,"At least three eligible prior first-listed main-conference papers were verified. Review was not exhaustive across all listed venues, so no exact count is asserted. ECCV 2026 paper is after the cutoff and is not counted."
cai_bhhbue,resolved,https://cheolhong0916.github.io/,"Official personal profile identifies Cheolhong Min as a Seoul National University CSE PhD student in the VGI Lab, matching the queue affiliation. His official CV lists ReALFRED (ECCV 2024) with Taewoong Kim first and Cheolhong Min equal-second, and Pre-emptive Action Revision (CoRL 2024) with Jinyeon Kim first; CoRL is also outside the fixed scope.",complete,high,Official CV/publication evidence reviewed through the cutoff. No eligible fixed-scope prior work with Cheolhong Min first-listed was found. The ECCV 2024 ReALFRED paper is not first-authored by Min and therefore is excluded from the primary statistic.
cai_c38ddw,resolved,https://jinkyu032.vercel.app/,"Jinkyu Kim's official personal site identifies him as an SNU Computer Vision Lab Ph.D. student, gives an snu.ac.kr email, and lists the ECCV candidate D2PO paper. The same publication list and official proceedings records link him to the prior federated-learning papers below.",incomplete,partial,At least one eligible prior first-listed work was verified. Two CVPR 2024 papers establish the same identity but list Jinkyu Kim second (one equal-contribution marker); they do not count toward first-listed total. Exact count is not asserted pending exhaustive review. QA removed non-qualifying evidence rows; count reflects first-listed eligible works only.
cai_cap2jl,resolved,https://cg.postech.ac.kr/ourteam,POSTECH Computer Graphics Lab's official team page lists Gahye Lee as a PhD student in 3D vision; the lab's official news page lists the ECCV 2026 StructureGS paper with Gahye Lee first.,incomplete,partial,"Deep Polycuboid Fitting for Compact 3D Representation of Indoor Scenes (3DV 2025) is first-authored by Gahye Lee but 3DV is outside the fixed venue scope. The official team/news pages establish identity and the known prior, but do not expose an exhaustive personal publication list."
cai_e8zy4y,resolved,https://hchoi256.github.io/,The personal homepage identifies Hojun Choi at KAIST AI and lists both ECCV 2026 first-listed papers and the complete preceding publication list.,complete,medium,Before the cutoff the listed main-venue papers place Hojun Choi after the first author. The only pre-cutoff first-listed item is a CVPR workshop paper and is excluded by the fixed venue scope.
cai_efi1pk,resolved,https://scholar.gist.ac.kr/handle/local/21806,The ECCV record identifies Changyeon Won at GIST and the GIST institutional repository records the same author as first-listed on an ECCV 2022 paper.,incomplete,partial,At least one earlier eligible first-listed paper is verified. Exhaustive count still pending.
cai_emre,resolved,https://junsang7777.github.io/,"Jun-Sang Yoo's official personal site identifies him as a Korea University Integrated M.S./Ph.D. student in the Deep Image Processing Lab and lists MASS, matching the ECCV candidate title, affiliation, and video-frame-interpolation topic. The site's publication list also links the prior ICCV 2023 VOS-VFI paper.",incomplete,high,One eligible first-listed ICCV paper is sufficient to determine that the candidate is not a first eligible paper author. The profile and official CV/publication sources were not exhaustively reconciled across every eligible venue for an exact count.
cai_epucdv,resolved,https://sites.google.com/view/jongohjeong,Official personal site identifies Jongoh Jeong (정종오) as a KAIST Robotics Ph.D. candidate with a kaist.ac.kr email and lists the exact ECCV 2026 Rank-Aware Hyperbolic Alignment paper as first-listed author.,complete,high,"The official publication list was reviewed exhaustively for the defined venues and cutoff. Earlier BMVC 2022, AAAI 2024, and ECCV 2024 papers are not first-listed by Jongoh; CVPR 2026, ICLR 2026, and WACV 2026 are after the 2026-03-05 cutoff; workshops and non-scope journals are excluded. Exact eligible prior first-author count is therefore zero."
cai_evpjgt,resolved,https://sites.google.com/view/cvlabknu,"The official Computer Vision Lab at Kangwon National University identifies HoTaek Oh as the author of the ECCV 2026 DA-F2F paper and reports his KNU lab affiliation, matching the candidate.",incomplete,partial,"The official KNU lab page reports only the ECCV 2026 paper and future CVPR 2026 news; no pre-cutoff eligible prior work was verified, but an exact zero is not asserted."
cai_f1p5x0,resolved,https://kr.linkedin.com/in/myungchul-jaden-kim,"The official/professional profile identifies Myungchul Kim as a KAIST PhD candidate co-advised by Junmo Kim and In So Kweon, matching the ECCV ARGOS author list and KAIST affiliation. Official CVPR/WACV records connect the same name, KAIST email, and collaborator network.",incomplete,partial,"The verified prior WACV 2021 paper has Myungchul Kim first but WACV is outside the fixed venue scope. The official CVPR 2024 MTMMC paper includes him fourth, not first. ARGOS is dated April 2026, after the cutoff. No eligible prior first-listed work was verified; exact zero is not claimed."
cai_f92iuw,resolved,https://hjpark83.github.io/,The official Hanyang Computer Vision Lab collaborator page of Hyunjoon Park lists Junha Kim first on High-Resolution Artwork Outpainting with Global Blueprint Guidance and Layout Control and identifies the Hanyang lab affiliation; the author/title match the ECCV queue record.,incomplete,partial,No eligible pre-cutoff first-listed paper was found in targeted official-source review. The matching arXiv/ECCV 2026 work is after the cutoff and is excluded; exact zero is not asserted.
cai_fc52e2,unresolved,,"An official arXiv record and proceedings material show a Hangyeol Lee on diffusion/accelerator papers, while an official Hangyeol Lee CV identifies a different GIST/Hanyang robotics researcher. No authoritative source links the queue's KAIST candidate to either publication identity, so the names cannot be safely merged.",incomplete,unresolved,The apparent EXION 2025 coauthorship is not counted because identity cannot be linked to the KAIST candidate and Hangyeol Lee is not first listed there. The ECCV 2026 paper is after the cutoff.
cai_fw6dki,resolved,https://visualai.khu.ac.kr/publication/domestic,"Kyung Hee University's official Visual AI Lab publication page identifies Jiyoung Park as a change-captioning researcher and lists related 2024–2025 works. The ECCV queue title and the later official preprint use the same name, collaborators, and change-captioning research line, supporting identity linkage to the KHU candidate.",incomplete,partial,The ECCV 2026 paper and September 2026 preprint are after the cutoff. The lab page's domestic publications and the 2025 CORTEX preprint are outside the eligible venue scope. No eligible prior first-listed paper was found in the limited review; exact zero is not asserted.
cai_g2e1q9,resolved,https://jonghyun813.github.io/profile/personal/JonghyunPark_CV.pdf,"Official personal CV identifies Jonghyun Park as an SNU AI M.S./Ph.D. student, gives the snu.ac.kr email, advisor, and the exact queue-matching ECCV 2026 title as first-listed author.",complete,high,"The official CV lists the ECCV 2026 paper and an under-review paper, with no earlier eligible CVPR/ICCV/ECCV/NeurIPS/ICLR/ICML/SIGGRAPH/SIGGRAPH Asia/IROS/ICRA/RA-L first-listed paper. The ECCV 2026 paper is after the cutoff; workshop work is excluded."
cai_ghq2dv,resolved,https://yeonwoo378.github.io/,"Yeonwoo Cha's official KAIST/Vision and Learning Lab personal site identifies the author as a KAIST computer-science master's student and lists the exact ECCV 2026 Training-Free Refinement of Flow Matching with Divergence-based Sampling paper. The site also lists FlowBind (ICLR 2026) and Simulation-Free Training of Neural ODEs on Paired Data (NeurIPS 2024), with Yeonwoo not first-listed on the latter.",complete,high,The official publication list was checked against the defined venues and cutoff. FlowBind is an ICLR 2026 conference paper whose conference proceedings are after the 2026-03-05 cutoff; the NeurIPS 2024 paper is not first-listed by Yeonwoo Cha. The ECCV 2026 paper is also after the cutoff. No eligible prior first-listed scoped work was found.
cai_gp25hv,resolved,https://namin-an.github.io/assets/pdf/CV_NaMinAn.pdf,"Official personal CV identifies Na Min An (preferred first name Namin) as a KAIST AI Ph.D. student advised by Hyunjung Shim and lists the exact ECCV 2026 queue title as first-listed author, matching the KAIST AI affiliation and multimodal-bias topic.",complete,high,"The official CV publication list was reviewed against the defined venues and cutoff. Earlier listed works are EMNLP, ACL, EACL, COLM, IJCNN, and non-scope journals. CVPR 2026, COLM 2026, and ECCV 2026 are after the 2026-03-05 cutoff. Exact eligible prior first-listed count is zero."
cai_h88dox,resolved,https://reality.ssu.ac.kr/,"Soongsil University's official Reality Lab site lists Hyunsuh Koh among lab researchers and attributes Soongsil research publications to Hyunsuh Koh, matching the ECCV candidate's affiliation and vision-language/robotics research context.",incomplete,partial,"The official Reality Lab sources checked show Hyunsuh Koh on non-eligible workshop/BMVC work, with no verified eligible top-tier first-listed paper found. Exact zero count is not asserted."
cai_hebl81,resolved,https://www.seunghyunshin.com/,"Seunghyun Shin's official personal site identifies him as a GIST AI Graduate School PhD candidate, gives a gm.gist.ac.kr email, and lists the matching TriMotion ECCV 2026 work plus the same visual-generation research trajectory as the ECVA candidate.",incomplete,partial,Two verified pre-cutoff eligible first-listed papers establish that the candidate is not a first eligible paper author. The exact prior count was not exhaustively reconciled across every scoped venue.
cai_hfk2wa,resolved,https://openreview.net/profile?id=~Daeun_Lee6,OpenReview's official profile identifies Daeun Lee as an MS student at Seoul National University. This matches the queue affiliation and the ECCV title; an author LinkedIn post independently identifies the same title as the author's ECCV 2026 paper.,incomplete,partial,No eligible prior first-listed top-tier work was verified in this limited pass. The queue paper is ECCV 2026 and after the prior-work cutoff. Exhaustive review remains pending.
cai_hrvtmd,resolved,https://cvlab.postech.ac.kr/page/members,"The official POSTECH Computer Vision Lab members page identifies Chanhui Lee under AI Safety. The official CVPR 2025 Open Access record lists Chanhui Lee first for Data-free Universal Adversarial Perturbation, and the author/topic/coauthor match (including Jeany Son) links that record to the POSTECH candidate.",incomplete,partial,One verified eligible first-listed CVPR paper establishes a positive prior count. An exhaustive exact count was not asserted because no complete official CV/publication list was located.
cai_hwa1vk,resolved,https://github.com/YeomSuWoong,"Personal GitHub profile identifies Suwoong Yeom as a combined MS/PhD student at Sogang University, with ORCID and Vision & Display Systems Lab links; the ECCV poster and TRiGS author record match the name and research topic.",incomplete,partial,"No eligible prior first-listed scoped-venue paper was verified. ICSD-NeRF is an IEEE Transactions on Computational Imaging article (not RA-L), and TRiGS was submitted after the cutoff. Exact zero is not asserted."
cai_i3rmfg,resolved,https://mms.snu.ac.kr/?page_id=17,"The official SNU Mobile Multimedia Systems Group publications page lists J. Kim and S. Namkung as equal first authors of the exact SplitHDR ECCV paper with D. Jeon, matching the ECCV candidate and SNU affiliation.",incomplete,partial,SplitHDR is the ECCV 2026 candidate itself and is post-cutoff; no earlier scoped first-listed work was found in the official group publication list. Exact zero is not asserted.
cai_igfx9k,resolved,https://kangrnin.github.io/,"Official personal profile identifies Kangmin Seo as an SKKU Visual Computing Lab master's student and lists the exact ECCV 2026 title and collaborators, matching the candidate affiliation/topic.",incomplete,medium,"Reviewed the official publication list through the cutoff. NeurIPS 2025 paper lists Kangmin Seo fifth, and CVPR 2026 Findings is excluded; no eligible prior first-listed work was found. Exact zero is not claimed because broader exhaustive review remains outside this shard."
cai_ipzaj2,resolved,https://kim-jake.github.io/,"Official personal profile identifies Jaeik Kim as an SNU AIDAS Lab M.S. student and lists the exact ECCV queue-title paper. The linked official SNU AIDAS people page also lists Jaeik Kim and his SNU email, matching the queue affiliation.",complete,high,Two eligible prior first-listed NeurIPS 2025 main-conference papers were verified before the cutoff; SECOND (ICML 2025) includes Kim but he is third-listed and is excluded from the first-author count.
cai_irr0x2,unresolved,,"Searches found an arXiv record for Chan Yeong Hwang on the ECCV 2026 SpatiO paper, but no authoritative personal, institutional, ORCID, or proceedings profile tying that name to Korea University or the ECCV record.",incomplete,unresolved,"The arXiv SpatiO record is dated April 2026, after the 2026-03-05 cutoff, and is not itself an eligible prior work. Identity must be resolved before any prior-paper count can be asserted."
cai_jdrqn8,resolved,https://inwoohwang.me/,"The candidate's ECCV topic and SNU affiliation match Inwoo Hwang's official personal site, which identifies him as an SNU 3D-vision PhD candidate and lists SceneMI with the same motion-generation research profile.",incomplete,partial,"One eligible first-listed ICCV 2025 paper is verified. The profile also mentions other 2025 works and a CVPR 2025 acceptance, but those are not all first-listed and an exhaustive venue-by-venue count was not completed."
cai_jh8r6a,resolved,https://twkang43.github.io/,"Taewook Kang's official SNU Machine Perception and Reasoning Lab personal site identifies him as an SNU AI master's student, gives his SNU email, advisor, education, and research area, and lists the ECCV 2026 candidate paper Domain Arithmetic with Kang first. The profile is consistent with the SNU affiliation and VLA topic in ECVA.",incomplete,partial,No eligible prior first-listed work was found in the official profile or SNU lab publication page. The listed ICML 2026 work is after the 2026-03-05 cutoff and Kang is not first; EAAI/KSC items are outside scope. Exact zero is not asserted.
cai_jnhf9l,resolved,https://jspark1213.github.io/,Jinsoo Park's official personal site identifies him as a POSTECH CVLab integrated M.S./Ph.D. student with matching 3D-reconstruction research and lists the ECCV candidate Diversity-aware View Partitioning paper as first author. No earlier eligible in-scope work was found on the profile or linked official material.,incomplete,partial,No eligible prior first-listed paper was found in the reviewed official profile/material. The ECCV 2026 paper is after the cutoff; exact zero is not asserted because exhaustive review remains incomplete.
cai_jr6jbb,unresolved,,"Searches for Bonmu Do, Inha University, and the ECCV title did not locate an official personal or institutional profile sufficient to link this candidate to a publication identity.",incomplete,unresolved,No eligible prior work was entered because identity could not be verified. The ECCV 2026 paper itself is after the cutoff and is not counted.
cai_jsekvg,unresolved,,"The exact ECCV title has a 2026 arXiv record naming Juyong Lee, but no official Chung-Ang University or personal profile linking this name to the candidate was located.",incomplete,unresolved,The ECCV 2026 paper is after the cutoff; no eligible prior first-listed work verified.
cai_jx2bx,resolved,https://cilabs.kaist.ac.kr/members/ph-d,"The official KAIST CI Lab PhD-student page lists Yeeun Seong, and the official lab publication page lists RainODE with Yeeun Seong first/equal-contributor and KAIST lab context, matching the ECCV candidate identity and topic.",incomplete,partial,"RainODE is the ECCV 2026 candidate paper and is after the cutoff; its equal-first note is recorded by the official lab page. No earlier eligible first-listed paper was found in the official lab pages reviewed, but they are not an exhaustive dated CV, so exact zero is not asserted."
cai_kh2ms1,resolved,https://sung0503.github.io/TPB/,"The official TPB project page identifies Seokhee Jin as first/equal-contributing author of the ECCV candidate AdaBoosting Text Prompts paper and gives the associated KT Corporation/POSTECH collaborators. The official POSTECH advisor page identifies Seokhee Jin as a POSTECH Machine Learning Lab alumnus (MS 2026 Spring), matching the queue POSTECH affiliation and research topic.",incomplete,partial,No eligible pre-cutoff first-listed paper was found in the reviewed official material. Active Prompt Learning with Vision-Language Model Priors is a 2025 TMLR paper (out of the fixed venue scope) and does not count; the ECCV 2026 candidate is after the cutoff. Exact zero is not asserted because exhaustive review remains incomplete.
cai_kvpogs,resolved,https://arxiv.org/abs/2603.14825,"The official arXiv record identifies Yewon Han as first author of the exact ECCV 2026 queue-matching paper and gives Graduate School of Data Science, Seoul National University affiliation. A self-authored LinkedIn post independently identifies the author and the same paper as her first PhD paper.",incomplete,partial,"No eligible prior scoped first-listed paper was located in the official records reviewed. The arXiv record dates the queue-matching paper 2026-03-16, after cutoff. No exhaustive official CV/publication list was found, so exact zero is not asserted."
cai_kxnc4p,resolved,https://sites.google.com/vilab.cau.ac.kr/thkim/home,"The official Chung-Ang University Visual Intelligence Lab profile identifies Taehoon Kim as a Ph.D. student at CAU, gives the CAU lab email, and lists the ECCV 2026 candidate paper Preserving Knowledge across Space and Time for Continual Video Deepfake Detection. The profile's media-forensics topic and collaborator list are consistent with the ECVA record.",incomplete,partial,One verified eligible prior first-listed paper establishes that the candidate is not a first-time top-tier first author. The exact count is not asserted because the venue-by-venue review was not exhaustive; ECCV 2026 is after the 2026-03-05 cutoff.
cai_kzekq6,resolved,https://ee.kaist.ac.kr/en/notices/%EA%B9%80%ED%98%84%ED%98%B8-%EB%B0%95%EC%82%AC%EC%A7%80%EA%B5%90%EC%88%98-%EA%B9%80%EB%AC%B8%EC%B2%A0-%EC%B6%A9%EB%82%A8%EB%8C%80%ED%95%99%EA%B5%90-%EC%A0%84%EC%9E%90%EA%B3%B5%ED%95%99/,"The official KAIST announcement identifies Dr. Hyun-Ho Kim, his KAIST VIC Lab/Munchurl Kim affiliation, research in PAN-sharpening and satellite imaging, and appointment at Chungnam National University. KAIST Pure records list the same Hyun Ho Kim with matching PAN-sharpening works and institutional history, resolving the ECCV candidate.",incomplete,partial,"Reviewed official KAIST Pure records and institutional announcement. The identified prior publications are journals outside the defined scope (TGRS, GRSL, etc.); no eligible CVPR/ICCV/ECCV/NeurIPS/ICLR/ICML/SIGGRAPH/IROS/ICRA/RA-L first-listed work was verified, but the available institutional list is not certified exhaustive."
cai_l5wc63,resolved,https://kr.linkedin.com/in/junah-jung,"The official/current SNU-linked profile identifies Junah Jung at Seoul National University; contemporaneous SNU research-group posts identify Junah Jung as co-first author of the ECCV 2026 CS-TTA paper, matching the candidate title and SNU affiliation. No pre-cutoff eligible prior first-author work was found in the reviewed official traces.",incomplete,partial,The ECCV 2026 CS-TTA record is after the cutoff and is not counted. Co-first status is noted for the candidate paper only; no earlier eligible work was verified.
cai_lgn1f2,resolved,https://uygnim99.github.io/,"Official KAIST personal site identifies Mingue Park as a KAIST AI Computing student advised by Minhyuk Sung and lists DiverseVAR, matching the ECCV candidate title, affiliation, and author order.",complete,high,The official publication list was reviewed against the cutoff. PairFlow (ICLR 2026) and Token Warping (CVPR 2026) have 2026 conference/proceedings timing after the 2026-03-05 cutoff; DiverseVAR is the ECCV 2026 candidate itself; the remaining listed work is a preprint. No eligible prior first-listed scoped paper exists. Exact prior eligible first-author count is 0.
cai_llao67,resolved,https://imclab.skku.edu/students/,"Official SKKU IMCLab student page identifies Minsu Park (Park Min-su) and states research interests in 3D Gaussian Splatting and 3D Vision, matching the ECCV MagnetGS-Mesh topic and duplicated SKKU affiliation. IMCLab/LinkedIn publication announcement links Minsu Park to the ECCV 2026 paper.",incomplete,partial,"Identity is resolved, but the official profile does not expose a complete historical publication list. No eligible prior first-listed work was verified from authoritative proceedings during this shard review; exact zero is not asserted. ECCV 2026 itself is after the cutoff and excluded."
cai_luktrb,resolved,https://jeongeunnn-e.github.io/,Jeongeun Lee's official personal site identifies her as a Yonsei University DLI Lab master's student and lists the ECCV 2026 Personalized Reward Modeling paper with the same authorship and affiliation. Yonsei DLI's official team page independently lists Jeongeun Lee.,complete,partial,"Official publication list reviewed through the cutoff: listed prior works are EMNLP Findings, COLM, and an ICLR workshop, all outside the eligible venue scope. No eligible first-listed CVPR/ICCV/ECCV/NeurIPS/ICLR/ICML/SIGGRAPH/SIGGRAPH Asia/IROS/ICRA/RA-L paper found."
cai_lz5fec,resolved,https://sites.google.com/view/mlcf/Researcher/department-of-artificial-intelligence,"Yonsei University's official MLCF researcher page identifies Hyun-woo Kim as an MS student at Yonsei University (hw.kim@yonsei.ac.kr), lists his research interests, and lists his first/co-first authorship on a 2025 journal article. The same official lab publication listing identifies him as first author of the ECCV 2026 DIVA paper, matching the candidate title.",incomplete,partial,No verified eligible top-tier first-listed prior work was found in the official Yonsei sources checked. The listed 2025 Journal of Korea Multimedia Society article is outside the defined venue scope. Exact zero count is not asserted.
cai_mfsxnt,resolved,https://moonseokha.github.io/,"Seokha Moon's official personal site identifies him as a Korea University Vision & AI Lab PhD student, gives a Korea University email, and lists autonomous-driving/3D perception research. The official ECCV 2024 VisionTrap project and proceedings PDF list Seokha Moon first with Korea University affiliation, linking the same identity and topic trajectory to the ECCV candidate.",incomplete,partial,At least one eligible prior first-listed main-conference paper is verified. Exact count is not asserted because exhaustive review of all eligible venues remains incomplete. Other reviewed works such as WACV 2024 and WACV 2026 are outside the fixed venue scope.
cai_mn3icz,resolved,https://seokhunchoi.github.io/Blending-NeRF/,"The official Blending-NeRF project page lists Hyeonseop Song first (equal contribution), with LG Electronics affiliation, and the same research collaborators as the ECCV candidate. The official ICCV proceedings/table of contents also lists Song first and LG Electronics. This resolves the candidate to the LG researcher and establishes an eligible ICCV 2023 prior first-listed paper.",incomplete,partial,"At least one verified eligible prior first-listed work establishes that the candidate was not first-time eligible. A public CV or complete publication list for Hyeonseop Song was not located, so exact count is not asserted. PoseSyn (ICCV 2025) lists ChangHee Yang first, with Song equal-contribution second, and is not counted as first-listed for Song."
cai_mphq7f,resolved,https://sites.google.com/view/taks-personal-page/,"SeungJun Tak's official personal page identifies him as a combined MS-PhD student in Sungkyunkwan University's Intelligent Robotics department, gives a g.skku.edu email, and matches the ECCV candidate's LiDAR/SLAM research. The SKKU lab publication page lists the matching ECCV 2026 paper as his first-author work.",incomplete,partial,No pre-cutoff eligible first-author paper was verified in the official personal page or SKKU lab publication record. The matching ECCV 2026 paper is after cutoff and is not counted; exact zero remains uncertified.
cai_mpz21o,resolved,https://davian.kaist.ac.kr/people,"The official KAIST DAVIAN people page identifies Seokju Yun (sj_yun@kaist.ac.kr) as a member working on LLM, reinforcement learning, and 3D/4D generation. The official University of Seoul news page links Seokju Yun to the CVPR 2025 SoMA paper, and the ECCV poster record gives the matching Seokju Yun/KAIST AI candidate context.",incomplete,partial,One eligible prior first-listed CVPR main-conference paper was verified. Exact all-venue count is not asserted because exhaustive review across every scoped venue was not completed; ECCV 2026 is after the cutoff.
cai_ms06pb,unresolved,,"The ECCV accepted-paper listing and later preprint expose a similar Haksoo/Haksu Lim name, but no authoritative personal or institutional profile was found linking the candidate's KAIST affiliation to that publication identity. The later preprint is after the audit cutoff and is not counted.",incomplete,unresolved,No eligible prior work was entered without person-level identity resolution. The ECCV 2026 paper is after the cutoff and is not counted.
cai_mwqjea,resolved,https://github.com/Hyunwoo-Park-Yonsei,"The candidate's GitHub profile identifies Hyunwoo Park, a Yonsei University graduate in Korea, and links his professional identity to autonomous-driving work; a matching LinkedIn profile identifies Hyunwoo Park at STRADVISION and names the ECCV 2026 queue title. The affiliation, topic, and author/title match resolve the candidate.",incomplete,partial,No eligible prior first-listed work was verified. The profile's listed 2024 TITS article is outside the defined venue scope; the 2024 trajectory-planning item is an arXiv record without an in-scope publication. Exhaustive venue review remains pending.
cai_naliiu,resolved,https://cryptology-algorithm-lab.github.io/,"Hanyang University's official Cryptology & Algorithm Lab identifies Changjin Kim as a lab member and links the candidate's research activity to the Hanyang group. The CVPR Open Access record for LAN lists Changjin Kim first and gives Hanyang affiliations, matching the ECCV Hanyang candidate.",complete,high,One eligible prior first-listed paper is verified; AAAI 2026 GuidNoise is after the cutoff and is outside the fixed venue scope. ICTC and CoRR records are also outside scope.
cai_nnq0gi,resolved,https://heokunho.github.io/,"KunHo Heo's official personal site and CV identify him as a Kyung Hee University Visual Science Lab master's student and list the queue's ECCV 2026 paper, matching the candidate identity.",incomplete,high,One eligible prior first-listed main-conference paper was verified (NeurIPS 2025). Exact total is not asserted because exhaustive all-venue review was not completed; ECCV 2026 candidate paper is post-cutoff.
cai_ofpn1x,resolved,https://sites.google.com/view/cvml-kaist/members,The official KAIST CVML members page lists Jaeyo Shin as a KAIST MS student with the same diffusion/3D vision research area as the ECCV paper. The official ECCV poster record supplies the candidate's paper and KAIST affiliation; the CVML page is the institutional identity link.,incomplete,partial,"No eligible prior first-listed main-conference or RA-L paper was verified in the sources reviewed. The searchable institutional page identifies one non-scope AAAI 2024 paper (MagiCapture) but does not provide a complete CV/publication history, so an exact zero is not asserted."
cai_og1gaa,resolved,https://cilab.yonsei.ac.kr/members/,"Yonsei University's official CILAB members page lists Kyusik Cho with a Yonsei email and machine-vision research interest, while the official CILAB home page announces his ECCV 2026 Environmental Change Detection paper. This matches the queue's Yonsei affiliation and official ECCV poster record.",incomplete,partial,"The official CILAB pages verify the ECCV identity, but no complete personal CV or publication list was accessible. The 2025 Environmental Change Detection arXiv version is a preprint, not an eligible main-conference or RA-L publication, and no qualifying prior first-listed work was verified."
cai_oifae6,resolved,https://hyds.hanyang.ac.kr/front/notice/unNews/view?id=1845,"Hanyang University's official Data Science page names Jinwook Jung among the authors of the ECCV 2026 task-classification paper and identifies the Hanyang research context, compatible with the queue affiliation and merged-model topic.",incomplete,partial,The official Hanyang page verifies the ECCV identity but provides no complete prior-publication list. The similarly named 2014 semiconductor-conference author is not treated as the same person because it lacks compatible identity evidence.
cai_ojgfc2,resolved,https://vip.snu.ac.kr/viplab/pub.html,Seoul National University's official Visual Information Processing Lab publication page lists Eunyi Lyou as first author of the ECCV 2026 candidate paper and identifies her prior WACV work.,complete,high,"The official lab publication list was reviewed for Eunyi Lyou. Her earlier first-listed paper, Modality-Aware Representation Learning for Zero-shot Sketch-based Image Retrieval, is WACV 2024 and therefore excluded by the fixed venue scope. No eligible first-listed CVPR/ICCV/ECCV/NeurIPS/ICLR/ICML/SIGGRAPH/SIGGRAPH Asia/IROS/ICRA/RA-L work was found in the listed record."
cai_oxumrd,resolved,https://kimdoeon.github.io/,Official personal homepage identifies Doeon Kim (김도언) as a Soongsil University Ph.D. student in the VIP Lab/SmartAILab and lists the queue's WiFi-JEPA ECCV 2026 paper as first author.,incomplete,partial,"No eligible prior top-tier first-listed paper was found on the official profile/CV-linked publication record. The site lists ECCV 2026, later 2026 preprints, and under-review work; because the available CV/publication page is not an exhaustive historical bibliography, exact zero cannot be asserted."
cai_pm0chr,resolved,https://kim-geonu.github.io/,"Official personal profile identifies GeonU Kim as a KAIST AMI Lab PhD student supervised by Tae-Hyun Oh, matching the KAIST ECCV affiliation and 3D novel-view-synthesis topic.",complete,high,"The official publication list was reviewed through the cutoff. It contains qualifying CVPR/RA-L/ECCV papers, but GeonU Kim is not first-listed on any of them; no prior first-author paper was found. AAAI 2024 is outside the defined venue scope."
cai_pp6710,resolved,https://taeryunglee.github.io/,"Taeryung Lee's official personal site identifies him as an SNU Computer Vision Lab Ph.D. candidate and lists the ECCV 2026 candidate paper SIGNER with Taeryung Lee first. The same profile and CV identify his SNU email, advisor, research area, and ICCV 2023 paper with the same first-author name and collaborators.",incomplete,partial,One verified eligible prior first-listed ICCV paper establishes not-first-time status. The CV also lists an ICLR 2023 paper where Lee is not first and a CVPR 2024 workshop paper excluded by scope. Exact count is not asserted.
cai_qbdd0v,resolved,https://carpedkm.github.io/,"Official personal homepage identifies Daneul Kim as an SNU CSE Ph.D. student, gives the SNU email/domain and advisor Jaesik Park, and lists the ECCV 2026 paper title and prior publications matching the queue record.",complete,high,"One verified eligible prior first-listed work found. The official CVF record shows Daneul Kim first-listed on the CVPR 2025 paper. Pick-or-Mix (CVPR 2024) lists Ashish Kumar first, and Online Generic Event Boundary Detection (ICCV 2025) lists Hyung Rok Jung first (Daneul is co-first/second-listed), so those are excluded under the first-listed rule."
cai_qiaew2,resolved,https://elenacamuffo.github.io/,Elena Camuffo's official personal site identifies her as a computer-graphics/deep-learning researcher and lists the ECCV title MOCHA; her current CLO affiliation is also stated on her current personal site.,incomplete,partial,"One verified qualifying first-listed IROS 2024 paper is sufficient to establish that the candidate is not first-time under the audit rule. The personal CV/publication page is not explicitly exhaustive, so an exact count is not claimed. CVPRW 2023, ICIP, ICASSP, and other non-scope works were excluded."
cai_qkmdou,resolved,https://kim-junseong.github.io/,"Kim Junseong's official personal site identifies him as a joint MS-PhD student at POSTECH AMI Lab and lists the queue's SA-ResGS ECCV 2026 paper, matching the POSTECH affiliation and research identity.",incomplete,high,"Three eligible prior first-listed works were verified: CVPR 2025, RA-L 2024, and ECCV 2022. Exact total is not asserted because all-venue review was not exhaustive; ECCV 2026 is post-cutoff."
cai_ql2vg6,resolved,https://vision.snu.ac.kr/gunhee/,"Seoul National University's official Vision and Learning Lab page lists Keonhee Park with Gunhee Kim and the SiGMA ECCV 2026 project, matching the queue title and SNU lab affiliation.",incomplete,partial,"No eligible prior first-listed work was found on the official lab publication listing, but exact zero is not asserted because an exhaustive all-venue review was not completed. The ECCV 2026 candidate paper is post-cutoff."
cai_qogv77,resolved,https://dohyun-as.github.io/,"Official personal homepage identifies Dohyun Kim as an integrated M.S./Ph.D. student in Korea University's CSE department and MIIL, with the same ECCV 2026 title and a CVPR 2025 publication.",complete,high,"The official homepage publication list contains the prior CVPR 2025 paper and the ECCV 2026 queue paper. Random Conditioning has an equal-contribution marker for Dohyun Kim and Sehwan Park, but Dohyun is first-listed, so it counts under the stated primary statistic."
cai_r292ys,resolved,https://sunyj-hxppy.github.io/,"Official personal homepage identifies Sunyoung Jung as a Yonsei University PhD student in the MICV lab and lists the ECCV 2026 paper Controlling Motion Transfer in Diffusion Transformers via Attention Heads, matching the candidate.",incomplete,partial,No eligible prior first-listed scoped-venue paper was verified. Her listed MICCAI 2024/2025 work is outside scope; the NeurIPS 2025 QWERTY listing names other authors first. Exact zero is not asserted.
cai_r6mnbm,resolved,https://parksoobin1219.github.io/SA-V2V/,"The official SA-V2V project page lists Soobin Park first and explicitly gives Sookmyung Women's University affiliation, matching the ECCV candidate. Official Korea University IPA publication records and project pages link the same Soobin Park to the 2025 CVPR/ICCV research group, confirming the publication identity.",incomplete,partial,"Reviewed official CVPR/ICCV project records show Soobin Park as a non-first author (CVPR 2025 IDS; ICCV 2025 DRF), so they do not count. The ECCV 2026 SA-V2V paper is after the cutoff. No eligible prior first-listed work was found in the reviewed sources; exact zero is not asserted."
cai_riq103,resolved,https://vi.kaist.ac.kr/pages/people/,"KAIST Vision Intelligence Lab's official people page lists Daehyun We as a Robotics Program member and a February 2026 master's graduate continuing to the lab. An OpenReview-hosted CV for collaborator Youngho Yoon lists Daehyun We as the first author of the ECCV 2026 MotionEditGS paper, matching the queue title and KAIST context.",incomplete,partial,"No eligible prior first-listed top-tier work was verified in this limited pass. The official CV labels MotionEditGS as preprints/under review, and it is the ECCV 2026 queue paper itself, so it is not prior under the cutoff. Exhaustive venue-by-venue review remains pending."
cai_rkv24,resolved,https://jisung0111.github.io/,"Jisung Hwang's official KAIST Visual AI Group personal page identifies him as a KAIST PhD student and lists the ECCV 2026 NoiseTilt paper, matching the queue affiliation and title.",complete,high,The official publication list was reviewed through the cutoff. It contains one verified earlier eligible first-listed paper; later ICML 2026 and ECCV 2026 entries are after or at the current paper and excluded.
cai_ro66h9,resolved,https://boseungjeong.github.io/,"The personal CV identifies Boseung Jeong as a POSTECH CV Lab PhD candidate, lists the ECCV paper, and records an earlier first-listed CVPR paper.",incomplete,partial,"At least one earlier eligible first-listed paper is verified. Exhaustive count still pending."
cai_ruido7,resolved,https://andy9705.github.io/,"Kyungmin Min's official personal site identifies him as an SNU Artificial Intelligence PhD student and lists ReflectCAP: Detailed Image Captioning with Reflective Memory as his ECCV 2026 first-author paper, matching the queue name, SNU affiliation, and official ECCV record.",complete,high,"The official publication list was reviewed through the cutoff. Prior listed works are NAACL 2025 Findings, EMNLP 2025, COLING 2025, a NeurIPS workshop, and DSTC11; none is an eligible main-conference full paper or RA-L article. ECCV 2026 is after the cutoff. Exact prior eligible first-author count is zero."
cai_skq83z,resolved,https://mldljyh.github.io/,"Official POSTECH personal profile identifies Jongyeop Hyun as a POSTECH Graduate School of AI master's student and lists the ECCV 2026 SPLIT paper with Hyounghun Kim. The POSTECH NLP people page independently lists Jongyeop Hyun, POSTECH, and the same multimodal-learning research area. The profile's earlier listed work is EMNLP 2025, which is outside the defined eligible venue scope.",complete,high,No eligible prior first-listed CVPR/ICCV/ECCV/NeurIPS/ICLR/ICML/SIGGRAPH/SIGGRAPH Asia/IROS/ICRA or RA-L work found through the official profile and institutional corroboration. EMNLP 2025 is excluded by venue scope; ECCV 2026 is the target paper and after the cutoff.
cai_t65o4r,resolved,https://www.researchgate.net/profile/Sunggu-Kyung,"The official ECCV 2026 accepted-paper list identifies Sunggu Kyung as first author of the candidate paper; the University of Ulsan/Asan Medical Center research profile matches the same name, affiliation, medical-imaging topic, and publication collaborators.",incomplete,partial,"The institution-linked publication profile shows no scoped CVPR/ICCV/ECCV/NeurIPS/ICLR/ICML/SIGGRAPH/IROS/ICRA/RA-L first-listed paper among the reviewed works; no prior eligible first-listed work was entered. ResearchGate is supporting identity context only, not sole proof of a count. Exact zero is not asserted. ECCV 2026 is after cutoff."
cai_tbnw12,resolved,https://yoonseokchoi-ai.github.io/,"Official personal site identifies Yoonseok Choi as a Yonsei MILAB PhD student, gives a yonsei.ac.kr email, and lists the ECCV 2026 DRIFT paper with matching title and author order.",complete,high,Official publication list reviewed through cutoff: no prior eligible first-listed work. MICCAI/CMPB are outside scope; ECCV 2026 is post-cutoff.
cai_thbfl0,resolved,https://rlqja1107.github.io/,"Kibum Kim's official personal site identifies him as a KAIST PhD candidate, and his official publication list contains the queue's Sink-Token-Aware Pruning ECCV 2026 paper and matching prior works.",incomplete,high,At least three eligible prior first-listed papers were verified. Exact total is not asserted because the review was not exhaustive across every eligible venue; post-cutoff ECCV 2026 and ICLR 2026 records were not counted.
cai_txmnjf,resolved,https://sites.google.com/view/cvlab-seoultech,"The official SeoulTech Computer Vision Lab page identifies Hoyeon Shin as first author of Unbalanced Optimal Transport for Efficient Visual Document Retrieval and places the lab at Seoul National University of Science and Technology, matching the candidate.",incomplete,partial,The lab publication page exposes the ECCV 2026 target and later work but no complete historical CV; no pre-cutoff eligible first-listed work was verified.
cai_ua9szx,resolved,https://agile.ewha.ac.kr/,Ewha AGILE's official publications page lists Jiyeong Kim first on the ECCV 2026 title and the ECCV 2024 masked-token paper. The official ECCV 2024 PDF confirms Jiyeong Kim and Ewha W. University affiliation; the candidate's professional profile independently identifies the same Ewha researcher.,incomplete,partial,"One eligible prior ECCV main-conference paper was verified, but Jiyeong Kim is fifth-listed, so it does not count as first-listed authorship. No eligible prior first-listed paper was found in the limited review; exact zero is not asserted. The ECCV 2026 candidate paper and March 2026 preprint are after the cutoff. QA removed non-qualifying evidence rows; count reflects first-listed eligible works only."
cai_ue4bx1,resolved,https://jaechang.dev/,"Official personal site identifies Jaechang Kim as a POSTECH Machine Learning Lab researcher and lists Visual Prompt Discovery, matching the ECCV candidate title and POSTECH affiliation.",incomplete,partial,"A verified NeurIPS 2021 paper has Kim second-listed, so it does not count as first-author evidence. The official profile lists earlier ICASSP papers (outside the fixed venue scope) and 2025 ACL/NAACL/TMLR works; exhaustive top-tier first-author review was not completed. QA removed non-qualifying evidence rows; count reflects first-listed eligible works only."
cai_ulv5l2,resolved,https://kwakkyoleen.github.io/,Kyoleen Kwak's official personal site identifies her as a Kyung Hee University AI graduate student in AIRLab; the Kyung Hee AIRLab members page independently lists Kyoleen Kwak and her research area. The ECCV poster and AIRLab publication pages match the name and research line.,incomplete,partial,No eligible scoped prior first-listed paper was verified. The AAAI 2026 first-author paper is outside the user-defined venue scope; exact zero is not asserted. ECCV 2026 is after cutoff.
cai_uw6q6r,resolved,https://youngwanlee.github.io/,"Official personal site identifies Youngwan Lee as an ETRI senior researcher and KAIST PhD student, matching the ECCV candidate's ETRI affiliation and research area.",complete,high,"Official publication list was reviewed through cutoff. Verified eligible first-listed works: CenterMask (CVPR 2020), MPViT (CVPR 2022), and Exploring the Role of Mean Teachers (ICLR 2023, equal-first marker). Workshop, findings, and non-first works are excluded. Exact prior eligible first-author count is 3."
cai_wa4xuq,resolved,https://openreview.net/profile?id=~Tomislav_Dobri%C4%8Dki1,The official OpenReview profile identifies Tomislav Dobrički as a Chung-Ang University PhD student with confirmed ai.cau.ac.kr email and advisor Byung-Woo Hong. The official ICTC 2022 program also lists Tomislav Dobrički with Chung-Ang University; the ECVA candidate title and affiliation match this identity.,incomplete,partial,The verified 2019 ICIST and 2022 ICTC works are outside the defined venue scope. The ECCV 2026 Source-Agnostic paper is after the cutoff. No eligible prior first-listed work was found in the limited review; exact zero is not asserted.
cai_wf4ulq,resolved,https://scholarx.skku.edu/item/3a0a8fcd-c172-4ccf-a013-3fbb42ac06ec,The Sungkyunkwan University ScholarWorks record identifies YongHoon Kang as the first author of a federated-learning article and matches the ECCV queue's Sungkyunkwan affiliation and federated-learning topic. The official ECCV record and arXiv metadata identify the queue paper and author.,incomplete,partial,"The official/institutional publication records reviewed show no prior CVPR, ICCV, ECCV, NeurIPS, ICLR, ICML, SIGGRAPH, SIGGRAPH Asia, IROS, ICRA, or RA-L first-listed paper. Other listed works are journals, non-scope conferences, or a 2026 Information Sciences article; exact zero is not asserted because no exhaustive official CV was found."
cai_wmhgsr,resolved,https://rbdnjs7830.github.io/,"Kyuwon Kim's official personal site identifies him as a KAIST Electrical Engineering master's student in the U-AIM Lab and lists SPECSIA as his ECCV 2026 paper, matching the queue affiliation and official ECCV record.",complete,high,"The official personal publication list was reviewed through the cutoff. Its only pre-cutoff item is a 2025 Journal of the IEIE paper, outside the defined venue scope; ECCV 2026 is after the cutoff. Exact prior eligible first-author count is zero. A separate similarly named KAIST mathematics student is not merged because the affiliation, lab, and research topic do not match."
cai_xaq0nr,resolved,https://minseokii.github.io/,"Minseok Kang's official personal profile identifies him as an integrated M.S./Ph.D. student at Yonsei University and lists the exact ECCV queue paper, with the same first-author name and video scene-graph topic. The profile also lists his prior NeurIPS 2025 first-author paper.",incomplete,partial,One verified eligible prior first-listed NeurIPS paper establishes that the candidate is not first-time. Exact count is not claimed because the profile is not an exhaustive venue-by-venue ledger.
cai_xcjd2a,resolved,https://vig.kist.re.kr/people,"The official Visual Intelligence Group (KIST) people page lists Kyeongmo Chae as a research member. The official ECCV 2026 poster record supplies the matching candidate title, name, and Kyungpook National University affiliation; no conflicting same-name computer-vision identity was found.",incomplete,partial,No eligible prior first-listed paper was verified in the limited official-profile/proceedings review. The 2026 DAB text-to-video paper is dated July 2026 (after cutoff) and is not counted; exact zero is not asserted.
cai_xku1g9,resolved,https://kr.linkedin.com/in/seokyeong-lee-852a96191,"The professional profile identifies SeokYeong Lee as a KAIST postdoctoral researcher and lists the same 3D-vision publication line (MAIR, MAIR++, and PLOT) as the ECCV candidate. The official CVF MAIR record lists SeokYeong Lee with matching name and computer-vision topic, while the official ECCV record supplies the candidate paper and KAIST affiliation context.",incomplete,partial,"No prior eligible first-listed paper was found in this limited review. MAIR (CVPR 2023) is eligible but SeokYeong Lee is second-listed, so it is retained only as identity-linked non-first evidence; exact zero is not asserted. ECCV 2026 is after the cutoff."
cai_xlzkem,resolved,https://immedia.seoultech.ac.kr/members,"SeoulTech's official Immersive Media Lab members page lists Jeong Ingyu (InGyu Jeong), and the lab's official publications page lists In-Gyu Jeong as first author of the 2025 ICEIC neural-light-field paper. This matches the queue affiliation and the ECCV 2026 author identity.",incomplete,partial,"The official lab publication list shows a 2025 ICEIC paper, which is outside the defined venue scope. No eligible prior first-listed work was verified; exhaustive venue review remains pending."
cai_xr8msq,unresolved,,"The ECCV record identifies Yeonkyeong Lee first with Kakao, and Kakao's official corporate site verifies the organization. No official personal, lab, or Kakao researcher profile uniquely linking this name to the ECCV author was located. A later 2026 KATok preprint names Yeonkyeong Lee but is after the audit cutoff and is not sufficient as a pre-cutoff identity link.",incomplete,unresolved,Identity is unresolved; no prior-work count is asserted. The later KATok preprint (August 2026) is post-cutoff and excluded.
cai_xslldp,resolved,https://vgi.korea.ac.kr/html/members.html,"Korea University VGI's official members page identifies Habin Lim as an M.S.-Ph.D. student with a Korea University email. The official ICCV 2025 ConceptSplit proceedings record uses the same name, Korea University affiliation, and research line, linking the ECCV candidate to the publication identity.",incomplete,partial,At least one eligible prior first-listed main-conference paper was verified; exact all-venue count is not asserted. The ECCV 2026 OSVE paper is after the cutoff and is not counted.
cai_xyxncm,resolved,https://leejunoh.com/,"Junoh Lee's official personal site identifies him as a GIST researcher and lists the matching ECCV 2026 paper, with GIST affiliation and author order matching the queue record.",incomplete,partial,"Two eligible prior first-listed main-conference papers were verified. Review was not exhaustive across every in-scope venue, so this is a lower bound; ECCV 2026 paper is after cutoff and excluded."
cai_ycply5,resolved,https://kejeon.github.io/,Official personal profile identifies Kang Eun Jeon and links his SKKU/DGIST research trajectory; publication page provides a dated publication record. No eligible-scope first-listed work was found in the reviewed record.,incomplete,partial,Reviewed official publication list and profile; listed works are outside the eligible venue scope or not first-listed. Exact zero requires broader exhaustive identity review.
cai_yzlijd,resolved,https://swb.skku.edu/appliedailab/international_pub.do,"The official Sungkyunkwan University Applied AI & Computer Vision Lab publication page lists Jaehun Park as a coauthor on its CVPR 2024 paper, and the official CVPR record gives the same Jaehun Park/SKKU research context. The ECCV queue title is also listed with Jaehun Park first on the official eXCV/ECCV workshop page. Name, institution, collaborators, and topic are compatible.",incomplete,partial,"CSTA (CVPR 2024) is eligible by venue/date but Jaewon Son is first-listed and Jaehun Park is second. The other located first-authored paper is Image Perturbation-Based Deep Learning for Face Recognition Utilizing Discrete Cosine Transform (Electronics, 2021), outside the fixed venue scope. No exhaustive personal CV was located, so exact zero is not claimed."
cai_z352tg,resolved,https://seongyukim.github.io/,"Seongyu Kim's official KAIST Multimodal AI Lab profile identifies him as a KAIST integrated M.S./Ph.D. student and lists See & Sniff with Kim first, matching the ECCV candidate title, KAIST affiliation, collaborators, and multimodal research area.",incomplete,partial,"The official profile lists CVPR 2025 Seeing Speech and Sound with Seongyu Kim second-listed, and CVPR 2026 Seeing Through Touch after the cutoff; neither is an eligible prior first-author paper. Exact zero is not asserted because no exhaustive dated CV was available."
cai_zrrap3,resolved,https://minjoong507.github.io/bio.html,Official biography identifies Minjoon Jung as SNU PhD student advised by Byoung-Tak Zhang; research in video/multimodal AI matches the ECCV candidate.,incomplete,partial,"Official site lists WACV 2025 first-author work, outside scope; no scoped prior was verified and exact zero is not asserted."
cai_zv9xh,resolved,https://jeanyson.github.io/lab/members/,The official GIST ViRL Lab members page lists Yeonghwan Song as an M.S./Ph.D. integrated student with a GIST email. The same lab's official publications page lists his ICCV 2023 first-author paper and CVPR 2025 coauthored paper; the ECCV record confirms the candidate paper and GIST-affiliated identity.,incomplete,partial,One eligible prior first-listed ICCV paper was verified. His CVPR 2025 paper is second-listed and therefore not counted. Review was not exhaustive across all scoped venues; exact count is not asserted.
