paper_uid,virtual_poster_id,title,eccv_first_author_name,eccv_first_author_affiliation_raw,primary_affiliation_category,candidate_identity_key,identity_resolution_status,identity_profile_url,identity_evidence_summary,top_tier_venue_scope,prior_work_cutoff,prior_work_eligibility_rule,minimum_confirmed_prior_eligible_top_tier_first_author_count,previous_eligible_top_tier_first_author_count,previous_explicit_cofirst_author_count,is_first_eligible_top_tier_first_author,first_paper_determination_status,evidence_ledger_row_count,count_confidence,official_ecva_record_url,notes
c20ad4d76fe97759aa27a0c99bff6710,3136,Repurposing Geometric Foundation Models for Multi-view Diffusion,Wooseok Jang,Korea Advanced Institute of Science & Technology,KOREAN_UNIVERSITY_GRAD_SCIENCE_INSTITUTE,cai_6zg8qo,unreviewed,,,CVPR; ICCV; ECCV; NeurIPS; ICLR; ICML; SIGGRAPH; SIGGRAPH Asia; IROS; ICRA; RA-L,2026-03-05T23:00:00+01:00,"Main-conference full paper or RA-L journal article published on or before the cutoff; first-listed authorship only. Workshops, posters, demos, abstracts, and unverified identity matches are excluded.",0,,,,blocked_on_identity_review,0,unreviewed,https://eccv.ecva.net/virtual/2026/poster/3136,
9bf31c7ff062936a96d3c8bd1f8f2ff3,3137,Transferability Between Understanding and Generation in Unified Multimodal Models,Jiwon Kang,KAIST AI,KOREAN_UNIVERSITY_GRAD_SCIENCE_INSTITUTE,cai_1re1s4r,unreviewed,,,CVPR; ICCV; ECCV; NeurIPS; ICLR; ICML; SIGGRAPH; SIGGRAPH Asia; IROS; ICRA; RA-L,2026-03-05T23:00:00+01:00,"Main-conference full paper or RA-L journal article published on or before the cutoff; first-listed authorship only. Workshops, posters, demos, abstracts, and unverified identity matches are excluded.",0,,,,blocked_on_identity_review,0,unreviewed,https://eccv.ecva.net/virtual/2026/poster/3137,
02e74f10e0327ad868d138f2b4fdd6f0,3139,TETO: Tracking Events with Teacher Observation for Motion Estimation and Frame Interpolation,Jini Yang,KAIST AI,KOREAN_UNIVERSITY_GRAD_SCIENCE_INSTITUTE,cai_1018n5o,unreviewed,,,CVPR; ICCV; ECCV; NeurIPS; ICLR; ICML; SIGGRAPH; SIGGRAPH Asia; IROS; ICRA; RA-L,2026-03-05T23:00:00+01:00,"Main-conference full paper or RA-L journal article published on or before the cutoff; first-listed authorship only. Workshops, posters, demos, abstracts, and unverified identity matches are excluded.",0,,,,blocked_on_identity_review,0,unreviewed,https://eccv.ecva.net/virtual/2026/poster/3139,
182be0c5cdcd5072bb1864cdee4d3d6e,3141,"Blind to Position, Biased in Language: Probing Mid-Layer Representational Bias in Vision-Language Encoders for Zero-Shot Language-Grounded Spatial Understanding",Na Min An,KAIST AI,KOREAN_UNIVERSITY_GRAD_SCIENCE_INSTITUTE,cai_gp25hv,unreviewed,,,CVPR; ICCV; ECCV; NeurIPS; ICLR; ICML; SIGGRAPH; SIGGRAPH Asia; IROS; ICRA; RA-L,2026-03-05T23:00:00+01:00,"Main-conference full paper or RA-L journal article published on or before the cutoff; first-listed authorship only. Workshops, posters, demos, abstracts, and unverified identity matches are excluded.",0,,,,blocked_on_identity_review,0,unreviewed,https://eccv.ecva.net/virtual/2026/poster/3141,
735b90b4568125ed6c3f678819b6e058,3148,TaskTok: Delving into Task Tokens for Task-driven Image Restoration,Hongjae Lee,Korea University,KOREAN_UNIVERSITY_GRAD_SCIENCE_INSTITUTE,cai_1ojjouf,unreviewed,,,CVPR; ICCV; ECCV; NeurIPS; ICLR; ICML; SIGGRAPH; SIGGRAPH Asia; IROS; ICRA; RA-L,2026-03-05T23:00:00+01:00,"Main-conference full paper or RA-L journal article published on or before the cutoff; first-listed authorship only. Workshops, posters, demos, abstracts, and unverified identity matches are excluded.",0,,,,blocked_on_identity_review,0,unreviewed,https://eccv.ecva.net/virtual/2026/poster/3148,
93db85ed909c13838ff95ccfa94cebd9,3151,LogicIR: Logic Gate Networks for Image Restoration,Hongjae Lee,Korea University,KOREAN_UNIVERSITY_GRAD_SCIENCE_INSTITUTE,cai_1ojjouf,unreviewed,,,CVPR; ICCV; ECCV; NeurIPS; ICLR; ICML; SIGGRAPH; SIGGRAPH Asia; IROS; ICRA; RA-L,2026-03-05T23:00:00+01:00,"Main-conference full paper or RA-L journal article published on or before the cutoff; first-listed authorship only. Workshops, posters, demos, abstracts, and unverified identity matches are excluded.",0,,,,blocked_on_identity_review,0,unreviewed,https://eccv.ecva.net/virtual/2026/poster/3151,
202cb962ac59075b964b07152d234b70,3154,Learning from Adversity: Semantic-Aware Mask Refinement through Adversarial Perturbation,Beom Young Kim,NAVER Cloud,KOREAN_COMPANY,cai_b8qb30,unreviewed,,,CVPR; ICCV; ECCV; NeurIPS; ICLR; ICML; SIGGRAPH; SIGGRAPH Asia; IROS; ICRA; RA-L,2026-03-05T23:00:00+01:00,"Main-conference full paper or RA-L journal article published on or before the cutoff; first-listed authorship only. Workshops, posters, demos, abstracts, and unverified identity matches are excluded.",0,,,,blocked_on_identity_review,0,unreviewed,https://eccv.ecva.net/virtual/2026/poster/3154,
903ce9225fca3e988c2af215d4e544d3,3157,What You Ask is What You Ground: Bridging Question Intent to Temporal Evidence for Grounded VideoQA,Jinhwan Seo,KAIST,KOREAN_UNIVERSITY_GRAD_SCIENCE_INSTITUTE,cai_1of1kd,unreviewed,,,CVPR; ICCV; ECCV; NeurIPS; ICLR; ICML; SIGGRAPH; SIGGRAPH Asia; IROS; ICRA; RA-L,2026-03-05T23:00:00+01:00,"Main-conference full paper or RA-L journal article published on or before the cutoff; first-listed authorship only. Workshops, posters, demos, abstracts, and unverified identity matches are excluded.",0,,,,blocked_on_identity_review,0,unreviewed,https://eccv.ecva.net/virtual/2026/poster/3157,
577ef1154f3240ad5b9b413aa7346a1e,3180,Real-Time LiDAR Gaussian Splatting SLAM via Geometry-Aware Covariance Coupling,SeungJun Tak,Sungkyunkwan University,KOREAN_UNIVERSITY_GRAD_SCIENCE_INSTITUTE,cai_mphq7f,unreviewed,,,CVPR; ICCV; ECCV; NeurIPS; ICLR; ICML; SIGGRAPH; SIGGRAPH Asia; IROS; ICRA; RA-L,2026-03-05T23:00:00+01:00,"Main-conference full paper or RA-L journal article published on or before the cutoff; first-listed authorship only. Workshops, posters, demos, abstracts, and unverified identity matches are excluded.",0,,,,blocked_on_identity_review,0,unreviewed,https://eccv.ecva.net/virtual/2026/poster/3180,
3cec07e9ba5f5bb252d13f5f431e4bbb,3183,Multi-THuMBS: Multi-person Tracking of 3D Human Meshes Beyond Video Shots,Jeongwan On,UNIST,KOREAN_UNIVERSITY_GRAD_SCIENCE_INSTITUTE,cai_16kt7l8,unreviewed,,,CVPR; ICCV; ECCV; NeurIPS; ICLR; ICML; SIGGRAPH; SIGGRAPH Asia; IROS; ICRA; RA-L,2026-03-05T23:00:00+01:00,"Main-conference full paper or RA-L journal article published on or before the cutoff; first-listed authorship only. Workshops, posters, demos, abstracts, and unverified identity matches are excluded.",0,,,,blocked_on_identity_review,0,unreviewed,https://eccv.ecva.net/virtual/2026/poster/3183,
371bce7dc83817b7893bcdeed13799b5,3203,EgoExo-Con: Exploring View-Invariant Video Temporal Understanding,Minjoon Jung,Seoul National University,KOREAN_UNIVERSITY_GRAD_SCIENCE_INSTITUTE,cai_zrrap3,unreviewed,,,CVPR; ICCV; ECCV; NeurIPS; ICLR; ICML; SIGGRAPH; SIGGRAPH Asia; IROS; ICRA; RA-L,2026-03-05T23:00:00+01:00,"Main-conference full paper or RA-L journal article published on or before the cutoff; first-listed authorship only. Workshops, posters, demos, abstracts, and unverified identity matches are excluded.",0,,,,blocked_on_identity_review,0,unreviewed,https://eccv.ecva.net/virtual/2026/poster/3203,
9b70e8fe62e40c570a322f1b0b659098,3225,Training-Free Refinement of Flow Matching with Divergence-based Sampling,Yeonwoo Cha,KAIST,KOREAN_UNIVERSITY_GRAD_SCIENCE_INSTITUTE,cai_ghq2dv,unreviewed,,,CVPR; ICCV; ECCV; NeurIPS; ICLR; ICML; SIGGRAPH; SIGGRAPH Asia; IROS; ICRA; RA-L,2026-03-05T23:00:00+01:00,"Main-conference full paper or RA-L journal article published on or before the cutoff; first-listed authorship only. Workshops, posters, demos, abstracts, and unverified identity matches are excluded.",0,,,,blocked_on_identity_review,0,unreviewed,https://eccv.ecva.net/virtual/2026/poster/3225,
11b921ef080f7736089c757404650e40,3241,Streaming Dense Voxel Representations for 3D Occupancy Prediction,Seokha Moon,Korea University,KOREAN_UNIVERSITY_GRAD_SCIENCE_INSTITUTE,cai_mfsxnt,unreviewed,,,CVPR; ICCV; ECCV; NeurIPS; ICLR; ICML; SIGGRAPH; SIGGRAPH Asia; IROS; ICRA; RA-L,2026-03-05T23:00:00+01:00,"Main-conference full paper or RA-L journal article published on or before the cutoff; first-listed authorship only. Workshops, posters, demos, abstracts, and unverified identity matches are excluded.",0,,,,blocked_on_identity_review,0,unreviewed,https://eccv.ecva.net/virtual/2026/poster/3241,
5487315b1286f907165907aa8fc96619,3265,CoT-PL: Chain-of-Thought Pseudo-Labeling for Open-Vocabulary Object Detection,Hojun Choi,KAIST AI,KOREAN_UNIVERSITY_GRAD_SCIENCE_INSTITUTE,cai_e8zy4y,resolved,https://hchoi256.github.io/,The personal homepage identifies Hojun Choi at KAIST AI and lists both ECCV 2026 first-listed papers and the complete preceding publication list.,CVPR; ICCV; ECCV; NeurIPS; ICLR; ICML; SIGGRAPH; SIGGRAPH Asia; IROS; ICRA; RA-L,2026-03-05T23:00:00+01:00,"Main-conference full paper or RA-L journal article published on or before the cutoff; first-listed authorship only. Workshops, posters, demos, abstracts, and unverified identity matches are excluded.",0,0,,yes,confirmed_first,0,medium,https://eccv.ecva.net/virtual/2026/poster/3265,Before the cutoff the listed main-venue papers place Hojun Choi after the first author. The only pre-cutoff first-listed item is a CVPR workshop paper and is excluded by the fixed venue scope.
e4bb4c5173c2ce17fd8fcd40041c068f,3266,Open-Vocabulary BEV Segmentation with 3D-Aware Geometric Constraints,Hojun Choi,KAIST AI,KOREAN_UNIVERSITY_GRAD_SCIENCE_INSTITUTE,cai_e8zy4y,resolved,https://hchoi256.github.io/,The personal homepage identifies Hojun Choi at KAIST AI and lists both ECCV 2026 first-listed papers and the complete preceding publication list.,CVPR; ICCV; ECCV; NeurIPS; ICLR; ICML; SIGGRAPH; SIGGRAPH Asia; IROS; ICRA; RA-L,2026-03-05T23:00:00+01:00,"Main-conference full paper or RA-L journal article published on or before the cutoff; first-listed authorship only. Workshops, posters, demos, abstracts, and unverified identity matches are excluded.",0,0,,yes,confirmed_first,0,medium,https://eccv.ecva.net/virtual/2026/poster/3266,Before the cutoff the listed main-venue papers place Hojun Choi after the first author. The only pre-cutoff first-listed item is a CVPR workshop paper and is excluded by the fixed venue scope.
2e65f2f2fdaf6c699b223c61b1b5ab89,3276,MoScale: Autoregressive Next-Scale Prediction for Human Motion Generation and Editing,Inwoo Hwang,Seoul National University,KOREAN_UNIVERSITY_GRAD_SCIENCE_INSTITUTE,cai_jdrqn8,unreviewed,,,CVPR; ICCV; ECCV; NeurIPS; ICLR; ICML; SIGGRAPH; SIGGRAPH Asia; IROS; ICRA; RA-L,2026-03-05T23:00:00+01:00,"Main-conference full paper or RA-L journal article published on or before the cutoff; first-listed authorship only. Workshops, posters, demos, abstracts, and unverified identity matches are excluded.",0,,,,blocked_on_identity_review,0,unreviewed,https://eccv.ecva.net/virtual/2026/poster/3276,
b137fdd1f79d56c7edf3365fea7520f2,3278,Universal Image Immunization against Diffusion-based Image Editing via Semantic Injection,Chanhui Lee,POSTECH,KOREAN_UNIVERSITY_GRAD_SCIENCE_INSTITUTE,cai_hrvtmd,unreviewed,,,CVPR; ICCV; ECCV; NeurIPS; ICLR; ICML; SIGGRAPH; SIGGRAPH Asia; IROS; ICRA; RA-L,2026-03-05T23:00:00+01:00,"Main-conference full paper or RA-L journal article published on or before the cutoff; first-listed authorship only. Workshops, posters, demos, abstracts, and unverified identity matches are excluded.",0,,,,blocked_on_identity_review,0,unreviewed,https://eccv.ecva.net/virtual/2026/poster/3278,
2dace78f80bc92e6d7493423d729448e,3287,Posterior Samplings are Missing Modalities Generators for Medical Image Translation,Jonghun Kim,Sungkyunkwan University,KOREAN_UNIVERSITY_GRAD_SCIENCE_INSTITUTE,cai_14o5u5o,unreviewed,,,CVPR; ICCV; ECCV; NeurIPS; ICLR; ICML; SIGGRAPH; SIGGRAPH Asia; IROS; ICRA; RA-L,2026-03-05T23:00:00+01:00,"Main-conference full paper or RA-L journal article published on or before the cutoff; first-listed authorship only. Workshops, posters, demos, abstracts, and unverified identity matches are excluded.",0,,,,blocked_on_identity_review,0,unreviewed,https://eccv.ecva.net/virtual/2026/poster/3287,
f7e9050c92a851b0016442ab604b0488,3303,MASS: Motion-Aligned Selective Scan for Flow-Based Video Frame Interpolation,Jun-Sang YOO,Korea University,KOREAN_UNIVERSITY_GRAD_SCIENCE_INSTITUTE,cai_emre,unreviewed,,,CVPR; ICCV; ECCV; NeurIPS; ICLR; ICML; SIGGRAPH; SIGGRAPH Asia; IROS; ICRA; RA-L,2026-03-05T23:00:00+01:00,"Main-conference full paper or RA-L journal article published on or before the cutoff; first-listed authorship only. Workshops, posters, demos, abstracts, and unverified identity matches are excluded.",0,,,,blocked_on_identity_review,0,unreviewed,https://eccv.ecva.net/virtual/2026/poster/3303,
49c9adb18e44be0711a94e827042f630,3308,Anti-Prompt: Image Protection against Text-Guided Image-to-Video Generation,Yeonghwan Song,GIST,KOREAN_UNIVERSITY_GRAD_SCIENCE_INSTITUTE,cai_zv9xh,unreviewed,,,CVPR; ICCV; ECCV; NeurIPS; ICLR; ICML; SIGGRAPH; SIGGRAPH Asia; IROS; ICRA; RA-L,2026-03-05T23:00:00+01:00,"Main-conference full paper or RA-L journal article published on or before the cutoff; first-listed authorship only. Workshops, posters, demos, abstracts, and unverified identity matches are excluded.",0,,,,blocked_on_identity_review,0,unreviewed,https://eccv.ecva.net/virtual/2026/poster/3308,
2f885d0fbe2e131bfc9d98363e55d1d4,3321,Selective Synergistic Learning for Video Object-Centric Learning,WonJun Moon,Sungkyunkwan University,KOREAN_UNIVERSITY_GRAD_SCIENCE_INSTITUTE,cai_1x65kxi,unreviewed,,,CVPR; ICCV; ECCV; NeurIPS; ICLR; ICML; SIGGRAPH; SIGGRAPH Asia; IROS; ICRA; RA-L,2026-03-05T23:00:00+01:00,"Main-conference full paper or RA-L journal article published on or before the cutoff; first-listed authorship only. Workshops, posters, demos, abstracts, and unverified identity matches are excluded.",0,,,,blocked_on_identity_review,0,unreviewed,https://eccv.ecva.net/virtual/2026/poster/3321,
ffeed84c7cb1ae7bf4ec4bd78275bb98,3364,Source-Agnostic Image Translation Based on Latent Aware Adaptive Masking,Tomislav Dobrički,Chung-Ang University,KOREAN_UNIVERSITY_GRAD_SCIENCE_INSTITUTE,cai_wa4xuq,unreviewed,,,CVPR; ICCV; ECCV; NeurIPS; ICLR; ICML; SIGGRAPH; SIGGRAPH Asia; IROS; ICRA; RA-L,2026-03-05T23:00:00+01:00,"Main-conference full paper or RA-L journal article published on or before the cutoff; first-listed authorship only. Workshops, posters, demos, abstracts, and unverified identity matches are excluded.",0,,,,blocked_on_identity_review,0,unreviewed,https://eccv.ecva.net/virtual/2026/poster/3364,
c8ba76c279269b1c6bc8a07e38e78fa4,3383,ProSR: Semantic-Prototype-Guided Discrete Modeling for Physically Consistent SAR Super-Resolution,Byoungwoo Kim,KAIST,KOREAN_UNIVERSITY_GRAD_SCIENCE_INSTITUTE,cai_18w3st,unreviewed,,,CVPR; ICCV; ECCV; NeurIPS; ICLR; ICML; SIGGRAPH; SIGGRAPH Asia; IROS; ICRA; RA-L,2026-03-05T23:00:00+01:00,"Main-conference full paper or RA-L journal article published on or before the cutoff; first-listed authorship only. Workshops, posters, demos, abstracts, and unverified identity matches are excluded.",0,,,,blocked_on_identity_review,0,unreviewed,https://eccv.ecva.net/virtual/2026/poster/3383,
d759175de8ea5b1d9a2660e45554894f,3398,TriMotion: Modality-Agnostic Camera Control for Video Generation,Seunghyun Shin,"AI Graduate School, Gwangju Institute of Science and Technology(GIST)",KOREAN_UNIVERSITY_GRAD_SCIENCE_INSTITUTE,cai_hebl81,unreviewed,,,CVPR; ICCV; ECCV; NeurIPS; ICLR; ICML; SIGGRAPH; SIGGRAPH Asia; IROS; ICRA; RA-L,2026-03-05T23:00:00+01:00,"Main-conference full paper or RA-L journal article published on or before the cutoff; first-listed authorship only. Workshops, posters, demos, abstracts, and unverified identity matches are excluded.",0,,,,blocked_on_identity_review,0,unreviewed,https://eccv.ecva.net/virtual/2026/poster/3398,
d010396ca8abf6ead8cacc2c2f2f26c7,3461,Why Can't I Open My Drawer? Mitigating Object-Driven Shortcuts in Zero-Shot Compositional Action Recognition,Geo Ahn,Kyung Hee University,KOREAN_UNIVERSITY_GRAD_SCIENCE_INSTITUTE,cai_18fxd9z,unreviewed,,,CVPR; ICCV; ECCV; NeurIPS; ICLR; ICML; SIGGRAPH; SIGGRAPH Asia; IROS; ICRA; RA-L,2026-03-05T23:00:00+01:00,"Main-conference full paper or RA-L journal article published on or before the cutoff; first-listed authorship only. Workshops, posters, demos, abstracts, and unverified identity matches are excluded.",0,,,,blocked_on_identity_review,0,unreviewed,https://eccv.ecva.net/virtual/2026/poster/3461,
dca5672ff3444c7e997aa9a2c4eb2094,3475,ORION: Ordinal Neural Collapse as a Representation Prior for Visual Navigation,E In Son,Seoul National University,KOREAN_UNIVERSITY_GRAD_SCIENCE_INSTITUTE,cai_1q4k30l,unreviewed,,,CVPR; ICCV; ECCV; NeurIPS; ICLR; ICML; SIGGRAPH; SIGGRAPH Asia; IROS; ICRA; RA-L,2026-03-05T23:00:00+01:00,"Main-conference full paper or RA-L journal article published on or before the cutoff; first-listed authorship only. Workshops, posters, demos, abstracts, and unverified identity matches are excluded.",0,,,,blocked_on_identity_review,0,unreviewed,https://eccv.ecva.net/virtual/2026/poster/3475,
f60bb6bb4c96d4df93c51bd69dcc15a0,3480,ReDesign: Recovering Editable Design Structures from Raster Images via Agentic Decomposition,Jooyeol Yun,Korea Advanced Institute of Science and Technology,KOREAN_UNIVERSITY_GRAD_SCIENCE_INSTITUTE,cai_19ar351,unreviewed,,,CVPR; ICCV; ECCV; NeurIPS; ICLR; ICML; SIGGRAPH; SIGGRAPH Asia; IROS; ICRA; RA-L,2026-03-05T23:00:00+01:00,"Main-conference full paper or RA-L journal article published on or before the cutoff; first-listed authorship only. Workshops, posters, demos, abstracts, and unverified identity matches are excluded.",0,,,,blocked_on_identity_review,0,unreviewed,https://eccv.ecva.net/virtual/2026/poster/3480,
ba1b3eba322eab5d895aa3023fe78b9c,3511,SA-ResGS: Self-Augmented Residual 3D Gaussian Splatting for Next Best View Selection,Kim Jun-Seong,Pohang University of Science and Technology (POSTECH),KOREAN_UNIVERSITY_GRAD_SCIENCE_INSTITUTE,cai_qkmdou,unreviewed,,,CVPR; ICCV; ECCV; NeurIPS; ICLR; ICML; SIGGRAPH; SIGGRAPH Asia; IROS; ICRA; RA-L,2026-03-05T23:00:00+01:00,"Main-conference full paper or RA-L journal article published on or before the cutoff; first-listed authorship only. Workshops, posters, demos, abstracts, and unverified identity matches are excluded.",0,,,,blocked_on_identity_review,0,unreviewed,https://eccv.ecva.net/virtual/2026/poster/3511,
57c0531e13f40b91b3b0f1a30b529a1d,3528,Path-level Hindsight Instructions for Semantic Exploration in Vision-Language Navigation,Sungjune Kim,Korea University,KOREAN_UNIVERSITY_GRAD_SCIENCE_INSTITUTE,cai_11rcyvl,unreviewed,,,CVPR; ICCV; ECCV; NeurIPS; ICLR; ICML; SIGGRAPH; SIGGRAPH Asia; IROS; ICRA; RA-L,2026-03-05T23:00:00+01:00,"Main-conference full paper or RA-L journal article published on or before the cutoff; first-listed authorship only. Workshops, posters, demos, abstracts, and unverified identity matches are excluded.",0,,,,blocked_on_identity_review,0,unreviewed,https://eccv.ecva.net/virtual/2026/poster/3528,
fc4ddc15f9f4b4b06ef7844d6bb53abf,3540,AirSplat: Alignment and Rating for Robust Feed-Forward 3D Gaussian Splatting,Minh-Quan Bui,Korea Advanced Institute of Science & Technology,KOREAN_UNIVERSITY_GRAD_SCIENCE_INSTITUTE,cai_1h8liem,unreviewed,,,CVPR; ICCV; ECCV; NeurIPS; ICLR; ICML; SIGGRAPH; SIGGRAPH Asia; IROS; ICRA; RA-L,2026-03-05T23:00:00+01:00,"Main-conference full paper or RA-L journal article published on or before the cutoff; first-listed authorship only. Workshops, posters, demos, abstracts, and unverified identity matches are excluded.",0,,,,blocked_on_identity_review,0,unreviewed,https://eccv.ecva.net/virtual/2026/poster/3540,
c8758b517083196f05ac29810b924aca,3567,TORA: Topological Representation Alignment for 3D Shape Assembly,Nahyuk Lee,POSTECH,KOREAN_UNIVERSITY_GRAD_SCIENCE_INSTITUTE,cai_1vksya3,unreviewed,,,CVPR; ICCV; ECCV; NeurIPS; ICLR; ICML; SIGGRAPH; SIGGRAPH Asia; IROS; ICRA; RA-L,2026-03-05T23:00:00+01:00,"Main-conference full paper or RA-L journal article published on or before the cutoff; first-listed authorship only. Workshops, posters, demos, abstracts, and unverified identity matches are excluded.",0,,,,blocked_on_identity_review,0,unreviewed,https://eccv.ecva.net/virtual/2026/poster/3567,
653ac11ca60b3e021a8c609c7198acfc,3618,Learning to Recover Task Experts from a Multi-Task Merged Model,Jinwook Jung,Hanyang University,KOREAN_UNIVERSITY_GRAD_SCIENCE_INSTITUTE,cai_oifae6,unreviewed,,,CVPR; ICCV; ECCV; NeurIPS; ICLR; ICML; SIGGRAPH; SIGGRAPH Asia; IROS; ICRA; RA-L,2026-03-05T23:00:00+01:00,"Main-conference full paper or RA-L journal article published on or before the cutoff; first-listed authorship only. Workshops, posters, demos, abstracts, and unverified identity matches are excluded.",0,,,,blocked_on_identity_review,0,unreviewed,https://eccv.ecva.net/virtual/2026/poster/3618,
243facb29564e7b448834a7c9d901201,3621,Controlling Motion Transfer in Diffusion Transformers via Attention Heads,Sunyoung Jung,Yonsei University,KOREAN_UNIVERSITY_GRAD_SCIENCE_INSTITUTE,cai_r292ys,unreviewed,,,CVPR; ICCV; ECCV; NeurIPS; ICLR; ICML; SIGGRAPH; SIGGRAPH Asia; IROS; ICRA; RA-L,2026-03-05T23:00:00+01:00,"Main-conference full paper or RA-L journal article published on or before the cutoff; first-listed authorship only. Workshops, posters, demos, abstracts, and unverified identity matches are excluded.",0,,,,blocked_on_identity_review,0,unreviewed,https://eccv.ecva.net/virtual/2026/poster/3621,
d6288499d0083cc34e60a077b7c4b3e1,3625,Multi-dimensional Preference Alignment by Conditioning Reward Itself,JIHO JANG,SEOUL NATIONAL UNIVERSITY,KOREAN_UNIVERSITY_GRAD_SCIENCE_INSTITUTE,cai_1nt9dwz,unreviewed,,,CVPR; ICCV; ECCV; NeurIPS; ICLR; ICML; SIGGRAPH; SIGGRAPH Asia; IROS; ICRA; RA-L,2026-03-05T23:00:00+01:00,"Main-conference full paper or RA-L journal article published on or before the cutoff; first-listed authorship only. Workshops, posters, demos, abstracts, and unverified identity matches are excluded.",0,,,,blocked_on_identity_review,0,unreviewed,https://eccv.ecva.net/virtual/2026/poster/3625,
add217938e07bb1fd8796e0315b88c10,3650,Denoised Variance-Based Pruning with Optimal Brain Bias Compensation,Geon Tack Lee,Korea Advanced Institute of Science & Technology; New York University Abu Dhabi,KOREAN_UNIVERSITY_GRAD_SCIENCE_INSTITUTE,cai_1bubn2q,unreviewed,,,CVPR; ICCV; ECCV; NeurIPS; ICLR; ICML; SIGGRAPH; SIGGRAPH Asia; IROS; ICRA; RA-L,2026-03-05T23:00:00+01:00,"Main-conference full paper or RA-L journal article published on or before the cutoff; first-listed authorship only. Workshops, posters, demos, abstracts, and unverified identity matches are excluded.",0,,,,blocked_on_identity_review,0,unreviewed,https://eccv.ecva.net/virtual/2026/poster/3650,
1fb2a1c37b18aa4611c3949d6148d0f8,3658,Multi-modal Knowledge Preserving Adapter for Embedding Backward Compatibility,Jaeseok Byun,Seoul National University,KOREAN_UNIVERSITY_GRAD_SCIENCE_INSTITUTE,cai_9wp7oj,unreviewed,,,CVPR; ICCV; ECCV; NeurIPS; ICLR; ICML; SIGGRAPH; SIGGRAPH Asia; IROS; ICRA; RA-L,2026-03-05T23:00:00+01:00,"Main-conference full paper or RA-L journal article published on or before the cutoff; first-listed authorship only. Workshops, posters, demos, abstracts, and unverified identity matches are excluded.",0,,,,blocked_on_identity_review,0,unreviewed,https://eccv.ecva.net/virtual/2026/poster/3658,
1bf0c59238dd24a7f09a889483a50e8f,3674,Bridging Online and Offline Handwriting via Differentiable Physical Rendering,Seonmi Park,Gwangju Institute of Science and Technology,KOREAN_UNIVERSITY_GRAD_SCIENCE_INSTITUTE,cai_10dcrrm,unreviewed,,,CVPR; ICCV; ECCV; NeurIPS; ICLR; ICML; SIGGRAPH; SIGGRAPH Asia; IROS; ICRA; RA-L,2026-03-05T23:00:00+01:00,"Main-conference full paper or RA-L journal article published on or before the cutoff; first-listed authorship only. Workshops, posters, demos, abstracts, and unverified identity matches are excluded.",0,,,,blocked_on_identity_review,0,unreviewed,https://eccv.ecva.net/virtual/2026/poster/3674,
2aedcba61ca55ceb62d785c6b7f10a83,3675,FlexiAvatar: Unified 3D Gaussian Human Avatars Under Arbitrary Body Visibility,Yihalem Yimolal Tiruneh,Ulsan National Institute of Science and Technology,KOREAN_UNIVERSITY_GRAD_SCIENCE_INSTITUTE,cai_5z4jk6,unreviewed,,,CVPR; ICCV; ECCV; NeurIPS; ICLR; ICML; SIGGRAPH; SIGGRAPH Asia; IROS; ICRA; RA-L,2026-03-05T23:00:00+01:00,"Main-conference full paper or RA-L journal article published on or before the cutoff; first-listed authorship only. Workshops, posters, demos, abstracts, and unverified identity matches are excluded.",0,,,,blocked_on_identity_review,0,unreviewed,https://eccv.ecva.net/virtual/2026/poster/3675,
d7619beb6eb189509885fbc192d2874b,3676,ARC-Loc: Leveraging Azimuthal Ray Convergence as a Geometric Cue for Direct Cross-View Localization,Hyeongsik Kim,Hanyang Universty,KOREAN_UNIVERSITY_GRAD_SCIENCE_INSTITUTE,cai_1vo1wyg,unreviewed,,,CVPR; ICCV; ECCV; NeurIPS; ICLR; ICML; SIGGRAPH; SIGGRAPH Asia; IROS; ICRA; RA-L,2026-03-05T23:00:00+01:00,"Main-conference full paper or RA-L journal article published on or before the cutoff; first-listed authorship only. Workshops, posters, demos, abstracts, and unverified identity matches are excluded.",0,,,,blocked_on_identity_review,0,unreviewed,https://eccv.ecva.net/virtual/2026/poster/3676,
dbab2adc8f9d078009ee3fa810bea142,3678,Residual-Guided Expert Specialization for Incomplete Multimodal Learning,Seunghun Baek,Pohang University of Science and Technology (POSTECH),KOREAN_UNIVERSITY_GRAD_SCIENCE_INSTITUTE,cai_1lzj1na,unreviewed,,,CVPR; ICCV; ECCV; NeurIPS; ICLR; ICML; SIGGRAPH; SIGGRAPH Asia; IROS; ICRA; RA-L,2026-03-05T23:00:00+01:00,"Main-conference full paper or RA-L journal article published on or before the cutoff; first-listed authorship only. Workshops, posters, demos, abstracts, and unverified identity matches are excluded.",0,,,,blocked_on_identity_review,0,unreviewed,https://eccv.ecva.net/virtual/2026/poster/3678,
852c44ddce7e0c7e4c64d86147300831,3682,DA-F2F: Domain-Adaptive Object Detection with Feature-to-Feature Modulation and Alignment,HoTaek Oh,Kangwon National University,KOREAN_UNIVERSITY_GRAD_SCIENCE_INSTITUTE,cai_evpjgt,unreviewed,,,CVPR; ICCV; ECCV; NeurIPS; ICLR; ICML; SIGGRAPH; SIGGRAPH Asia; IROS; ICRA; RA-L,2026-03-05T23:00:00+01:00,"Main-conference full paper or RA-L journal article published on or before the cutoff; first-listed authorship only. Workshops, posters, demos, abstracts, and unverified identity matches are excluded.",0,,,,blocked_on_identity_review,0,unreviewed,https://eccv.ecva.net/virtual/2026/poster/3682,
32b991e5d77ad140559ffb95522992d0,3687,A Benchmark for Heterogeneous Stereo Deblurring with Physically- and Epipolar-constrained Cross Attention,Jiah Kim,Pukyong National University,KOREAN_UNIVERSITY_GRAD_SCIENCE_INSTITUTE,cai_1vseeub,unreviewed,,,CVPR; ICCV; ECCV; NeurIPS; ICLR; ICML; SIGGRAPH; SIGGRAPH Asia; IROS; ICRA; RA-L,2026-03-05T23:00:00+01:00,"Main-conference full paper or RA-L journal article published on or before the cutoff; first-listed authorship only. Workshops, posters, demos, abstracts, and unverified identity matches are excluded.",0,,,,blocked_on_identity_review,0,unreviewed,https://eccv.ecva.net/virtual/2026/poster/3687,
b096577e264d1ebd6b41041f392eec23,3699,CS-TTA: Preserving Concept Sensitivity in Test-Time Adaptation,Junah Jung,Seoul National University College of Medicine; Seoul National University College of Medicine,KOREAN_UNIVERSITY_GRAD_SCIENCE_INSTITUTE,cai_l5wc63,unreviewed,,,CVPR; ICCV; ECCV; NeurIPS; ICLR; ICML; SIGGRAPH; SIGGRAPH Asia; IROS; ICRA; RA-L,2026-03-05T23:00:00+01:00,"Main-conference full paper or RA-L journal article published on or before the cutoff; first-listed authorship only. Workshops, posters, demos, abstracts, and unverified identity matches are excluded.",0,,,,blocked_on_identity_review,0,unreviewed,https://eccv.ecva.net/virtual/2026/poster/3699,
908a6f6a6c131a850ecb0e3f11b08189,3700,DRPO: Disentangling Demographic Bias from Rewards for Fair Diffusion Alignment,YeonGyu Han,Seoul National University Hospital,KOREAN_UNIVERSITY_OR_HOSPITAL,cai_2nl7la,unreviewed,,,CVPR; ICCV; ECCV; NeurIPS; ICLR; ICML; SIGGRAPH; SIGGRAPH Asia; IROS; ICRA; RA-L,2026-03-05T23:00:00+01:00,"Main-conference full paper or RA-L journal article published on or before the cutoff; first-listed authorship only. Workshops, posters, demos, abstracts, and unverified identity matches are excluded.",0,,,,blocked_on_identity_review,0,unreviewed,https://eccv.ecva.net/virtual/2026/poster/3700,
340a39045c40d50dda207bcfdece883a,3745,Do Flat Minima Improve Sparse Novel View Synthesis?,Youngsik Yun,Yonsei University,KOREAN_UNIVERSITY_GRAD_SCIENCE_INSTITUTE,cai_112zspb,unreviewed,,,CVPR; ICCV; ECCV; NeurIPS; ICLR; ICML; SIGGRAPH; SIGGRAPH Asia; IROS; ICRA; RA-L,2026-03-05T23:00:00+01:00,"Main-conference full paper or RA-L journal article published on or before the cutoff; first-listed authorship only. Workshops, posters, demos, abstracts, and unverified identity matches are excluded.",0,,,,blocked_on_identity_review,0,unreviewed,https://eccv.ecva.net/virtual/2026/poster/3745,
b91b1facf3b3a7890177f02ac188f14c,3756,DINOde: Continuous Vision-Text Alignment for Open-Vocabulary Semantic Segmentation,Sung-Hoon Yoon,Daegu Gyeongbuk Institute of Science and Technology,KOREAN_UNIVERSITY_GRAD_SCIENCE_INSTITUTE,cai_1yvzovh,unreviewed,,,CVPR; ICCV; ECCV; NeurIPS; ICLR; ICML; SIGGRAPH; SIGGRAPH Asia; IROS; ICRA; RA-L,2026-03-05T23:00:00+01:00,"Main-conference full paper or RA-L journal article published on or before the cutoff; first-listed authorship only. Workshops, posters, demos, abstracts, and unverified identity matches are excluded.",0,,,,blocked_on_identity_review,0,unreviewed,https://eccv.ecva.net/virtual/2026/poster/3756,
af44c4c56f385c43f2529f9b1b018f6a,3759,ViewSplat: View-Adaptive Dynamic Gaussian Splatting for Feed-Forward Synthesis,Moonyeon Jeong,"Computer Vision Lab, University of Seoul",KOREAN_UNIVERSITY_GRAD_SCIENCE_INSTITUTE,cai_11z16or,unreviewed,,,CVPR; ICCV; ECCV; NeurIPS; ICLR; ICML; SIGGRAPH; SIGGRAPH Asia; IROS; ICRA; RA-L,2026-03-05T23:00:00+01:00,"Main-conference full paper or RA-L journal article published on or before the cutoff; first-listed authorship only. Workshops, posters, demos, abstracts, and unverified identity matches are excluded.",0,,,,blocked_on_identity_review,0,unreviewed,https://eccv.ecva.net/virtual/2026/poster/3759,
24b43fb034a10d78bec71274033b4096,3763,Domain Generalization via Text-Anchored Information Bottleneck,Eunyi Lyou,Seoul National University,KOREAN_UNIVERSITY_GRAD_SCIENCE_INSTITUTE,cai_ojgfc2,unreviewed,,,CVPR; ICCV; ECCV; NeurIPS; ICLR; ICML; SIGGRAPH; SIGGRAPH Asia; IROS; ICRA; RA-L,2026-03-05T23:00:00+01:00,"Main-conference full paper or RA-L journal article published on or before the cutoff; first-listed authorship only. Workshops, posters, demos, abstracts, and unverified identity matches are excluded.",0,,,,blocked_on_identity_review,0,unreviewed,https://eccv.ecva.net/virtual/2026/poster/3763,
09d37c08f7b129e96277388757530c72,3767,Learning to Corrupt for Better Restoration,Joonkyu Park,Seoul National University,KOREAN_UNIVERSITY_GRAD_SCIENCE_INSTITUTE,cai_1oogw60,unreviewed,,,CVPR; ICCV; ECCV; NeurIPS; ICLR; ICML; SIGGRAPH; SIGGRAPH Asia; IROS; ICRA; RA-L,2026-03-05T23:00:00+01:00,"Main-conference full paper or RA-L journal article published on or before the cutoff; first-listed authorship only. Workshops, posters, demos, abstracts, and unverified identity matches are excluded.",0,,,,blocked_on_identity_review,0,unreviewed,https://eccv.ecva.net/virtual/2026/poster/3767,
975e6107778ce7a40b9878bfb96a16a7,3773,"Distill Once, Adapt Life-Long: Exploring Dataset Distillation for Continual Test-Time Adaptation",Hyun-Kurl Jang,KAIST,KOREAN_UNIVERSITY_GRAD_SCIENCE_INSTITUTE,cai_1s2wfz1,unreviewed,,,CVPR; ICCV; ECCV; NeurIPS; ICLR; ICML; SIGGRAPH; SIGGRAPH Asia; IROS; ICRA; RA-L,2026-03-05T23:00:00+01:00,"Main-conference full paper or RA-L journal article published on or before the cutoff; first-listed authorship only. Workshops, posters, demos, abstracts, and unverified identity matches are excluded.",0,,,,blocked_on_identity_review,0,unreviewed,https://eccv.ecva.net/virtual/2026/poster/3773,
ffbd6cbb019a1413183c8d08f2929307,3785,Text-Guided 6D Object Pose Rearrangement via Closed-Loop VLM Agents,Sangwon Baik,Seoul National University,KOREAN_UNIVERSITY_GRAD_SCIENCE_INSTITUTE,cai_1t1e77d,unreviewed,,,CVPR; ICCV; ECCV; NeurIPS; ICLR; ICML; SIGGRAPH; SIGGRAPH Asia; IROS; ICRA; RA-L,2026-03-05T23:00:00+01:00,"Main-conference full paper or RA-L journal article published on or before the cutoff; first-listed authorship only. Workshops, posters, demos, abstracts, and unverified identity matches are excluded.",0,,,,blocked_on_identity_review,0,unreviewed,https://eccv.ecva.net/virtual/2026/poster/3785,
8c9a14ffebb7677d033ffce847991293,3793,VIPS: Vehicle-Infrastructure Cooperative Planning Benchmark via Pseudo-Simulation,Hoonhee Cho,Korea Advanced Institute of Science and Technology,KOREAN_UNIVERSITY_GRAD_SCIENCE_INSTITUTE,cai_4zux6g,unreviewed,,,CVPR; ICCV; ECCV; NeurIPS; ICLR; ICML; SIGGRAPH; SIGGRAPH Asia; IROS; ICRA; RA-L,2026-03-05T23:00:00+01:00,"Main-conference full paper or RA-L journal article published on or before the cutoff; first-listed authorship only. Workshops, posters, demos, abstracts, and unverified identity matches are excluded.",0,,,,blocked_on_identity_review,0,unreviewed,https://eccv.ecva.net/virtual/2026/poster/3793,
8d30aa96e72440759f74bd2306c1fa3d,3800,Online Versatile Incremental Learning: Towards Class and Domain-Agnostic Adaptation at Any Time,Jaeho Lee,Korea University,KOREAN_UNIVERSITY_GRAD_SCIENCE_INSTITUTE,cai_1i8av7e,unreviewed,,,CVPR; ICCV; ECCV; NeurIPS; ICLR; ICML; SIGGRAPH; SIGGRAPH Asia; IROS; ICRA; RA-L,2026-03-05T23:00:00+01:00,"Main-conference full paper or RA-L journal article published on or before the cutoff; first-listed authorship only. Workshops, posters, demos, abstracts, and unverified identity matches are excluded.",0,,,,blocked_on_identity_review,0,unreviewed,https://eccv.ecva.net/virtual/2026/poster/3800,
f023559c6d59c04e3804209f573dbff9,3801,DARE to Mitigate Hallucination: Dual-path Auto-Regressive-aware Editing,Jaeho Lee,Korea University,KOREAN_UNIVERSITY_GRAD_SCIENCE_INSTITUTE,cai_1i8av7e,unreviewed,,,CVPR; ICCV; ECCV; NeurIPS; ICLR; ICML; SIGGRAPH; SIGGRAPH Asia; IROS; ICRA; RA-L,2026-03-05T23:00:00+01:00,"Main-conference full paper or RA-L journal article published on or before the cutoff; first-listed authorship only. Workshops, posters, demos, abstracts, and unverified identity matches are excluded.",0,,,,blocked_on_identity_review,0,unreviewed,https://eccv.ecva.net/virtual/2026/poster/3801,
72007983849f4fcb0ad565439834756b,3859,NoiseTilt: Noise-Tilted Reverse Kernels for Diffusion Reward Alignment,Jisung Hwang,KAIST,KOREAN_UNIVERSITY_GRAD_SCIENCE_INSTITUTE,cai_rkv24,unreviewed,,,CVPR; ICCV; ECCV; NeurIPS; ICLR; ICML; SIGGRAPH; SIGGRAPH Asia; IROS; ICRA; RA-L,2026-03-05T23:00:00+01:00,"Main-conference full paper or RA-L journal article published on or before the cutoff; first-listed authorship only. Workshops, posters, demos, abstracts, and unverified identity matches are excluded.",0,,,,blocked_on_identity_review,0,unreviewed,https://eccv.ecva.net/virtual/2026/poster/3859,
586f9b4035e5997f77635b13cc04984c,3862,DRIFT: Difficulty-aware Rectified Flows for Through-plane MRI Super-Resolution,Yoonseok Choi,Yonsei University,KOREAN_UNIVERSITY_GRAD_SCIENCE_INSTITUTE,cai_tbnw12,unreviewed,,,CVPR; ICCV; ECCV; NeurIPS; ICLR; ICML; SIGGRAPH; SIGGRAPH Asia; IROS; ICRA; RA-L,2026-03-05T23:00:00+01:00,"Main-conference full paper or RA-L journal article published on or before the cutoff; first-listed authorship only. Workshops, posters, demos, abstracts, and unverified identity matches are excluded.",0,,,,blocked_on_identity_review,0,unreviewed,https://eccv.ecva.net/virtual/2026/poster/3862,
7d2be41b1bde6ff8fe45150c37488ebb,3876,GeoNVS: Geometry Grounded Video Diffusion for Novel View Synthesis,Minjun Kang,KAIST,KOREAN_UNIVERSITY_GRAD_SCIENCE_INSTITUTE,cai_1klag93,unreviewed,,,CVPR; ICCV; ECCV; NeurIPS; ICLR; ICML; SIGGRAPH; SIGGRAPH Asia; IROS; ICRA; RA-L,2026-03-05T23:00:00+01:00,"Main-conference full paper or RA-L journal article published on or before the cutoff; first-listed authorship only. Workshops, posters, demos, abstracts, and unverified identity matches are excluded.",0,,,,blocked_on_identity_review,0,unreviewed,https://eccv.ecva.net/virtual/2026/poster/3876,
895daa408f494ad58006c47a30f51c1f,3904,REON-NVS: Real-Time Online Novel-View Synthesis from Sparse-View Videos,Daeyeon Kim,POSTECH,KOREAN_UNIVERSITY_GRAD_SCIENCE_INSTITUTE,cai_168kmvb,unreviewed,,,CVPR; ICCV; ECCV; NeurIPS; ICLR; ICML; SIGGRAPH; SIGGRAPH Asia; IROS; ICRA; RA-L,2026-03-05T23:00:00+01:00,"Main-conference full paper or RA-L journal article published on or before the cutoff; first-listed authorship only. Workshops, posters, demos, abstracts, and unverified identity matches are excluded.",0,,,,blocked_on_identity_review,0,unreviewed,https://eccv.ecva.net/virtual/2026/poster/3904,
16738419b15b05e74e1ecb164430bfa8,3930,Delaunay Canopy: Building Wireframe Reconstruction from Airborne LiDAR Point Clouds via Delaunay Graph,Donghyun Kim,Emory University; Yonsei University,KOREAN_UNIVERSITY_GRAD_SCIENCE_INSTITUTE,cai_14zol5l,unreviewed,,,CVPR; ICCV; ECCV; NeurIPS; ICLR; ICML; SIGGRAPH; SIGGRAPH Asia; IROS; ICRA; RA-L,2026-03-05T23:00:00+01:00,"Main-conference full paper or RA-L journal article published on or before the cutoff; first-listed authorship only. Workshops, posters, demos, abstracts, and unverified identity matches are excluded.",0,,,,blocked_on_identity_review,0,unreviewed,https://eccv.ecva.net/virtual/2026/poster/3930,
63ce12dcf1ede17589befd56bb5281a5,3932,Ray-Path-Aware Virtual Point Removal on 2D Layer-Wise Nearest Point Map,DAEHYEON JEON,UNIST,KOREAN_UNIVERSITY_GRAD_SCIENCE_INSTITUTE,cai_1w4p635,unreviewed,,,CVPR; ICCV; ECCV; NeurIPS; ICLR; ICML; SIGGRAPH; SIGGRAPH Asia; IROS; ICRA; RA-L,2026-03-05T23:00:00+01:00,"Main-conference full paper or RA-L journal article published on or before the cutoff; first-listed authorship only. Workshops, posters, demos, abstracts, and unverified identity matches are excluded.",0,,,,blocked_on_identity_review,0,unreviewed,https://eccv.ecva.net/virtual/2026/poster/3932,
b4affa4f6b27df047d63d66fe4ac5600,3937,DepWorldSG: Depth-Aware 3D Semantic Scene Graph Generation via World-Model Priors,Seok-Young Kim,KAIST,KOREAN_UNIVERSITY_GRAD_SCIENCE_INSTITUTE,cai_1u82pxo,unreviewed,,,CVPR; ICCV; ECCV; NeurIPS; ICLR; ICML; SIGGRAPH; SIGGRAPH Asia; IROS; ICRA; RA-L,2026-03-05T23:00:00+01:00,"Main-conference full paper or RA-L journal article published on or before the cutoff; first-listed authorship only. Workshops, posters, demos, abstracts, and unverified identity matches are excluded.",0,,,,blocked_on_identity_review,0,unreviewed,https://eccv.ecva.net/virtual/2026/poster/3937,
c563c2c394023a07d56ad6b3eb09537a,3949,Different Changes Require Different Reasoning: Change-Type-Specialized Experts for Robust Change Captioning,Jiyoung Park,Kyung Hee University,KOREAN_UNIVERSITY_GRAD_SCIENCE_INSTITUTE,cai_fw6dki,unreviewed,,,CVPR; ICCV; ECCV; NeurIPS; ICLR; ICML; SIGGRAPH; SIGGRAPH Asia; IROS; ICRA; RA-L,2026-03-05T23:00:00+01:00,"Main-conference full paper or RA-L journal article published on or before the cutoff; first-listed authorship only. Workshops, posters, demos, abstracts, and unverified identity matches are excluded.",0,,,,blocked_on_identity_review,0,unreviewed,https://eccv.ecva.net/virtual/2026/poster/3949,
c3810d4a9513b028fc0f2a83cb6d7b50,3978,FrozenDrive: Zero-Shot Text-Guided Driving Scene Generation and Data Augmentation with Parameter-Free Frozen Diffusion Model,Yuhwan Jeong,KAIST,KOREAN_UNIVERSITY_GRAD_SCIENCE_INSTITUTE,cai_12hulj8,unreviewed,,,CVPR; ICCV; ECCV; NeurIPS; ICLR; ICML; SIGGRAPH; SIGGRAPH Asia; IROS; ICRA; RA-L,2026-03-05T23:00:00+01:00,"Main-conference full paper or RA-L journal article published on or before the cutoff; first-listed authorship only. Workshops, posters, demos, abstracts, and unverified identity matches are excluded.",0,,,,blocked_on_identity_review,0,unreviewed,https://eccv.ecva.net/virtual/2026/poster/3978,
ca8a2d76a5bcc212226417361a5f0740,4019,PriSplat: Propagating Reliable Multi-view Information for Distractor-Free 3DGS,Yunseo Yang,KAIST,KOREAN_UNIVERSITY_GRAD_SCIENCE_INSTITUTE,cai_1f7fb09,unreviewed,,,CVPR; ICCV; ECCV; NeurIPS; ICLR; ICML; SIGGRAPH; SIGGRAPH Asia; IROS; ICRA; RA-L,2026-03-05T23:00:00+01:00,"Main-conference full paper or RA-L journal article published on or before the cutoff; first-listed authorship only. Workshops, posters, demos, abstracts, and unverified identity matches are excluded.",0,,,,blocked_on_identity_review,0,unreviewed,https://eccv.ecva.net/virtual/2026/poster/4019,
8196e8d0f9ee7dfdfc7e11dbbfa30d77,4036,Enhancing Embodied Reasoning and Grounding by Novel View Synthesis,Yu-Ji Kim,POSTECH,KOREAN_UNIVERSITY_GRAD_SCIENCE_INSTITUTE,cai_12ozdml,unreviewed,,,CVPR; ICCV; ECCV; NeurIPS; ICLR; ICML; SIGGRAPH; SIGGRAPH Asia; IROS; ICRA; RA-L,2026-03-05T23:00:00+01:00,"Main-conference full paper or RA-L journal article published on or before the cutoff; first-listed authorship only. Workshops, posters, demos, abstracts, and unverified identity matches are excluded.",0,,,,blocked_on_identity_review,0,unreviewed,https://eccv.ecva.net/virtual/2026/poster/4036,
8ccfb1140664a5fa63177fb6e07352f0,4039,"ARGOS: Who, Where, and When in Agentic Multi-Camera Person Search",Myungchul Kim,Korea Advanced Institute of Science & Technology,KOREAN_UNIVERSITY_GRAD_SCIENCE_INSTITUTE,cai_f1p5x0,unreviewed,,,CVPR; ICCV; ECCV; NeurIPS; ICLR; ICML; SIGGRAPH; SIGGRAPH Asia; IROS; ICRA; RA-L,2026-03-05T23:00:00+01:00,"Main-conference full paper or RA-L journal article published on or before the cutoff; first-listed authorship only. Workshops, posters, demos, abstracts, and unverified identity matches are excluded.",0,,,,blocked_on_identity_review,0,unreviewed,https://eccv.ecva.net/virtual/2026/poster/4039,
fe7ecc4de28b2c83c016b5c6c2acd826,4040,Reflection-aware generative novel view synthesis,GeonU Kim,Korea Advanced Institute of Science and Technology (KAIST),KOREAN_UNIVERSITY_GRAD_SCIENCE_INSTITUTE,cai_pm0chr,unreviewed,,,CVPR; ICCV; ECCV; NeurIPS; ICLR; ICML; SIGGRAPH; SIGGRAPH Asia; IROS; ICRA; RA-L,2026-03-05T23:00:00+01:00,"Main-conference full paper or RA-L journal article published on or before the cutoff; first-listed authorship only. Workshops, posters, demos, abstracts, and unverified identity matches are excluded.",0,,,,blocked_on_identity_review,0,unreviewed,https://eccv.ecva.net/virtual/2026/poster/4040,
41b0db49fd10d95920281dead0710f58,4048,APT: Anchor-aligned Perturbations for Tamper Localization in Fully Regenerated Images,Suhyeon Ha,KAIST,KOREAN_UNIVERSITY_GRAD_SCIENCE_INSTITUTE,cai_1q5lcj,unreviewed,,,CVPR; ICCV; ECCV; NeurIPS; ICLR; ICML; SIGGRAPH; SIGGRAPH Asia; IROS; ICRA; RA-L,2026-03-05T23:00:00+01:00,"Main-conference full paper or RA-L journal article published on or before the cutoff; first-listed authorship only. Workshops, posters, demos, abstracts, and unverified identity matches are excluded.",0,,,,blocked_on_identity_review,0,unreviewed,https://eccv.ecva.net/virtual/2026/poster/4048,
4e2ecebbfafe27a7c00e0462fad0873a,4093,STARLINC: Satellite Trail Artifact Removal using Inter-Frame Correlation,Shingeon Kim,Seoul National University,KOREAN_UNIVERSITY_GRAD_SCIENCE_INSTITUTE,cai_1nugdnl,unreviewed,,,CVPR; ICCV; ECCV; NeurIPS; ICLR; ICML; SIGGRAPH; SIGGRAPH Asia; IROS; ICRA; RA-L,2026-03-05T23:00:00+01:00,"Main-conference full paper or RA-L journal article published on or before the cutoff; first-listed authorship only. Workshops, posters, demos, abstracts, and unverified identity matches are excluded.",0,,,,blocked_on_identity_review,0,unreviewed,https://eccv.ecva.net/virtual/2026/poster/4093,
c89ca36e4d0430e75ca2390470a59a59,4096,"Rethinking Garment Conditioning in Diffusion-based Virtual Try-On: Decouple, Don't Denoise",Kihyun Na,Handong Global University,KOREAN_UNIVERSITY_GRAD_SCIENCE_INSTITUTE,cai_1dl94c2,unreviewed,,,CVPR; ICCV; ECCV; NeurIPS; ICLR; ICML; SIGGRAPH; SIGGRAPH Asia; IROS; ICRA; RA-L,2026-03-05T23:00:00+01:00,"Main-conference full paper or RA-L journal article published on or before the cutoff; first-listed authorship only. Workshops, posters, demos, abstracts, and unverified identity matches are excluded.",0,,,,blocked_on_identity_review,0,unreviewed,https://eccv.ecva.net/virtual/2026/poster/4096,
e7023ba77a45f7e84c5ee8a28dd63585,4118,GoStop: Reinforcement Learning for Adaptive Temporal Aggregation in Event-Based Feature Tracking,Youngho Kim,Korea Advanced Institute of Science & Technology,KOREAN_UNIVERSITY_GRAD_SCIENCE_INSTITUTE,cai_13hpuu3,unreviewed,,,CVPR; ICCV; ECCV; NeurIPS; ICLR; ICML; SIGGRAPH; SIGGRAPH Asia; IROS; ICRA; RA-L,2026-03-05T23:00:00+01:00,"Main-conference full paper or RA-L journal article published on or before the cutoff; first-listed authorship only. Workshops, posters, demos, abstracts, and unverified identity matches are excluded.",0,,,,blocked_on_identity_review,0,unreviewed,https://eccv.ecva.net/virtual/2026/poster/4118,
861637a425ef06e6d539aaaff113d1d5,4121,Memory-V2V: Memory-Augmented Video-to-Video Diffusion for Consistent Multi-Turn Editing,Dohun Lee,Korea Advanced Institute of Science and Technology,KOREAN_UNIVERSITY_GRAD_SCIENCE_INSTITUTE,cai_1t7khxo,unreviewed,,,CVPR; ICCV; ECCV; NeurIPS; ICLR; ICML; SIGGRAPH; SIGGRAPH Asia; IROS; ICRA; RA-L,2026-03-05T23:00:00+01:00,"Main-conference full paper or RA-L journal article published on or before the cutoff; first-listed authorship only. Workshops, posters, demos, abstracts, and unverified identity matches are excluded.",0,,,,blocked_on_identity_review,0,unreviewed,https://eccv.ecva.net/virtual/2026/poster/4121,
0397758f8990c1b41b81b43ac389ab9f,4132,Preserving Knowledge across Space and Time for Continual Video Deepfake Detection,Taehoon Kim,Chung-Ang University,KOREAN_UNIVERSITY_GRAD_SCIENCE_INSTITUTE,cai_kxnc4p,unreviewed,,,CVPR; ICCV; ECCV; NeurIPS; ICLR; ICML; SIGGRAPH; SIGGRAPH Asia; IROS; ICRA; RA-L,2026-03-05T23:00:00+01:00,"Main-conference full paper or RA-L journal article published on or before the cutoff; first-listed authorship only. Workshops, posters, demos, abstracts, and unverified identity matches are excluded.",0,,,,blocked_on_identity_review,0,unreviewed,https://eccv.ecva.net/virtual/2026/poster/4132,
9f9e8cba3700df6a947a8cf91035ab84,4146,TMI: Text-to-Image Meets Image-to-Image for Complementary Data Synthesis to Boost Long-Tailed Instance Segmentation,Hyeonseop Song,LG Electronins,KOREAN_COMPANY,cai_mn3icz,unreviewed,,,CVPR; ICCV; ECCV; NeurIPS; ICLR; ICML; SIGGRAPH; SIGGRAPH Asia; IROS; ICRA; RA-L,2026-03-05T23:00:00+01:00,"Main-conference full paper or RA-L journal article published on or before the cutoff; first-listed authorship only. Workshops, posters, demos, abstracts, and unverified identity matches are excluded.",0,,,,blocked_on_identity_review,0,unreviewed,https://eccv.ecva.net/virtual/2026/poster/4146,
cb59b747f88a35e0d452377f60f7c25f,4156,RainODE: Continuous-Time Precipitation Forecasting with Latent Neural ODEs,Yeeun Seong,Korea Advanced Institute of Science & Technology,KOREAN_UNIVERSITY_GRAD_SCIENCE_INSTITUTE,cai_jx2bx,unreviewed,,,CVPR; ICCV; ECCV; NeurIPS; ICLR; ICML; SIGGRAPH; SIGGRAPH Asia; IROS; ICRA; RA-L,2026-03-05T23:00:00+01:00,"Main-conference full paper or RA-L journal article published on or before the cutoff; first-listed authorship only. Workshops, posters, demos, abstracts, and unverified identity matches are excluded.",0,,,,blocked_on_identity_review,0,unreviewed,https://eccv.ecva.net/virtual/2026/poster/4156,
d71dd235287466052f1630f31bde7932,4158,StructureGS: Structure-aware Gaussian Splatting for Articulated Object Reconstruction,GaHye Lee,POSTECH,KOREAN_UNIVERSITY_GRAD_SCIENCE_INSTITUTE,cai_cap2jl,unreviewed,,,CVPR; ICCV; ECCV; NeurIPS; ICLR; ICML; SIGGRAPH; SIGGRAPH Asia; IROS; ICRA; RA-L,2026-03-05T23:00:00+01:00,"Main-conference full paper or RA-L journal article published on or before the cutoff; first-listed authorship only. Workshops, posters, demos, abstracts, and unverified identity matches are excluded.",0,,,,blocked_on_identity_review,0,unreviewed,https://eccv.ecva.net/virtual/2026/poster/4158,
096ffc299200f51751b08da6d865ae95,4159,"RAF: Reliability-Aware Fusion of Camera, LiDAR, and 4D RADAR for Robust 3D Object Detection in Adverse Weather",Heejun Park,Korea Advanced Institute of Science & Technology,KOREAN_UNIVERSITY_GRAD_SCIENCE_INSTITUTE,cai_1a9381q,unreviewed,,,CVPR; ICCV; ECCV; NeurIPS; ICLR; ICML; SIGGRAPH; SIGGRAPH Asia; IROS; ICRA; RA-L,2026-03-05T23:00:00+01:00,"Main-conference full paper or RA-L journal article published on or before the cutoff; first-listed authorship only. Workshops, posters, demos, abstracts, and unverified identity matches are excluded.",0,,,,blocked_on_identity_review,0,unreviewed,https://eccv.ecva.net/virtual/2026/poster/4159,
8289889263db4a40463e3f358bb7c7a1,4172,AnchorPrune: Relevance-Anchored Contextual Expansion for Visual Token Pruning,Kyuan Oh,Chung-Ang University,KOREAN_UNIVERSITY_GRAD_SCIENCE_INSTITUTE,cai_7x33y1,unreviewed,,,CVPR; ICCV; ECCV; NeurIPS; ICLR; ICML; SIGGRAPH; SIGGRAPH Asia; IROS; ICRA; RA-L,2026-03-05T23:00:00+01:00,"Main-conference full paper or RA-L journal article published on or before the cutoff; first-listed authorship only. Workshops, posters, demos, abstracts, and unverified identity matches are excluded.",0,,,,blocked_on_identity_review,0,unreviewed,https://eccv.ecva.net/virtual/2026/poster/4172,
d6317f80523fdf2a7375da19c9a006b8,4174,Geometry-Aware Style Transfer in 3D Gaussian Splatting,Min Hyeok Bang,Jeonbuk National University,KOREAN_UNIVERSITY_GRAD_SCIENCE_INSTITUTE,cai_18cbfg7,unreviewed,,,CVPR; ICCV; ECCV; NeurIPS; ICLR; ICML; SIGGRAPH; SIGGRAPH Asia; IROS; ICRA; RA-L,2026-03-05T23:00:00+01:00,"Main-conference full paper or RA-L journal article published on or before the cutoff; first-listed authorship only. Workshops, posters, demos, abstracts, and unverified identity matches are excluded.",0,,,,blocked_on_identity_review,0,unreviewed,https://eccv.ecva.net/virtual/2026/poster/4174,
0b081776bae790b4ee7c059c23b96b3a,4193,PIAvatar: Physically Interactive Avatars via Deformation Gradient Decoupling,Sang-Hun Han,Gwangju Institute of Science and Technology,KOREAN_UNIVERSITY_GRAD_SCIENCE_INSTITUTE,cai_1hqfvre,unreviewed,,,CVPR; ICCV; ECCV; NeurIPS; ICLR; ICML; SIGGRAPH; SIGGRAPH Asia; IROS; ICRA; RA-L,2026-03-05T23:00:00+01:00,"Main-conference full paper or RA-L journal article published on or before the cutoff; first-listed authorship only. Workshops, posters, demos, abstracts, and unverified identity matches are excluded.",0,,,,blocked_on_identity_review,0,unreviewed,https://eccv.ecva.net/virtual/2026/poster/4193,
b64a70760bb75e3ecfd1ad86d8f10c88,4200,NGPS: Structure-Preserving Self-Supervised Denoising via Neighbor-Guided Patch Sampling,Jaehyun Cho,Chung-Ang University Seoul,KOREAN_UNIVERSITY_GRAD_SCIENCE_INSTITUTE,cai_6itkma,unreviewed,,,CVPR; ICCV; ECCV; NeurIPS; ICLR; ICML; SIGGRAPH; SIGGRAPH Asia; IROS; ICRA; RA-L,2026-03-05T23:00:00+01:00,"Main-conference full paper or RA-L journal article published on or before the cutoff; first-listed authorship only. Workshops, posters, demos, abstracts, and unverified identity matches are excluded.",0,,,,blocked_on_identity_review,0,unreviewed,https://eccv.ecva.net/virtual/2026/poster/4200,
427e3427c5f38a41bb9cb26525b22fba,4201,CoIn: Comprehensive 2D-3D Inpainting with Gaussian Splatting Guidance,Hana Kim,LG Electronics,KOREAN_COMPANY,cai_7t4rru,unreviewed,,,CVPR; ICCV; ECCV; NeurIPS; ICLR; ICML; SIGGRAPH; SIGGRAPH Asia; IROS; ICRA; RA-L,2026-03-05T23:00:00+01:00,"Main-conference full paper or RA-L journal article published on or before the cutoff; first-listed authorship only. Workshops, posters, demos, abstracts, and unverified identity matches are excluded.",0,,,,blocked_on_identity_review,0,unreviewed,https://eccv.ecva.net/virtual/2026/poster/4201,
db8419f41d890df802dca330e6284952,4205,InsertAnywhere: Geometrically Grounded and Optics-Aware Video Object Insertion,Hoiyeong Jin,KAIST,KOREAN_UNIVERSITY_GRAD_SCIENCE_INSTITUTE,cai_160v8n0,unreviewed,,,CVPR; ICCV; ECCV; NeurIPS; ICLR; ICML; SIGGRAPH; SIGGRAPH Asia; IROS; ICRA; RA-L,2026-03-05T23:00:00+01:00,"Main-conference full paper or RA-L journal article published on or before the cutoff; first-listed authorship only. Workshops, posters, demos, abstracts, and unverified identity matches are excluded.",0,,,,blocked_on_identity_review,0,unreviewed,https://eccv.ecva.net/virtual/2026/poster/4205,
2c27a260f16ad3098393cc529f391f4a,4226,QWERTY: Training-Free Motion Control via Query-Warped Video Diffusion Transformers,Kyobin Choo,Yonsei University,KOREAN_UNIVERSITY_GRAD_SCIENCE_INSTITUTE,cai_15hmn5b,unreviewed,,,CVPR; ICCV; ECCV; NeurIPS; ICLR; ICML; SIGGRAPH; SIGGRAPH Asia; IROS; ICRA; RA-L,2026-03-05T23:00:00+01:00,"Main-conference full paper or RA-L journal article published on or before the cutoff; first-listed authorship only. Workshops, posters, demos, abstracts, and unverified identity matches are excluded.",0,,,,blocked_on_identity_review,0,unreviewed,https://eccv.ecva.net/virtual/2026/poster/4226,
043c2ec6c6390dd0ac5519190a57c88c,4249,Spanning Tree Autoregressive Visual Generation,Sangkyu Lee,Korea Institute of Science and Technology,KOREAN_RESEARCH_INSTITUTE,cai_14mb7nm,unreviewed,,,CVPR; ICCV; ECCV; NeurIPS; ICLR; ICML; SIGGRAPH; SIGGRAPH Asia; IROS; ICRA; RA-L,2026-03-05T23:00:00+01:00,"Main-conference full paper or RA-L journal article published on or before the cutoff; first-listed authorship only. Workshops, posters, demos, abstracts, and unverified identity matches are excluded.",0,,,,blocked_on_identity_review,0,unreviewed,https://eccv.ecva.net/virtual/2026/poster/4249,
3f1656d9668dffcf8119e3ecff873558,4255,Infinite-Homography as Robust Conditioning for Camera-Controlled Video Generation,Min-Jung Kim,KAIST,KOREAN_UNIVERSITY_GRAD_SCIENCE_INSTITUTE,cai_19cht8g,unreviewed,,,CVPR; ICCV; ECCV; NeurIPS; ICLR; ICML; SIGGRAPH; SIGGRAPH Asia; IROS; ICRA; RA-L,2026-03-05T23:00:00+01:00,"Main-conference full paper or RA-L journal article published on or before the cutoff; first-listed authorship only. Workshops, posters, demos, abstracts, and unverified identity matches are excluded.",0,,,,blocked_on_identity_review,0,unreviewed,https://eccv.ecva.net/virtual/2026/poster/4255,
fea16e782bc1b1240e4b3c797012e289,4269,LIIFusion: Coarse-to-fine Framework for Generative MEF via Implicit Neural Representation,Sangmin Han,LG Electronics,KOREAN_COMPANY,cai_1cqvt79,unreviewed,,,CVPR; ICCV; ECCV; NeurIPS; ICLR; ICML; SIGGRAPH; SIGGRAPH Asia; IROS; ICRA; RA-L,2026-03-05T23:00:00+01:00,"Main-conference full paper or RA-L journal article published on or before the cutoff; first-listed authorship only. Workshops, posters, demos, abstracts, and unverified identity matches are excluded.",0,,,,blocked_on_identity_review,0,unreviewed,https://eccv.ecva.net/virtual/2026/poster/4269,
5a0b8489ce264d4ff8dac4cce46ff8a0,4274,SubSplat: High-Resolution Pixel-aligned 3DGS via Sub-pixel Gaussian Reparameterization,Jiun Lee,Aimfuture,KOREAN_COMPANY,cai_7f522b,unreviewed,,,CVPR; ICCV; ECCV; NeurIPS; ICLR; ICML; SIGGRAPH; SIGGRAPH Asia; IROS; ICRA; RA-L,2026-03-05T23:00:00+01:00,"Main-conference full paper or RA-L journal article published on or before the cutoff; first-listed authorship only. Workshops, posters, demos, abstracts, and unverified identity matches are excluded.",0,,,,blocked_on_identity_review,0,unreviewed,https://eccv.ecva.net/virtual/2026/poster/4274,
5d78d182fd5f5510588695863d22ac27,4276,Single-Query Person-Centric Bimanual Hand-Object Interaction Detection,Jonghyun Kim,LG Electronics,KOREAN_COMPANY,cai_1cwcdyg,unreviewed,,,CVPR; ICCV; ECCV; NeurIPS; ICLR; ICML; SIGGRAPH; SIGGRAPH Asia; IROS; ICRA; RA-L,2026-03-05T23:00:00+01:00,"Main-conference full paper or RA-L journal article published on or before the cutoff; first-listed authorship only. Workshops, posters, demos, abstracts, and unverified identity matches are excluded.",0,,,,blocked_on_identity_review,0,unreviewed,https://eccv.ecva.net/virtual/2026/poster/4276,
435d6ab1ba16ba7e05e09d9728bc36ca,4279,Articulated Object Reconstruction from Rest-State Observation,Daeun Lee,Seoul National University,KOREAN_UNIVERSITY_GRAD_SCIENCE_INSTITUTE,cai_hfk2wa,unreviewed,,,CVPR; ICCV; ECCV; NeurIPS; ICLR; ICML; SIGGRAPH; SIGGRAPH Asia; IROS; ICRA; RA-L,2026-03-05T23:00:00+01:00,"Main-conference full paper or RA-L journal article published on or before the cutoff; first-listed authorship only. Workshops, posters, demos, abstracts, and unverified identity matches are excluded.",0,,,,blocked_on_identity_review,0,unreviewed,https://eccv.ecva.net/virtual/2026/poster/4279,
8819159f9246232ed1299a7414448ab4,4284,AdaBoosting Text Prompts for Vision-Language Models,Seokhee Jin,Pohang University of Science and Technology,KOREAN_UNIVERSITY_GRAD_SCIENCE_INSTITUTE,cai_kh2ms1,unreviewed,,,CVPR; ICCV; ECCV; NeurIPS; ICLR; ICML; SIGGRAPH; SIGGRAPH Asia; IROS; ICRA; RA-L,2026-03-05T23:00:00+01:00,"Main-conference full paper or RA-L journal article published on or before the cutoff; first-listed authorship only. Workshops, posters, demos, abstracts, and unverified identity matches are excluded.",0,,,,blocked_on_identity_review,0,unreviewed,https://eccv.ecva.net/virtual/2026/poster/4284,
8859a81bd114df94d9f432350c934f4a,4293,Prevention over Correction: Learning Aligned Representations in One-shot Federated Learning,YongHoon Kang,Sungkyunkwan University,KOREAN_UNIVERSITY_GRAD_SCIENCE_INSTITUTE,cai_wf4ulq,unreviewed,,,CVPR; ICCV; ECCV; NeurIPS; ICLR; ICML; SIGGRAPH; SIGGRAPH Asia; IROS; ICRA; RA-L,2026-03-05T23:00:00+01:00,"Main-conference full paper or RA-L journal article published on or before the cutoff; first-listed authorship only. Workshops, posters, demos, abstracts, and unverified identity matches are excluded.",0,,,,blocked_on_identity_review,0,unreviewed,https://eccv.ecva.net/virtual/2026/poster/4293,
f2925f97bc13ad2852a7a551802feea0,4294,Learning Sample-wise Rank-Aware Interpolation Weights for Composed Visual Data Retrieval,Boseung Jeong,POSTECH,KOREAN_UNIVERSITY_GRAD_SCIENCE_INSTITUTE,cai_ro66h9,resolved,https://boseungjeong.github.io/,The personal CV identifies Boseung Jeong as a POSTECH CV Lab PhD candidate,CVPR; ICCV; ECCV; NeurIPS; ICLR; ICML; SIGGRAPH; SIGGRAPH Asia; IROS; ICRA; RA-L,2026-03-05T23:00:00+01:00,"Main-conference full paper or RA-L journal article published on or before the cutoff; first-listed authorship only. Workshops, posters, demos, abstracts, and unverified identity matches are excluded.",1,,,no,confirmed_not_first,1, and records an earlier first-listed CVPR paper.,https://eccv.ecva.net/virtual/2026/poster/4294,incomplete
5e8a5161de49c943dd66591511207f50,4299,Dual-Output Multi-Exposure HDR Reconstruction via SDR Fusion and Gain Map Inverse Tone Mapping,Jinho Kim,Yonsei University,KOREAN_UNIVERSITY_GRAD_SCIENCE_INSTITUTE,cai_1849jvr,unreviewed,,,CVPR; ICCV; ECCV; NeurIPS; ICLR; ICML; SIGGRAPH; SIGGRAPH Asia; IROS; ICRA; RA-L,2026-03-05T23:00:00+01:00,"Main-conference full paper or RA-L journal article published on or before the cutoff; first-listed authorship only. Workshops, posters, demos, abstracts, and unverified identity matches are excluded.",0,,,,blocked_on_identity_review,0,unreviewed,https://eccv.ecva.net/virtual/2026/poster/4299,
c7d0e7e2922845f3e1185d246d01365d,4303,Direct Diffusion Score Preference Optimization via Stepwise Contrastive Policy-Pair Supervision,Dohyun Kim,Korea University,KOREAN_UNIVERSITY_GRAD_SCIENCE_INSTITUTE,cai_qogv77,unreviewed,,,CVPR; ICCV; ECCV; NeurIPS; ICLR; ICML; SIGGRAPH; SIGGRAPH Asia; IROS; ICRA; RA-L,2026-03-05T23:00:00+01:00,"Main-conference full paper or RA-L journal article published on or before the cutoff; first-listed authorship only. Workshops, posters, demos, abstracts, and unverified identity matches are excluded.",0,,,,blocked_on_identity_review,0,unreviewed,https://eccv.ecva.net/virtual/2026/poster/4303,
c0a5a65e55124eae3388586316a25f57,4304,DiverseVAR: Balancing Diversity and Quality of Next-Scale Visual Autoregressive Models,Mingue Park,Korea Advanced Institute of Science & Technology,KOREAN_UNIVERSITY_GRAD_SCIENCE_INSTITUTE,cai_lgn1f2,unreviewed,,,CVPR; ICCV; ECCV; NeurIPS; ICLR; ICML; SIGGRAPH; SIGGRAPH Asia; IROS; ICRA; RA-L,2026-03-05T23:00:00+01:00,"Main-conference full paper or RA-L journal article published on or before the cutoff; first-listed authorship only. Workshops, posters, demos, abstracts, and unverified identity matches are excluded.",0,,,,blocked_on_identity_review,0,unreviewed,https://eccv.ecva.net/virtual/2026/poster/4304,
db90f689b1567600818428ca3dfc88a3,4307,OP3DSG: Open-vocabulary Part-aware 3D Scene Graph Generation for Real-world Environments,Yirum Kim,GIST,KOREAN_UNIVERSITY_GRAD_SCIENCE_INSTITUTE,cai_1q2hmkp,unreviewed,,,CVPR; ICCV; ECCV; NeurIPS; ICLR; ICML; SIGGRAPH; SIGGRAPH Asia; IROS; ICRA; RA-L,2026-03-05T23:00:00+01:00,"Main-conference full paper or RA-L journal article published on or before the cutoff; first-listed authorship only. Workshops, posters, demos, abstracts, and unverified identity matches are excluded.",0,,,,blocked_on_identity_review,0,unreviewed,https://eccv.ecva.net/virtual/2026/poster/4307,
78daab4f4fce94374d8a53444c77c2c6,4309,Learning Probabilistic Prompt for Continual Learning,Hyekang Park,Yonsei university,KOREAN_UNIVERSITY_GRAD_SCIENCE_INSTITUTE,cai_181h3s9,unreviewed,,,CVPR; ICCV; ECCV; NeurIPS; ICLR; ICML; SIGGRAPH; SIGGRAPH Asia; IROS; ICRA; RA-L,2026-03-05T23:00:00+01:00,"Main-conference full paper or RA-L journal article published on or before the cutoff; first-listed authorship only. Workshops, posters, demos, abstracts, and unverified identity matches are excluded.",0,,,,blocked_on_identity_review,0,unreviewed,https://eccv.ecva.net/virtual/2026/poster/4309,
66fae5b05c0f64c4d2bdcdf1ad85f7b2,4313,SIGNER: Temporally Grounded Sign Language Generation via Time-Resolved Conditioning,Taeryung Lee,Seoul National University,KOREAN_UNIVERSITY_GRAD_SCIENCE_INSTITUTE,cai_pp6710,unreviewed,,,CVPR; ICCV; ECCV; NeurIPS; ICLR; ICML; SIGGRAPH; SIGGRAPH Asia; IROS; ICRA; RA-L,2026-03-05T23:00:00+01:00,"Main-conference full paper or RA-L journal article published on or before the cutoff; first-listed authorship only. Workshops, posters, demos, abstracts, and unverified identity matches are excluded.",0,,,,blocked_on_identity_review,0,unreviewed,https://eccv.ecva.net/virtual/2026/poster/4313,
b3dd760eb02d2e669c604f6b2f1e803f,4323,PanoGrounder: Bridging 2D and 3D with Panoramic Scene Representations for VLM-based 3D Visual Grounding,Seongmin Jung,Seoul National University,KOREAN_UNIVERSITY_GRAD_SCIENCE_INSTITUTE,cai_12g2vk1,unreviewed,,,CVPR; ICCV; ECCV; NeurIPS; ICLR; ICML; SIGGRAPH; SIGGRAPH Asia; IROS; ICRA; RA-L,2026-03-05T23:00:00+01:00,"Main-conference full paper or RA-L journal article published on or before the cutoff; first-listed authorship only. Workshops, posters, demos, abstracts, and unverified identity matches are excluded.",0,,,,blocked_on_identity_review,0,unreviewed,https://eccv.ecva.net/virtual/2026/poster/4323,
88fcf48a99a38a0ffb078d0d5762dc1b,4329,Environmental Change Detection for Real-World Change Analysis,Kyusik Cho,Yonsei University,KOREAN_UNIVERSITY_GRAD_SCIENCE_INSTITUTE,cai_og1gaa,unreviewed,,,CVPR; ICCV; ECCV; NeurIPS; ICLR; ICML; SIGGRAPH; SIGGRAPH Asia; IROS; ICRA; RA-L,2026-03-05T23:00:00+01:00,"Main-conference full paper or RA-L journal article published on or before the cutoff; first-listed authorship only. Workshops, posters, demos, abstracts, and unverified identity matches are excluded.",0,,,,blocked_on_identity_review,0,unreviewed,https://eccv.ecva.net/virtual/2026/poster/4329,
f18224a1adfb7b3dbff668c9b655a35a,4330,Rethinking Detection Calibration: A Coordinate Perspective,Juyong Lee,Chung-Ang University,KOREAN_UNIVERSITY_GRAD_SCIENCE_INSTITUTE,cai_jsekvg,unreviewed,,,CVPR; ICCV; ECCV; NeurIPS; ICLR; ICML; SIGGRAPH; SIGGRAPH Asia; IROS; ICRA; RA-L,2026-03-05T23:00:00+01:00,"Main-conference full paper or RA-L journal article published on or before the cutoff; first-listed authorship only. Workshops, posters, demos, abstracts, and unverified identity matches are excluded.",0,,,,blocked_on_identity_review,0,unreviewed,https://eccv.ecva.net/virtual/2026/poster/4330,
a0dc078ca0d99b5ebb465a9f1cad54ba,4335,HiChor: Hierarchical Choreography Generation from Pop Music with Choreographic Primitives,Jungsu Kim,Yonsei University,KOREAN_UNIVERSITY_GRAD_SCIENCE_INSTITUTE,cai_1f5a4rn,unreviewed,,,CVPR; ICCV; ECCV; NeurIPS; ICLR; ICML; SIGGRAPH; SIGGRAPH Asia; IROS; ICRA; RA-L,2026-03-05T23:00:00+01:00,"Main-conference full paper or RA-L journal article published on or before the cutoff; first-listed authorship only. Workshops, posters, demos, abstracts, and unverified identity matches are excluded.",0,,,,blocked_on_identity_review,0,unreviewed,https://eccv.ecva.net/virtual/2026/poster/4335,
febefe1cc5c87748ea02036dbe9e3d67,4336,AffoGato: Open-Vocabulary Affordance Grounding with Automated Data Generation at Scale,Junha Lee,South Korea,KOREA_LOCATION_DECLARED_UNSPECIFIED_INSTITUTION,cai_1d1f4lw,unreviewed,,,CVPR; ICCV; ECCV; NeurIPS; ICLR; ICML; SIGGRAPH; SIGGRAPH Asia; IROS; ICRA; RA-L,2026-03-05T23:00:00+01:00,"Main-conference full paper or RA-L journal article published on or before the cutoff; first-listed authorship only. Workshops, posters, demos, abstracts, and unverified identity matches are excluded.",0,,,,blocked_on_identity_review,0,unreviewed,https://eccv.ecva.net/virtual/2026/poster/4336,
92dfa194391a59dc65b88b704599dbd6,4339,Personalized Reward Modeling for Text-to-Image Generation,Jeongeun Lee,Yonsei university,KOREAN_UNIVERSITY_GRAD_SCIENCE_INSTITUTE,cai_luktrb,unreviewed,,,CVPR; ICCV; ECCV; NeurIPS; ICLR; ICML; SIGGRAPH; SIGGRAPH Asia; IROS; ICRA; RA-L,2026-03-05T23:00:00+01:00,"Main-conference full paper or RA-L journal article published on or before the cutoff; first-listed authorship only. Workshops, posters, demos, abstracts, and unverified identity matches are excluded.",0,,,,blocked_on_identity_review,0,unreviewed,https://eccv.ecva.net/virtual/2026/poster/4339,
82836ca597a373e6c3cd5ae2d466161e,4341,Training-Free Task Classification for Multi-Task Model Merging,Jungyong Son,Hanyang Universty,KOREAN_UNIVERSITY_GRAD_SCIENCE_INSTITUTE,cai_7i9zpd,unreviewed,,,CVPR; ICCV; ECCV; NeurIPS; ICLR; ICML; SIGGRAPH; SIGGRAPH Asia; IROS; ICRA; RA-L,2026-03-05T23:00:00+01:00,"Main-conference full paper or RA-L journal article published on or before the cutoff; first-listed authorship only. Workshops, posters, demos, abstracts, and unverified identity matches are excluded.",0,,,,blocked_on_identity_review,0,unreviewed,https://eccv.ecva.net/virtual/2026/poster/4341,
9ba82616fac74de9ce334ea7532cfddc,4342,Following Motion for Sequential Modeling in Video Frame Interpolation,JaeHyun Park,Seoul National University,KOREAN_UNIVERSITY_GRAD_SCIENCE_INSTITUTE,cai_14v5ugr,unreviewed,,,CVPR; ICCV; ECCV; NeurIPS; ICLR; ICML; SIGGRAPH; SIGGRAPH Asia; IROS; ICRA; RA-L,2026-03-05T23:00:00+01:00,"Main-conference full paper or RA-L journal article published on or before the cutoff; first-listed authorship only. Workshops, posters, demos, abstracts, and unverified identity matches are excluded.",0,,,,blocked_on_identity_review,0,unreviewed,https://eccv.ecva.net/virtual/2026/poster/4342,
1bc2029a8851ad344a8d503930dfd7f7,4345,ProtoMappingNet: Interpretable Hierarchical Prototypes through Relational Prototype Mappings,Jaehun Park,Sungkyunkwan University,KOREAN_UNIVERSITY_GRAD_SCIENCE_INSTITUTE,cai_yzlijd,unreviewed,,,CVPR; ICCV; ECCV; NeurIPS; ICLR; ICML; SIGGRAPH; SIGGRAPH Asia; IROS; ICRA; RA-L,2026-03-05T23:00:00+01:00,"Main-conference full paper or RA-L journal article published on or before the cutoff; first-listed authorship only. Workshops, posters, demos, abstracts, and unverified identity matches are excluded.",0,,,,blocked_on_identity_review,0,unreviewed,https://eccv.ecva.net/virtual/2026/poster/4345,
85f3375756047fba207ce9b85780313b,4346,SharpGS: Sharpness-Preserving 3D Gaussian Splatting with Differentiable Blur-Driven Density Control,Moonsoo Jeong,Sungkyunkwan University,KOREAN_UNIVERSITY_GRAD_SCIENCE_INSTITUTE,cai_1nwybj5,unreviewed,,,CVPR; ICCV; ECCV; NeurIPS; ICLR; ICML; SIGGRAPH; SIGGRAPH Asia; IROS; ICRA; RA-L,2026-03-05T23:00:00+01:00,"Main-conference full paper or RA-L journal article published on or before the cutoff; first-listed authorship only. Workshops, posters, demos, abstracts, and unverified identity matches are excluded.",0,,,,blocked_on_identity_review,0,unreviewed,https://eccv.ecva.net/virtual/2026/poster/4346,
99b410aa504a6f67da128d333896ecd4,4349,SplitHDR: Saturation-Aware HDR Recovery and Denoising for Real-Time Detection,Jaewon Kim,Seoul National University,KOREAN_UNIVERSITY_GRAD_SCIENCE_INSTITUTE,cai_i3rmfg,unreviewed,,,CVPR; ICCV; ECCV; NeurIPS; ICLR; ICML; SIGGRAPH; SIGGRAPH Asia; IROS; ICRA; RA-L,2026-03-05T23:00:00+01:00,"Main-conference full paper or RA-L journal article published on or before the cutoff; first-listed authorship only. Workshops, posters, demos, abstracts, and unverified identity matches are excluded.",0,,,,blocked_on_identity_review,0,unreviewed,https://eccv.ecva.net/virtual/2026/poster/4349,
132d6c1408f2492456848667346b54b6,4352,Rank-Aware Hyperbolic Alignment for Vision–Language Dataset Distillation,Jongoh Jeong,KAIST,KOREAN_UNIVERSITY_GRAD_SCIENCE_INSTITUTE,cai_epucdv,unreviewed,,,CVPR; ICCV; ECCV; NeurIPS; ICLR; ICML; SIGGRAPH; SIGGRAPH Asia; IROS; ICRA; RA-L,2026-03-05T23:00:00+01:00,"Main-conference full paper or RA-L journal article published on or before the cutoff; first-listed authorship only. Workshops, posters, demos, abstracts, and unverified identity matches are excluded.",0,,,,blocked_on_identity_review,0,unreviewed,https://eccv.ecva.net/virtual/2026/poster/4352,
1134ac57b5b1d38b7d70c1b6feaa28cf,4355,Tiled Prompts: Overcoming Prompt Misguidance in Image and Video Super-Resolution,Bryan Sangwoo Kim,Korea Advanced Institute of Science & Technology,KOREAN_UNIVERSITY_GRAD_SCIENCE_INSTITUTE,cai_12x2ya,resolved,https://bryanswkim.github.io/,The personal CV and homepage explicitly connect Bryan Sangwoo Kim at KAIST AI with the ECCV paper Tiled Prompts and list the complete pre-cutoff publication record.,CVPR; ICCV; ECCV; NeurIPS; ICLR; ICML; SIGGRAPH; SIGGRAPH Asia; IROS; ICRA; RA-L,2026-03-05T23:00:00+01:00,"Main-conference full paper or RA-L journal article published on or before the cutoff; first-listed authorship only. Workshops, posters, demos, abstracts, and unverified identity matches are excluded.",1,1,,no,confirmed_not_first,1,high,https://eccv.ecva.net/virtual/2026/poster/4355,One eligible first-listed NeurIPS 2025 paper is listed before the cutoff. The equal-contribution but second-listed CVPR 2025 paper is recorded separately and excluded from the primary count.
227e072d131ba77451d8f27ab9afdfb7,4363,Attention Misses Visual Risk: Risk-Adaptive Steering for Multimodal Safety Alignment,Jonghyun Park,Seoul National University,KOREAN_UNIVERSITY_GRAD_SCIENCE_INSTITUTE,cai_g2e1q9,unreviewed,,,CVPR; ICCV; ECCV; NeurIPS; ICLR; ICML; SIGGRAPH; SIGGRAPH Asia; IROS; ICRA; RA-L,2026-03-05T23:00:00+01:00,"Main-conference full paper or RA-L journal article published on or before the cutoff; first-listed authorship only. Workshops, posters, demos, abstracts, and unverified identity matches are excluded.",0,,,,blocked_on_identity_review,0,unreviewed,https://eccv.ecva.net/virtual/2026/poster/4363,
5c6287be4de9ff5afeaec72d54436fcf,4370,SegPAR: Class-Centric Decision-Based Sparse Attack for Semantic Segmentation,Dongsu Song,Korea Aerospace University,KOREAN_UNIVERSITY_GRAD_SCIENCE_INSTITUTE,cai_180le5h,unreviewed,,,CVPR; ICCV; ECCV; NeurIPS; ICLR; ICML; SIGGRAPH; SIGGRAPH Asia; IROS; ICRA; RA-L,2026-03-05T23:00:00+01:00,"Main-conference full paper or RA-L journal article published on or before the cutoff; first-listed authorship only. Workshops, posters, demos, abstracts, and unverified identity matches are excluded.",0,,,,blocked_on_identity_review,0,unreviewed,https://eccv.ecva.net/virtual/2026/poster/4370,
bee3d07327a21d8e7f02e10ba4b35c15,4372,SUM: Unified Geometric Surgery on Spatio-Temporal Adaptation Vectors for Federated Class Incremental Learning,Jaeik Kim,Seoul National University,KOREAN_UNIVERSITY_GRAD_SCIENCE_INSTITUTE,cai_ipzaj2,unreviewed,,,CVPR; ICCV; ECCV; NeurIPS; ICLR; ICML; SIGGRAPH; SIGGRAPH Asia; IROS; ICRA; RA-L,2026-03-05T23:00:00+01:00,"Main-conference full paper or RA-L journal article published on or before the cutoff; first-listed authorship only. Workshops, posters, demos, abstracts, and unverified identity matches are excluded.",0,,,,blocked_on_identity_review,0,unreviewed,https://eccv.ecva.net/virtual/2026/poster/4372,
887caadc3642e304ede659b734f79b00,4376,See & Sniff: Learning Visuo-Olfactory Representations,Seongyu Kim,KAIST,KOREAN_UNIVERSITY_GRAD_SCIENCE_INSTITUTE,cai_z352tg,unreviewed,,,CVPR; ICCV; ECCV; NeurIPS; ICLR; ICML; SIGGRAPH; SIGGRAPH Asia; IROS; ICRA; RA-L,2026-03-05T23:00:00+01:00,"Main-conference full paper or RA-L journal article published on or before the cutoff; first-listed authorship only. Workshops, posters, demos, abstracts, and unverified identity matches are excluded.",0,,,,blocked_on_identity_review,0,unreviewed,https://eccv.ecva.net/virtual/2026/poster/4376,
c34a7191f6e9948068b83e7179ea3da8,4377,Disentangling Rotation and Translation from SE(3)-Equivariant Features for Shape Assembly,Hee-Jun Jung,Gwangju Institute of Science and Technology (GIST),KOREAN_UNIVERSITY_GRAD_SCIENCE_INSTITUTE,cai_1lalvrp,unreviewed,,,CVPR; ICCV; ECCV; NeurIPS; ICLR; ICML; SIGGRAPH; SIGGRAPH Asia; IROS; ICRA; RA-L,2026-03-05T23:00:00+01:00,"Main-conference full paper or RA-L journal article published on or before the cutoff; first-listed authorship only. Workshops, posters, demos, abstracts, and unverified identity matches are excluded.",0,,,,blocked_on_identity_review,0,unreviewed,https://eccv.ecva.net/virtual/2026/poster/4377,
048e9aee4ffe42efbf7865f0bd5a2fa4,4378,Towards Sparsely Annotated Open World Object Detection,HEEJU HAN,Pusan National University,KOREAN_UNIVERSITY_GRAD_SCIENCE_INSTITUTE,cai_1hroo1u,unreviewed,,,CVPR; ICCV; ECCV; NeurIPS; ICLR; ICML; SIGGRAPH; SIGGRAPH Asia; IROS; ICRA; RA-L,2026-03-05T23:00:00+01:00,"Main-conference full paper or RA-L journal article published on or before the cutoff; first-listed authorship only. Workshops, posters, demos, abstracts, and unverified identity matches are excluded.",0,,,,blocked_on_identity_review,0,unreviewed,https://eccv.ecva.net/virtual/2026/poster/4378,
ba500f04049a8eece1e23e36ea7bbab0,4387,FeDepth: Federated Learning for Depth Estimation under Robot Heterogeneity,Ganghyeon Lee,Ulsan National Institute of Science and Technology,KOREAN_UNIVERSITY_GRAD_SCIENCE_INSTITUTE,cai_aj6w7z,unreviewed,,,CVPR; ICCV; ECCV; NeurIPS; ICLR; ICML; SIGGRAPH; SIGGRAPH Asia; IROS; ICRA; RA-L,2026-03-05T23:00:00+01:00,"Main-conference full paper or RA-L journal article published on or before the cutoff; first-listed authorship only. Workshops, posters, demos, abstracts, and unverified identity matches are excluded.",0,,,,blocked_on_identity_review,0,unreviewed,https://eccv.ecva.net/virtual/2026/poster/4387,
81cacbb44ce8bf874ef92e1a73432c7f,4399,MedCAGD: Context-Aware Gated Decoder for Robust Medical Image Segmentation,Saad Wazir,"Korea Advanced Institute of Science & Technology (KAIST), Daejeon",KOREAN_UNIVERSITY_GRAD_SCIENCE_INSTITUTE,cai_12doui9,resolved,https://sites.google.com/view/saad-wazir?authuser=0,The personal homepage identifies Saad Wazir at KAIST AI2 Lab and lists both CVPR 2025 and ECCV 2026; the KAIST lab publication list independently records the CVPR paper.,CVPR; ICCV; ECCV; NeurIPS; ICLR; ICML; SIGGRAPH; SIGGRAPH Asia; IROS; ICRA; RA-L,2026-03-05T23:00:00+01:00,"Main-conference full paper or RA-L journal article published on or before the cutoff; first-listed authorship only. Workshops, posters, demos, abstracts, and unverified identity matches are excluded.",1,,,no,confirmed_not_first,1,partial,https://eccv.ecva.net/virtual/2026/poster/4399,At least one earlier eligible first-listed paper is verified. Exhaustive count still pending.
5f11b27f131494a1c014fcced2f13165,4410,R-ESC: Robustly Erasing Space Concepts via Stochastic Feature Remapping,Kang Eun Jeon,DGIST,KOREAN_UNIVERSITY_GRAD_SCIENCE_INSTITUTE,cai_ycply5,unreviewed,,,CVPR; ICCV; ECCV; NeurIPS; ICLR; ICML; SIGGRAPH; SIGGRAPH Asia; IROS; ICRA; RA-L,2026-03-05T23:00:00+01:00,"Main-conference full paper or RA-L journal article published on or before the cutoff; first-listed authorship only. Workshops, posters, demos, abstracts, and unverified identity matches are excluded.",0,,,,blocked_on_identity_review,0,unreviewed,https://eccv.ecva.net/virtual/2026/poster/4410,
c344336196d5ec19bd54fd14befdde87,4432,C3ASD: Multi-Level Consistency-Driven Representation Learning for Robust Active Speaker Detection,Jin Hong,Chung-Ang University,KOREAN_UNIVERSITY_GRAD_SCIENCE_INSTITUTE,cai_1672kz7,unreviewed,,,CVPR; ICCV; ECCV; NeurIPS; ICLR; ICML; SIGGRAPH; SIGGRAPH Asia; IROS; ICRA; RA-L,2026-03-05T23:00:00+01:00,"Main-conference full paper or RA-L journal article published on or before the cutoff; first-listed authorship only. Workshops, posters, demos, abstracts, and unverified identity matches are excluded.",0,,,,blocked_on_identity_review,0,unreviewed,https://eccv.ecva.net/virtual/2026/poster/4432,
3d191ef6e236bd1b9bdb9ff4743c47fe,4444,Domain Arithmetic: One-Shot VLA Adaptation under Environmental Shifts,Taewook Kang,Seoul National University,KOREAN_UNIVERSITY_GRAD_SCIENCE_INSTITUTE,cai_jh8r6a,unreviewed,,,CVPR; ICCV; ECCV; NeurIPS; ICLR; ICML; SIGGRAPH; SIGGRAPH Asia; IROS; ICRA; RA-L,2026-03-05T23:00:00+01:00,"Main-conference full paper or RA-L journal article published on or before the cutoff; first-listed authorship only. Workshops, posters, demos, abstracts, and unverified identity matches are excluded.",0,,,,blocked_on_identity_review,0,unreviewed,https://eccv.ecva.net/virtual/2026/poster/4444,
8fd7f981e10b41330b618129afcaab2d,4456,InverseCrafter: Efficient Video ReCapture as a Latent Domain Inverse Problem,Yeobin Hong,KAIST,KOREAN_UNIVERSITY_GRAD_SCIENCE_INSTITUTE,cai_1vznhth,unreviewed,,,CVPR; ICCV; ECCV; NeurIPS; ICLR; ICML; SIGGRAPH; SIGGRAPH Asia; IROS; ICRA; RA-L,2026-03-05T23:00:00+01:00,"Main-conference full paper or RA-L journal article published on or before the cutoff; first-listed authorship only. Workshops, posters, demos, abstracts, and unverified identity matches are excluded.",0,,,,blocked_on_identity_review,0,unreviewed,https://eccv.ecva.net/virtual/2026/poster/4456,
7bec7e63a493e2d61891b1e4051ef75a,4474,InSpace: Structure-Aware 3D Indoor Scene Generation from a Single 360° Image,Gwanhyeong Koo,KAIST,KOREAN_UNIVERSITY_GRAD_SCIENCE_INSTITUTE,cai_1gstyyj,unreviewed,,,CVPR; ICCV; ECCV; NeurIPS; ICLR; ICML; SIGGRAPH; SIGGRAPH Asia; IROS; ICRA; RA-L,2026-03-05T23:00:00+01:00,"Main-conference full paper or RA-L journal article published on or before the cutoff; first-listed authorship only. Workshops, posters, demos, abstracts, and unverified identity matches are excluded.",0,,,,blocked_on_identity_review,0,unreviewed,https://eccv.ecva.net/virtual/2026/poster/4474,
e6a4f65e7355bb8b7671c3a18003b146,4502,SpatialBoost: Enhancing Visual Representation through Language-Guided Reasoning,Byungwoo Jeon,KAIST,KOREAN_UNIVERSITY_GRAD_SCIENCE_INSTITUTE,cai_1gmil2t,resolved,https://rootyjeon.github.io/,The personal homepage explicitly connects Byungwoo Jeon at KAIST with the ECCV paper SpatialBoost and lists the full pre-cutoff publication record.,CVPR; ICCV; ECCV; NeurIPS; ICLR; ICML; SIGGRAPH; SIGGRAPH Asia; IROS; ICRA; RA-L,2026-03-05T23:00:00+01:00,"Main-conference full paper or RA-L journal article published on or before the cutoff; first-listed authorship only. Workshops, posters, demos, abstracts, and unverified identity matches are excluded.",0,0,,yes,confirmed_first,0,medium,https://eccv.ecva.net/virtual/2026/poster/4502,Before the cutoff the listed publications are a first-listed CoRL workshop paper and a third-listed NeurIPS 2024 paper. Neither qualifies under the fixed first-listed main-conference rule.
146389f11f0e76cbc28ca267a34353a7,4509,Zero-Shot Quantization for Object Detectors using Off-the-Shelf Generative Models,Hyunho Lee,Seoul National University,KOREAN_UNIVERSITY_GRAD_SCIENCE_INSTITUTE,cai_1nkch44,unreviewed,,,CVPR; ICCV; ECCV; NeurIPS; ICLR; ICML; SIGGRAPH; SIGGRAPH Asia; IROS; ICRA; RA-L,2026-03-05T23:00:00+01:00,"Main-conference full paper or RA-L journal article published on or before the cutoff; first-listed authorship only. Workshops, posters, demos, abstracts, and unverified identity matches are excluded.",0,,,,blocked_on_identity_review,0,unreviewed,https://eccv.ecva.net/virtual/2026/poster/4509,
d20f6cbf98b2efd688d5e33c2920b586,4527,Dual-Margin Embedding for Fine-Grained Long-Tailed Plant Taxonomy,Cheng-Yaw Low,Changwon National University,KOREAN_UNIVERSITY_GRAD_SCIENCE_INSTITUTE,cai_1dmv880,unreviewed,,,CVPR; ICCV; ECCV; NeurIPS; ICLR; ICML; SIGGRAPH; SIGGRAPH Asia; IROS; ICRA; RA-L,2026-03-05T23:00:00+01:00,"Main-conference full paper or RA-L journal article published on or before the cutoff; first-listed authorship only. Workshops, posters, demos, abstracts, and unverified identity matches are excluded.",0,,,,blocked_on_identity_review,0,unreviewed,https://eccv.ecva.net/virtual/2026/poster/4527,
1371bccec2447b5aa6d96d2a540fb401,4552,Cross-View Yaw Estimation in Location Uncertainty with Line-Aligning Yaw Scoring,Taeho Kang,Seoul National University,KOREAN_UNIVERSITY_GRAD_SCIENCE_INSTITUTE,cai_1cjlfph,unreviewed,,,CVPR; ICCV; ECCV; NeurIPS; ICLR; ICML; SIGGRAPH; SIGGRAPH Asia; IROS; ICRA; RA-L,2026-03-05T23:00:00+01:00,"Main-conference full paper or RA-L journal article published on or before the cutoff; first-listed authorship only. Workshops, posters, demos, abstracts, and unverified identity matches are excluded.",0,,,,blocked_on_identity_review,0,unreviewed,https://eccv.ecva.net/virtual/2026/poster/4552,
4eb0194ddf4d6c7a72dca4fd3149e92e,4586,StAR: Segment Anything Reasoner,Seokju Yun,KAIST AI,KOREAN_UNIVERSITY_GRAD_SCIENCE_INSTITUTE,cai_mpz21o,unreviewed,,,CVPR; ICCV; ECCV; NeurIPS; ICLR; ICML; SIGGRAPH; SIGGRAPH Asia; IROS; ICRA; RA-L,2026-03-05T23:00:00+01:00,"Main-conference full paper or RA-L journal article published on or before the cutoff; first-listed authorship only. Workshops, posters, demos, abstracts, and unverified identity matches are excluded.",0,,,,blocked_on_identity_review,0,unreviewed,https://eccv.ecva.net/virtual/2026/poster/4586,
05a4459d3d5c309f5ab86521d1d2bb69,4602,Relaxed Rigidity with Ray-based Grouping for Dynamic Gaussian Splatting,Junoh Lee,GIST,KOREAN_UNIVERSITY_GRAD_SCIENCE_INSTITUTE,cai_xyxncm,unreviewed,,,CVPR; ICCV; ECCV; NeurIPS; ICLR; ICML; SIGGRAPH; SIGGRAPH Asia; IROS; ICRA; RA-L,2026-03-05T23:00:00+01:00,"Main-conference full paper or RA-L journal article published on or before the cutoff; first-listed authorship only. Workshops, posters, demos, abstracts, and unverified identity matches are excluded.",0,,,,blocked_on_identity_review,0,unreviewed,https://eccv.ecva.net/virtual/2026/poster/4602,
4d630f9347177b17ec7a362f19489239,4608,TiCRL: Textual Image Classification with Reinforcement Learning-Based Curriculum Learning,Gayoung KIM,Ewha womans university,KOREAN_UNIVERSITY_GRAD_SCIENCE_INSTITUTE,cai_96gbai,unreviewed,,,CVPR; ICCV; ECCV; NeurIPS; ICLR; ICML; SIGGRAPH; SIGGRAPH Asia; IROS; ICRA; RA-L,2026-03-05T23:00:00+01:00,"Main-conference full paper or RA-L journal article published on or before the cutoff; first-listed authorship only. Workshops, posters, demos, abstracts, and unverified identity matches are excluded.",0,,,,blocked_on_identity_review,0,unreviewed,https://eccv.ecva.net/virtual/2026/poster/4608,
324545ee1d35608f4932e6c10c5a2df4,4612,MixTTA: Low-Rank Cross-Channel Mixing for Reliable Test-Time Adaptation,Mansoo Jung,Seoul National University,KOREAN_UNIVERSITY_GRAD_SCIENCE_INSTITUTE,cai_1ai4ln6,unreviewed,,,CVPR; ICCV; ECCV; NeurIPS; ICLR; ICML; SIGGRAPH; SIGGRAPH Asia; IROS; ICRA; RA-L,2026-03-05T23:00:00+01:00,"Main-conference full paper or RA-L journal article published on or before the cutoff; first-listed authorship only. Workshops, posters, demos, abstracts, and unverified identity matches are excluded.",0,,,,blocked_on_identity_review,0,unreviewed,https://eccv.ecva.net/virtual/2026/poster/4612,
04e299e28c5847efc6b384bd74d81e25,4619,OmniDS: Dual-Stream Context Fusion for Omnidirectional Depth from Fisheye Cameras,Chaesong Park,Seoul National University,KOREAN_UNIVERSITY_GRAD_SCIENCE_INSTITUTE,cai_4234nl,resolved,https://parkchaesong.github.io/,The personal homepage identifies Chaesong Park as an SNU Robot Vision Lab PhD candidate and lists both the ECCV paper OmniDS and the pre-cutoff publication record.,CVPR; ICCV; ECCV; NeurIPS; ICLR; ICML; SIGGRAPH; SIGGRAPH Asia; IROS; ICRA; RA-L,2026-03-05T23:00:00+01:00,"Main-conference full paper or RA-L journal article published on or before the cutoff; first-listed authorship only. Workshops, posters, demos, abstracts, and unverified identity matches are excluded.",1,1,,no,confirmed_not_first,1,medium,https://eccv.ecva.net/virtual/2026/poster/4619,The sole pre-cutoff eligible first-listed paper shown is SC-Lane at ICCV 2025. HeightLane is WACV and excluded by the fixed venue scope.
f2f446980d8e971ef3da97af089481c3,4656,Geometry-Preserving in 3D Gaussian Splatting for LiDAR-Camera Extrinsic Calibration,Kyoleen Kwak,Kyung Hee University,KOREAN_UNIVERSITY_GRAD_SCIENCE_INSTITUTE,cai_ulv5l2,unreviewed,,,CVPR; ICCV; ECCV; NeurIPS; ICLR; ICML; SIGGRAPH; SIGGRAPH Asia; IROS; ICRA; RA-L,2026-03-05T23:00:00+01:00,"Main-conference full paper or RA-L journal article published on or before the cutoff; first-listed authorship only. Workshops, posters, demos, abstracts, and unverified identity matches are excluded.",0,,,,blocked_on_identity_review,0,unreviewed,https://eccv.ecva.net/virtual/2026/poster/4656,
6ea3f1874b188558fafbab78e8c3a968,4667,ReQuest: Rethinking-based Question-Aware Frame Selection for Long-Form Video QA,Minkuk Kim,Kyung Hee University,KOREAN_UNIVERSITY_GRAD_SCIENCE_INSTITUTE,cai_1gi6tzf,unreviewed,,,CVPR; ICCV; ECCV; NeurIPS; ICLR; ICML; SIGGRAPH; SIGGRAPH Asia; IROS; ICRA; RA-L,2026-03-05T23:00:00+01:00,"Main-conference full paper or RA-L journal article published on or before the cutoff; first-listed authorship only. Workshops, posters, demos, abstracts, and unverified identity matches are excluded.",0,,,,blocked_on_identity_review,0,unreviewed,https://eccv.ecva.net/virtual/2026/poster/4667,
f1404c2624fa7f2507ba04fd9dfc5fb1,4679,Prototype Normalization: Optimizing Prototype Separation for Heterogeneous Federated Learning,Daeyoung Choi,Korea Cyber University,KOREAN_UNIVERSITY_GRAD_SCIENCE_INSTITUTE,cai_1o6n2vf,unreviewed,,,CVPR; ICCV; ECCV; NeurIPS; ICLR; ICML; SIGGRAPH; SIGGRAPH Asia; IROS; ICRA; RA-L,2026-03-05T23:00:00+01:00,"Main-conference full paper or RA-L journal article published on or before the cutoff; first-listed authorship only. Workshops, posters, demos, abstracts, and unverified identity matches are excluded.",0,,,,blocked_on_identity_review,0,unreviewed,https://eccv.ecva.net/virtual/2026/poster/4679,
313f422ac583444ba6045cd122653b0e,4690,PLOT: Pseudo-Labeling via Object Tracking for Monocular 3D Object Detection,SeokYeong Lee,Korea Advanced Institute of Science & Technology,KOREAN_UNIVERSITY_GRAD_SCIENCE_INSTITUTE,cai_xku1g9,unreviewed,,,CVPR; ICCV; ECCV; NeurIPS; ICLR; ICML; SIGGRAPH; SIGGRAPH Asia; IROS; ICRA; RA-L,2026-03-05T23:00:00+01:00,"Main-conference full paper or RA-L journal article published on or before the cutoff; first-listed authorship only. Workshops, posters, demos, abstracts, and unverified identity matches are excluded.",0,,,,blocked_on_identity_review,0,unreviewed,https://eccv.ecva.net/virtual/2026/poster/4690,
812469e49663025b39e8d25fdaad81a7,4695,Accelerated Likelihood Maximization for Diffusion-based Versatile Content Generation,Hyunsoo Lee,Seoul National University,KOREAN_UNIVERSITY_GRAD_SCIENCE_INSTITUTE,cai_16lmauc,unreviewed,,,CVPR; ICCV; ECCV; NeurIPS; ICLR; ICML; SIGGRAPH; SIGGRAPH Asia; IROS; ICRA; RA-L,2026-03-05T23:00:00+01:00,"Main-conference full paper or RA-L journal article published on or before the cutoff; first-listed authorship only. Workshops, posters, demos, abstracts, and unverified identity matches are excluded.",0,,,,blocked_on_identity_review,0,unreviewed,https://eccv.ecva.net/virtual/2026/poster/4695,
84cdde86a4560c17d00c9c437fc2f0da,4696,BrepCoder: A Unified Multimodal Large Language Model for Multi-task B-rep Reasoning,Mingi Kim,Chungnam National University,KOREAN_UNIVERSITY_GRAD_SCIENCE_INSTITUTE,cai_1avphu5,unreviewed,,,CVPR; ICCV; ECCV; NeurIPS; ICLR; ICML; SIGGRAPH; SIGGRAPH Asia; IROS; ICRA; RA-L,2026-03-05T23:00:00+01:00,"Main-conference full paper or RA-L journal article published on or before the cutoff; first-listed authorship only. Workshops, posters, demos, abstracts, and unverified identity matches are excluded.",0,,,,blocked_on_identity_review,0,unreviewed,https://eccv.ecva.net/virtual/2026/poster/4696,
3bf29f38421bc1764e6f1d1545479f93,4699,Accurate Zero-shot Quantization via Hierarchical Teacher-Assistant Distillation,Wonjin Cho,Seoul National University,KOREAN_UNIVERSITY_GRAD_SCIENCE_INSTITUTE,cai_3qeim2,unreviewed,,,CVPR; ICCV; ECCV; NeurIPS; ICLR; ICML; SIGGRAPH; SIGGRAPH Asia; IROS; ICRA; RA-L,2026-03-05T23:00:00+01:00,"Main-conference full paper or RA-L journal article published on or before the cutoff; first-listed authorship only. Workshops, posters, demos, abstracts, and unverified identity matches are excluded.",0,,,,blocked_on_identity_review,0,unreviewed,https://eccv.ecva.net/virtual/2026/poster/4699,
cb77649f5d53798edfa0ff40dae46322,4711,MoCA3D: Monocular 3D Bounding Box Prediction in the Image Plane,Changwoo Jeon,Yonsei University,KOREAN_UNIVERSITY_GRAD_SCIENCE_INSTITUTE,cai_2jhbnw,unreviewed,,,CVPR; ICCV; ECCV; NeurIPS; ICLR; ICML; SIGGRAPH; SIGGRAPH Asia; IROS; ICRA; RA-L,2026-03-05T23:00:00+01:00,"Main-conference full paper or RA-L journal article published on or before the cutoff; first-listed authorship only. Workshops, posters, demos, abstracts, and unverified identity matches are excluded.",0,,,,blocked_on_identity_review,0,unreviewed,https://eccv.ecva.net/virtual/2026/poster/4711,
f6b6d2a114a9644419dc8d2315f22401,4713,Q-TriM: Question-Guided Tri-Modal Attention for Audio–Visual Question Answering,SungHun Kim,Korea University,KOREAN_UNIVERSITY_GRAD_SCIENCE_INSTITUTE,cai_1wmyvnw,unreviewed,,,CVPR; ICCV; ECCV; NeurIPS; ICLR; ICML; SIGGRAPH; SIGGRAPH Asia; IROS; ICRA; RA-L,2026-03-05T23:00:00+01:00,"Main-conference full paper or RA-L journal article published on or before the cutoff; first-listed authorship only. Workshops, posters, demos, abstracts, and unverified identity matches are excluded.",0,,,,blocked_on_identity_review,0,unreviewed,https://eccv.ecva.net/virtual/2026/poster/4713,
9ecff5455677b38d19f49ce658ef0608,4715,Unbalanced Optimal Transport for Efficient Visual Document Retrieval,Hoyeon Shin,Seoul National University of Science and Technology,KOREAN_UNIVERSITY_GRAD_SCIENCE_INSTITUTE,cai_txmnjf,unreviewed,,,CVPR; ICCV; ECCV; NeurIPS; ICLR; ICML; SIGGRAPH; SIGGRAPH Asia; IROS; ICRA; RA-L,2026-03-05T23:00:00+01:00,"Main-conference full paper or RA-L journal article published on or before the cutoff; first-listed authorship only. Workshops, posters, demos, abstracts, and unverified identity matches are excluded.",0,,,,blocked_on_identity_review,0,unreviewed,https://eccv.ecva.net/virtual/2026/poster/4715,
525b8410cc8612283c9ecaf9a319f8ed,4716,Representation Alignment for Just Image Transformers is not Easier than You Think,Jaeyo Shin,KAIST,KOREAN_UNIVERSITY_GRAD_SCIENCE_INSTITUTE,cai_ofpn1x,unreviewed,,,CVPR; ICCV; ECCV; NeurIPS; ICLR; ICML; SIGGRAPH; SIGGRAPH Asia; IROS; ICRA; RA-L,2026-03-05T23:00:00+01:00,"Main-conference full paper or RA-L journal article published on or before the cutoff; first-listed authorship only. Workshops, posters, demos, abstracts, and unverified identity matches are excluded.",0,,,,blocked_on_identity_review,0,unreviewed,https://eccv.ecva.net/virtual/2026/poster/4716,
f629ed9325990b10543ab5946c1362fb,4728,Visual Prompt Discovery via Semantic Exploration,Jaechang Kim,POSTECH,KOREAN_UNIVERSITY_GRAD_SCIENCE_INSTITUTE,cai_ue4bx1,unreviewed,,,CVPR; ICCV; ECCV; NeurIPS; ICLR; ICML; SIGGRAPH; SIGGRAPH Asia; IROS; ICRA; RA-L,2026-03-05T23:00:00+01:00,"Main-conference full paper or RA-L journal article published on or before the cutoff; first-listed authorship only. Workshops, posters, demos, abstracts, and unverified identity matches are excluded.",0,,,,blocked_on_identity_review,0,unreviewed,https://eccv.ecva.net/virtual/2026/poster/4728,
032a01d83345f23883c98c540ff32fe7,4729,DeCoFlow: Structural Decomposition of Normalizing Flows for Continual Anomaly Detection,hun im,Seoul National University,KOREAN_UNIVERSITY_GRAD_SCIENCE_INSTITUTE,cai_1n7ps74,unreviewed,,,CVPR; ICCV; ECCV; NeurIPS; ICLR; ICML; SIGGRAPH; SIGGRAPH Asia; IROS; ICRA; RA-L,2026-03-05T23:00:00+01:00,"Main-conference full paper or RA-L journal article published on or before the cutoff; first-listed authorship only. Workshops, posters, demos, abstracts, and unverified identity matches are excluded.",0,,,,blocked_on_identity_review,0,unreviewed,https://eccv.ecva.net/virtual/2026/poster/4729,
f0d7053396e765bf52de12133cf1afe8,4732,FILT3R: Latent State Adaptive Kalman Filter for Streaming 3D Reconstruction,Seonghyun Jin,Korea Advanced Institute of Science & Technology,KOREAN_UNIVERSITY_GRAD_SCIENCE_INSTITUTE,cai_1a61p0s,unreviewed,,,CVPR; ICCV; ECCV; NeurIPS; ICLR; ICML; SIGGRAPH; SIGGRAPH Asia; IROS; ICRA; RA-L,2026-03-05T23:00:00+01:00,"Main-conference full paper or RA-L journal article published on or before the cutoff; first-listed authorship only. Workshops, posters, demos, abstracts, and unverified identity matches are excluded.",0,,,,blocked_on_identity_review,0,unreviewed,https://eccv.ecva.net/virtual/2026/poster/4732,
ac450d10e166657ec8f93a1b65ca1b14,4741,Enhancing Alignment for Unified Multimodal Models via Semantically-Grounded Supervision,Jiyeong Kim,Ewha W. University,KOREAN_UNIVERSITY_GRAD_SCIENCE_INSTITUTE,cai_ua9szx,unreviewed,,,CVPR; ICCV; ECCV; NeurIPS; ICLR; ICML; SIGGRAPH; SIGGRAPH Asia; IROS; ICRA; RA-L,2026-03-05T23:00:00+01:00,"Main-conference full paper or RA-L journal article published on or before the cutoff; first-listed authorship only. Workshops, posters, demos, abstracts, and unverified identity matches are excluded.",0,,,,blocked_on_identity_review,0,unreviewed,https://eccv.ecva.net/virtual/2026/poster/4741,
f0e6be4ce76ccfa73c5a540d992d0756,4744,CLUE-VAD: Structured Semantic Clues for Understanding Explainable Events in Video Anomaly Detection,MYOUNG-CHUL KIM,Kyung Hee University,KOREAN_UNIVERSITY_GRAD_SCIENCE_INSTITUTE,cai_1odzw09,unreviewed,,,CVPR; ICCV; ECCV; NeurIPS; ICLR; ICML; SIGGRAPH; SIGGRAPH Asia; IROS; ICRA; RA-L,2026-03-05T23:00:00+01:00,"Main-conference full paper or RA-L journal article published on or before the cutoff; first-listed authorship only. Workshops, posters, demos, abstracts, and unverified identity matches are excluded.",0,,,,blocked_on_identity_review,0,unreviewed,https://eccv.ecva.net/virtual/2026/poster/4744,
d9437926cc8d785a7bdb8578fd85d8e3,4747,URHead: A Unified UV-Space Representation for Joint Mesh–3DGS Optimization in Head Avatars,Seonghak Lee,Chung-Ang University,KOREAN_UNIVERSITY_GRAD_SCIENCE_INSTITUTE,cai_1yx3xks,unreviewed,,,CVPR; ICCV; ECCV; NeurIPS; ICLR; ICML; SIGGRAPH; SIGGRAPH Asia; IROS; ICRA; RA-L,2026-03-05T23:00:00+01:00,"Main-conference full paper or RA-L journal article published on or before the cutoff; first-listed authorship only. Workshops, posters, demos, abstracts, and unverified identity matches are excluded.",0,,,,blocked_on_identity_review,0,unreviewed,https://eccv.ecva.net/virtual/2026/poster/4747,
8612c55d2969d1f587bf1c5aaaa32964,4758,DIVA: Instruction-Aware Vision Token Pruning via Dual-Probe Attention Discrepancy,Hyunwoo Kim,Yonsei University,KOREAN_UNIVERSITY_GRAD_SCIENCE_INSTITUTE,cai_lz5fec,unreviewed,,,CVPR; ICCV; ECCV; NeurIPS; ICLR; ICML; SIGGRAPH; SIGGRAPH Asia; IROS; ICRA; RA-L,2026-03-05T23:00:00+01:00,"Main-conference full paper or RA-L journal article published on or before the cutoff; first-listed authorship only. Workshops, posters, demos, abstracts, and unverified identity matches are excluded.",0,,,,blocked_on_identity_review,0,unreviewed,https://eccv.ecva.net/virtual/2026/poster/4758,
536eecee295b92db6b32194e269541f8,4759,Group3D: MLLM-Guided Semantic Grouping for Open-Vocabulary 3D Object Detection,Youbin Kim,Sung Kyun Kwan University,KOREAN_UNIVERSITY_GRAD_SCIENCE_INSTITUTE,cai_1yvwds7,unreviewed,,,CVPR; ICCV; ECCV; NeurIPS; ICLR; ICML; SIGGRAPH; SIGGRAPH Asia; IROS; ICRA; RA-L,2026-03-05T23:00:00+01:00,"Main-conference full paper or RA-L journal article published on or before the cutoff; first-listed authorship only. Workshops, posters, demos, abstracts, and unverified identity matches are excluded.",0,,,,blocked_on_identity_review,0,unreviewed,https://eccv.ecva.net/virtual/2026/poster/4759,
5c333c4ffd55c7a3576e6a614d81af82,4769,Direct Preference Optimization for Perceptual Alignment via Vision-Language Consistency,Seungyeon Lee,Kyungpook National University,KOREAN_UNIVERSITY_GRAD_SCIENCE_INSTITUTE,cai_1itydzn,unreviewed,,,CVPR; ICCV; ECCV; NeurIPS; ICLR; ICML; SIGGRAPH; SIGGRAPH Asia; IROS; ICRA; RA-L,2026-03-05T23:00:00+01:00,"Main-conference full paper or RA-L journal article published on or before the cutoff; first-listed authorship only. Workshops, posters, demos, abstracts, and unverified identity matches are excluded.",0,,,,blocked_on_identity_review,0,unreviewed,https://eccv.ecva.net/virtual/2026/poster/4769,
cc6ef8cb8df3af5693726838cd728163,4778,MorphGS: Morphology-Adaptive Articulated Motion Transfer from Videos,Taeyeon Kim,Korea Advanced Institute of Science & Technology,KOREAN_UNIVERSITY_GRAD_SCIENCE_INSTITUTE,cai_1s5beor,unreviewed,,,CVPR; ICCV; ECCV; NeurIPS; ICLR; ICML; SIGGRAPH; SIGGRAPH Asia; IROS; ICRA; RA-L,2026-03-05T23:00:00+01:00,"Main-conference full paper or RA-L journal article published on or before the cutoff; first-listed authorship only. Workshops, posters, demos, abstracts, and unverified identity matches are excluded.",0,,,,blocked_on_identity_review,0,unreviewed,https://eccv.ecva.net/virtual/2026/poster/4778,
4afa19649ae378da31a423bcd78a97c8,4784,Reflection-Aware Reasoning for Non-Line-of-Sight Pedestrian Localization,Byeonggyu Park,Seoul National University,KOREAN_UNIVERSITY_GRAD_SCIENCE_INSTITUTE,cai_1yyss68,resolved,https://bingurrr.github.io/,The academic portfolio identifies Byeonggyu Park with the ECCV paper and an earlier first-listed IROS paper on the same non-line-of-sight localization topic.,CVPR; ICCV; ECCV; NeurIPS; ICLR; ICML; SIGGRAPH; SIGGRAPH Asia; IROS; ICRA; RA-L,2026-03-05T23:00:00+01:00,"Main-conference full paper or RA-L journal article published on or before the cutoff; first-listed authorship only. Workshops, posters, demos, abstracts, and unverified identity matches are excluded.",1,,,no,confirmed_not_first,1,partial,https://eccv.ecva.net/virtual/2026/poster/4784,At least one earlier eligible first-listed paper is verified. Exhaustive count still pending.
e698959e9b93e4de823526327ffed84a,4803,MotionEditGS: Editing Motion and Appearance of 4D Scenes from Monocular Video via Semantically Anchored Gaussians,Daehyun We,Korea Advanced Institute of Science & Technology; Korea Advanced Institute of Science & Technology,KOREAN_UNIVERSITY_GRAD_SCIENCE_INSTITUTE,cai_riq103,unreviewed,,,CVPR; ICCV; ECCV; NeurIPS; ICLR; ICML; SIGGRAPH; SIGGRAPH Asia; IROS; ICRA; RA-L,2026-03-05T23:00:00+01:00,"Main-conference full paper or RA-L journal article published on or before the cutoff; first-listed authorship only. Workshops, posters, demos, abstracts, and unverified identity matches are excluded.",0,,,,blocked_on_identity_review,0,unreviewed,https://eccv.ecva.net/virtual/2026/poster/4803,
2f10c1578a0706e06b6d7db6f0b4a6af,4810,White Aggregation and Restoration for Few-shot 3D Point Cloud Semantic Segmentation,Jiyun Im,Sung Kyun Kwan University,KOREAN_UNIVERSITY_GRAD_SCIENCE_INSTITUTE,cai_5n2beb,unreviewed,,,CVPR; ICCV; ECCV; NeurIPS; ICLR; ICML; SIGGRAPH; SIGGRAPH Asia; IROS; ICRA; RA-L,2026-03-05T23:00:00+01:00,"Main-conference full paper or RA-L journal article published on or before the cutoff; first-listed authorship only. Workshops, posters, demos, abstracts, and unverified identity matches are excluded.",0,,,,blocked_on_identity_review,0,unreviewed,https://eccv.ecva.net/virtual/2026/poster/4810,
236f119f58f5fd102c5a2ca609fdcbd8,4816,SA-V2V: Training-Free Subject-Aware Video-to-Video Personalization,Soobin Park,Sookmyung Women's University,KOREAN_UNIVERSITY_GRAD_SCIENCE_INSTITUTE,cai_r6mnbm,unreviewed,,,CVPR; ICCV; ECCV; NeurIPS; ICLR; ICML; SIGGRAPH; SIGGRAPH Asia; IROS; ICRA; RA-L,2026-03-05T23:00:00+01:00,"Main-conference full paper or RA-L journal article published on or before the cutoff; first-listed authorship only. Workshops, posters, demos, abstracts, and unverified identity matches are excluded.",0,,,,blocked_on_identity_review,0,unreviewed,https://eccv.ecva.net/virtual/2026/poster/4816,
b56522cb95aa89c207e129509362cce3,4820,"Two Birds, One Projection: Harmonizing Safety and Utility in LVLMs via Inference-time Feature Projection",Yewon Han,Seoul National University,KOREAN_UNIVERSITY_GRAD_SCIENCE_INSTITUTE,cai_kvpogs,unreviewed,,,CVPR; ICCV; ECCV; NeurIPS; ICLR; ICML; SIGGRAPH; SIGGRAPH Asia; IROS; ICRA; RA-L,2026-03-05T23:00:00+01:00,"Main-conference full paper or RA-L journal article published on or before the cutoff; first-listed authorship only. Workshops, posters, demos, abstracts, and unverified identity matches are excluded.",0,,,,blocked_on_identity_review,0,unreviewed,https://eccv.ecva.net/virtual/2026/poster/4820,
7eb5ac36014a76629c40069e46136a61,4822,WARP: Wide Attention with Rich Projections for Image Super-Resolution,Jiwon Kim,Seoul National University,KOREAN_UNIVERSITY_GRAD_SCIENCE_INSTITUTE,cai_1e07dad,unreviewed,,,CVPR; ICCV; ECCV; NeurIPS; ICLR; ICML; SIGGRAPH; SIGGRAPH Asia; IROS; ICRA; RA-L,2026-03-05T23:00:00+01:00,"Main-conference full paper or RA-L journal article published on or before the cutoff; first-listed authorship only. Workshops, posters, demos, abstracts, and unverified identity matches are excluded.",0,,,,blocked_on_identity_review,0,unreviewed,https://eccv.ecva.net/virtual/2026/poster/4822,
229aeb9e2ae66f2fac1149e5240b2fdd,4835,SAND: Stage-Aware Noise Decomposition for Training-Free Diffusion Guidance,DaeHyun Kim,Chungnam National University,KOREAN_UNIVERSITY_GRAD_SCIENCE_INSTITUTE,cai_1jly6ub,unreviewed,,,CVPR; ICCV; ECCV; NeurIPS; ICLR; ICML; SIGGRAPH; SIGGRAPH Asia; IROS; ICRA; RA-L,2026-03-05T23:00:00+01:00,"Main-conference full paper or RA-L journal article published on or before the cutoff; first-listed authorship only. Workshops, posters, demos, abstracts, and unverified identity matches are excluded.",0,,,,blocked_on_identity_review,0,unreviewed,https://eccv.ecva.net/virtual/2026/poster/4835,
340b706fb4f5035f33fcfa07fbbaf411,4845,Unified Prediction and Planning via Conflict-Aware Disjoint Parameter Training,Taewon Seo,Daegu Gyeongbuk Institute of Science and Technology,KOREAN_UNIVERSITY_GRAD_SCIENCE_INSTITUTE,cai_1q7jif8,unreviewed,,,CVPR; ICCV; ECCV; NeurIPS; ICLR; ICML; SIGGRAPH; SIGGRAPH Asia; IROS; ICRA; RA-L,2026-03-05T23:00:00+01:00,"Main-conference full paper or RA-L journal article published on or before the cutoff; first-listed authorship only. Workshops, posters, demos, abstracts, and unverified identity matches are excluded.",0,,,,blocked_on_identity_review,0,unreviewed,https://eccv.ecva.net/virtual/2026/poster/4845,
f7e4dd6300aa79c1ba9425a76dcf26f5,4866,4DGS360: 360° Gaussian Reconstruction of Dynamic Objects from a Single Video,Jae Won Jang,SEOUL NATIONAL UNIVERSITY,KOREAN_UNIVERSITY_GRAD_SCIENCE_INSTITUTE,cai_3yt2qp,unreviewed,,,CVPR; ICCV; ECCV; NeurIPS; ICLR; ICML; SIGGRAPH; SIGGRAPH Asia; IROS; ICRA; RA-L,2026-03-05T23:00:00+01:00,"Main-conference full paper or RA-L journal article published on or before the cutoff; first-listed authorship only. Workshops, posters, demos, abstracts, and unverified identity matches are excluded.",0,,,,blocked_on_identity_review,0,unreviewed,https://eccv.ecva.net/virtual/2026/poster/4866,
808e22af6c33eea22608f30cef458844,4884,PDF-Omni: Poincaré Dual Disk Distortion Field-based Recurrent Update for Omnidirectional Stereo Matching,Yunseok Yang,Jeonbuk National University,KOREAN_UNIVERSITY_GRAD_SCIENCE_INSTITUTE,cai_19fod1y,unreviewed,,,CVPR; ICCV; ECCV; NeurIPS; ICLR; ICML; SIGGRAPH; SIGGRAPH Asia; IROS; ICRA; RA-L,2026-03-05T23:00:00+01:00,"Main-conference full paper or RA-L journal article published on or before the cutoff; first-listed authorship only. Workshops, posters, demos, abstracts, and unverified identity matches are excluded.",0,,,,blocked_on_identity_review,0,unreviewed,https://eccv.ecva.net/virtual/2026/poster/4884,
e0a0a422a9069a4cb2b91211a451da4b,4909,FreqOrtho-SR: Frequency-Guided Orthogonal Expert Learning for Real-World Image Super-Resolution,Minh Son Hoang,Korea Advanced Institute of Science & Technology,KOREAN_UNIVERSITY_GRAD_SCIENCE_INSTITUTE,cai_1c6rbs6,unreviewed,,,CVPR; ICCV; ECCV; NeurIPS; ICLR; ICML; SIGGRAPH; SIGGRAPH Asia; IROS; ICRA; RA-L,2026-03-05T23:00:00+01:00,"Main-conference full paper or RA-L journal article published on or before the cutoff; first-listed authorship only. Workshops, posters, demos, abstracts, and unverified identity matches are excluded.",0,,,,blocked_on_identity_review,0,unreviewed,https://eccv.ecva.net/virtual/2026/poster/4909,
00482b9bed15a272730fcb590ffebddd,4917,MOCHA: Multi-modal Objects-aware Cross-arcHitecture Alignment,Elena Camuffo,CLO Virtual Fashion,KOREAN_COMPANY,cai_qiaew2,unreviewed,,,CVPR; ICCV; ECCV; NeurIPS; ICLR; ICML; SIGGRAPH; SIGGRAPH Asia; IROS; ICRA; RA-L,2026-03-05T23:00:00+01:00,"Main-conference full paper or RA-L journal article published on or before the cutoff; first-listed authorship only. Workshops, posters, demos, abstracts, and unverified identity matches are excluded.",0,,,,blocked_on_identity_review,0,unreviewed,https://eccv.ecva.net/virtual/2026/poster/4917,
9af08cda54faea9adf40a201794183cf,4932,UniSim-SLAM: Feed-Forward SLAM with Unified Sim(3) Optimization,inha Lee,Ulsan National Institute of Science and Technology (UNIST),KOREAN_UNIVERSITY_GRAD_SCIENCE_INSTITUTE,cai_5bb72u,unreviewed,,,CVPR; ICCV; ECCV; NeurIPS; ICLR; ICML; SIGGRAPH; SIGGRAPH Asia; IROS; ICRA; RA-L,2026-03-05T23:00:00+01:00,"Main-conference full paper or RA-L journal article published on or before the cutoff; first-listed authorship only. Workshops, posters, demos, abstracts, and unverified identity matches are excluded.",0,,,,blocked_on_identity_review,0,unreviewed,https://eccv.ecva.net/virtual/2026/poster/4932,
1872e3d47e965d2e64f63ca01dd937f9,4934,Not All Prediction Targets Keep Training-Free Diffusion Guidance on the Manifold,Yunsung Lee,Maum AI,KOREAN_COMPANY,cai_1r1aqg,unreviewed,,,CVPR; ICCV; ECCV; NeurIPS; ICLR; ICML; SIGGRAPH; SIGGRAPH Asia; IROS; ICRA; RA-L,2026-03-05T23:00:00+01:00,"Main-conference full paper or RA-L journal article published on or before the cutoff; first-listed authorship only. Workshops, posters, demos, abstracts, and unverified identity matches are excluded.",0,,,,blocked_on_identity_review,0,unreviewed,https://eccv.ecva.net/virtual/2026/poster/4934,
44151de6be734db545ec958e77b0f9df,4936,Grounding World Simulation Models in a Real-World Metropolis,Junyoung Seo,KAIST,KOREAN_UNIVERSITY_GRAD_SCIENCE_INSTITUTE,cai_726siz,unreviewed,,,CVPR; ICCV; ECCV; NeurIPS; ICLR; ICML; SIGGRAPH; SIGGRAPH Asia; IROS; ICRA; RA-L,2026-03-05T23:00:00+01:00,"Main-conference full paper or RA-L journal article published on or before the cutoff; first-listed authorship only. Workshops, posters, demos, abstracts, and unverified identity matches are excluded.",0,,,,blocked_on_identity_review,0,unreviewed,https://eccv.ecva.net/virtual/2026/poster/4936,
15c71b874531f45bba372bfc35e9b8cf,4942,Raymap-Guided Coupling for Drift-Robust Unposed Feed-Forward 3D Reconstruction,Xiangyu Sun,Sung Kyun Kwan University,KOREAN_UNIVERSITY_GRAD_SCIENCE_INSTITUTE,cai_1tvgayn,unreviewed,,,CVPR; ICCV; ECCV; NeurIPS; ICLR; ICML; SIGGRAPH; SIGGRAPH Asia; IROS; ICRA; RA-L,2026-03-05T23:00:00+01:00,"Main-conference full paper or RA-L journal article published on or before the cutoff; first-listed authorship only. Workshops, posters, demos, abstracts, and unverified identity matches are excluded.",0,,,,blocked_on_identity_review,0,unreviewed,https://eccv.ecva.net/virtual/2026/poster/4942,
8ab9bb97ce35080338be74dc6375e0ed,5007,JointHOI: Jointly Generating Contact Maps Enhances Hand Object Interaction Generation,Mingyeong Song,Ewha Women's University,KOREAN_UNIVERSITY_GRAD_SCIENCE_INSTITUTE,cai_10q2myd,unreviewed,,,CVPR; ICCV; ECCV; NeurIPS; ICLR; ICML; SIGGRAPH; SIGGRAPH Asia; IROS; ICRA; RA-L,2026-03-05T23:00:00+01:00,"Main-conference full paper or RA-L journal article published on or before the cutoff; first-listed authorship only. Workshops, posters, demos, abstracts, and unverified identity matches are excluded.",0,,,,blocked_on_identity_review,0,unreviewed,https://eccv.ecva.net/virtual/2026/poster/5007,
9965b21b3968b6abc41143236b035c8c,5012,RoME: Robust Mixture of Low-Rank Experts against Multiple Adversarial Perturbations,Woo Jae Kim,Korea Advanced Institute of Science and Technology,KOREAN_UNIVERSITY_GRAD_SCIENCE_INSTITUTE,cai_7bajau,unreviewed,,,CVPR; ICCV; ECCV; NeurIPS; ICLR; ICML; SIGGRAPH; SIGGRAPH Asia; IROS; ICRA; RA-L,2026-03-05T23:00:00+01:00,"Main-conference full paper or RA-L journal article published on or before the cutoff; first-listed authorship only. Workshops, posters, demos, abstracts, and unverified identity matches are excluded.",0,,,,blocked_on_identity_review,0,unreviewed,https://eccv.ecva.net/virtual/2026/poster/5012,
ef7a3d1d2f039be1cb6a695f856b5ca6,5013,ReAL: Reference-to-Image (R2I) Aware Latent Diffusion for Image Super-Resolution,Byeonghun Lee,Korea University,KOREAN_UNIVERSITY_GRAD_SCIENCE_INSTITUTE,cai_1a10uti,unreviewed,,,CVPR; ICCV; ECCV; NeurIPS; ICLR; ICML; SIGGRAPH; SIGGRAPH Asia; IROS; ICRA; RA-L,2026-03-05T23:00:00+01:00,"Main-conference full paper or RA-L journal article published on or before the cutoff; first-listed authorship only. Workshops, posters, demos, abstracts, and unverified identity matches are excluded.",0,,,,blocked_on_identity_review,0,unreviewed,https://eccv.ecva.net/virtual/2026/poster/5013,
43a2348027cdb8d216f4fb15fd9e1e4f,5016,STVFocus: Query-guided Spatio-Temporal Visual Focusing for Video LLMs,Taehun Kong,LG Electronics,KOREAN_COMPANY,cai_1ek7qzh,unreviewed,,,CVPR; ICCV; ECCV; NeurIPS; ICLR; ICML; SIGGRAPH; SIGGRAPH Asia; IROS; ICRA; RA-L,2026-03-05T23:00:00+01:00,"Main-conference full paper or RA-L journal article published on or before the cutoff; first-listed authorship only. Workshops, posters, demos, abstracts, and unverified identity matches are excluded.",0,,,,blocked_on_identity_review,0,unreviewed,https://eccv.ecva.net/virtual/2026/poster/5016,
97de76211cd2efdefa4b8226e6cbf649,5023,F⁴Splat: Feed-Forward Predictive Densification for Feed-Forward 3D Gaussian Splatting,Injae Kim,KAIST,KOREAN_UNIVERSITY_GRAD_SCIENCE_INSTITUTE,cai_1vkkwap,unreviewed,,,CVPR; ICCV; ECCV; NeurIPS; ICLR; ICML; SIGGRAPH; SIGGRAPH Asia; IROS; ICRA; RA-L,2026-03-05T23:00:00+01:00,"Main-conference full paper or RA-L journal article published on or before the cutoff; first-listed authorship only. Workshops, posters, demos, abstracts, and unverified identity matches are excluded.",0,,,,blocked_on_identity_review,0,unreviewed,https://eccv.ecva.net/virtual/2026/poster/5023,
29301521774ff3cbd26652b2d5c95996,5036,CURE: Cumulative Knowledge Reuse for Efficient Device-Server Hybrid Inference in Vision-Language Models,Youngjun Lee,KAIST,KOREAN_UNIVERSITY_GRAD_SCIENCE_INSTITUTE,cai_14hrbwy,unreviewed,,,CVPR; ICCV; ECCV; NeurIPS; ICLR; ICML; SIGGRAPH; SIGGRAPH Asia; IROS; ICRA; RA-L,2026-03-05T23:00:00+01:00,"Main-conference full paper or RA-L journal article published on or before the cutoff; first-listed authorship only. Workshops, posters, demos, abstracts, and unverified identity matches are excluded.",0,,,,blocked_on_identity_review,0,unreviewed,https://eccv.ecva.net/virtual/2026/poster/5036,
2d4027d6df9c0256b8d4474ce88f8c88,5063,Correlation-Weighted Multi-Reward Optimization for Compositional Generation,Jungmyung Wi,Korea University,KOREAN_UNIVERSITY_GRAD_SCIENCE_INSTITUTE,cai_9jiqs9,unreviewed,,,CVPR; ICCV; ECCV; NeurIPS; ICLR; ICML; SIGGRAPH; SIGGRAPH Asia; IROS; ICRA; RA-L,2026-03-05T23:00:00+01:00,"Main-conference full paper or RA-L journal article published on or before the cutoff; first-listed authorship only. Workshops, posters, demos, abstracts, and unverified identity matches are excluded.",0,,,,blocked_on_identity_review,0,unreviewed,https://eccv.ecva.net/virtual/2026/poster/5063,
ec3ba9232ae8f48d46b4f6a5283e496f,5065,CLDefocus: Physically Grounded Compound-Lens Defocus Blur Synthesis,Yunkyu Lee,POSTECH,KOREAN_UNIVERSITY_GRAD_SCIENCE_INSTITUTE,cai_1p4okou,unreviewed,,,CVPR; ICCV; ECCV; NeurIPS; ICLR; ICML; SIGGRAPH; SIGGRAPH Asia; IROS; ICRA; RA-L,2026-03-05T23:00:00+01:00,"Main-conference full paper or RA-L journal article published on or before the cutoff; first-listed authorship only. Workshops, posters, demos, abstracts, and unverified identity matches are excluded.",0,,,,blocked_on_identity_review,0,unreviewed,https://eccv.ecva.net/virtual/2026/poster/5065,
81baadacf39a11c56ee30acd5455fced,5074,TRiGS: Temporal Rigid-Body Motion for Scalable 4D Gaussian Splatting,Suwoong Yeom,Sogang University,KOREAN_UNIVERSITY_GRAD_SCIENCE_INSTITUTE,cai_hwa1vk,unreviewed,,,CVPR; ICCV; ECCV; NeurIPS; ICLR; ICML; SIGGRAPH; SIGGRAPH Asia; IROS; ICRA; RA-L,2026-03-05T23:00:00+01:00,"Main-conference full paper or RA-L journal article published on or before the cutoff; first-listed authorship only. Workshops, posters, demos, abstracts, and unverified identity matches are excluded.",0,,,,blocked_on_identity_review,0,unreviewed,https://eccv.ecva.net/virtual/2026/poster/5074,
c359889a833e7612e0cff1dc69d272bc,5079,Learning Zero-Shot Subject-Driven Video Generation Using 1% Compute,Daneul Kim,Seoul National University,KOREAN_UNIVERSITY_GRAD_SCIENCE_INSTITUTE,cai_qbdd0v,unreviewed,,,CVPR; ICCV; ECCV; NeurIPS; ICLR; ICML; SIGGRAPH; SIGGRAPH Asia; IROS; ICRA; RA-L,2026-03-05T23:00:00+01:00,"Main-conference full paper or RA-L journal article published on or before the cutoff; first-listed authorship only. Workshops, posters, demos, abstracts, and unverified identity matches are excluded.",0,,,,blocked_on_identity_review,0,unreviewed,https://eccv.ecva.net/virtual/2026/poster/5079,
7d38b1e9bd793d3f45e0e212a729a93c,5090,WristMimic: Full-Body Humanoid Control with Wrist-Guided Manipulation,Wongyun Yu,POSTECH,KOREAN_UNIVERSITY_GRAD_SCIENCE_INSTITUTE,cai_1ojpzxs,unreviewed,,,CVPR; ICCV; ECCV; NeurIPS; ICLR; ICML; SIGGRAPH; SIGGRAPH Asia; IROS; ICRA; RA-L,2026-03-05T23:00:00+01:00,"Main-conference full paper or RA-L journal article published on or before the cutoff; first-listed authorship only. Workshops, posters, demos, abstracts, and unverified identity matches are excluded.",0,,,,blocked_on_identity_review,0,unreviewed,https://eccv.ecva.net/virtual/2026/poster/5090,
070c425fd005e11aec1a90706dda66f5,5093,From Script to Shot: A Benchmark for Grounding Screenplays in Movies,jungu cho,CJ AI center; Gwangju Institute of Science and Technology,KOREAN_COMPANY_AND_ACADEMIC,cai_828p7g,unreviewed,,,CVPR; ICCV; ECCV; NeurIPS; ICLR; ICML; SIGGRAPH; SIGGRAPH Asia; IROS; ICRA; RA-L,2026-03-05T23:00:00+01:00,"Main-conference full paper or RA-L journal article published on or before the cutoff; first-listed authorship only. Workshops, posters, demos, abstracts, and unverified identity matches are excluded.",0,,,,blocked_on_identity_review,0,unreviewed,https://eccv.ecva.net/virtual/2026/poster/5093,
adb0e2c465ae2a4b7698a8901fdbb177,5101,Depth-guided Multi-view Exposure Bracketing for HDR Robot Vision,Jinnyeong Kim,POSTECH,KOREAN_UNIVERSITY_GRAD_SCIENCE_INSTITUTE,cai_1g0eg9d,unreviewed,,,CVPR; ICCV; ECCV; NeurIPS; ICLR; ICML; SIGGRAPH; SIGGRAPH Asia; IROS; ICRA; RA-L,2026-03-05T23:00:00+01:00,"Main-conference full paper or RA-L journal article published on or before the cutoff; first-listed authorship only. Workshops, posters, demos, abstracts, and unverified identity matches are excluded.",0,,,,blocked_on_identity_review,0,unreviewed,https://eccv.ecva.net/virtual/2026/poster/5101,
ac0071f018d6ac7568394853c44cef1f,5103,High-Resolution Artwork Outpainting with Global Blueprint Guidance and Layout Control,Junha Kim,Hanyang University,KOREAN_UNIVERSITY_GRAD_SCIENCE_INSTITUTE,cai_f92iuw,unreviewed,,,CVPR; ICCV; ECCV; NeurIPS; ICLR; ICML; SIGGRAPH; SIGGRAPH Asia; IROS; ICRA; RA-L,2026-03-05T23:00:00+01:00,"Main-conference full paper or RA-L journal article published on or before the cutoff; first-listed authorship only. Workshops, posters, demos, abstracts, and unverified identity matches are excluded.",0,,,,blocked_on_identity_review,0,unreviewed,https://eccv.ecva.net/virtual/2026/poster/5103,
110e7d180dc9a996341b90c4e61101db,5107,Distribution-Alignment Bridge for Uncertainty-Aware Text-to-Video Retrieval,Kyeongmo Chae,Kyungpook National University,KOREAN_UNIVERSITY_GRAD_SCIENCE_INSTITUTE,cai_xcjd2a,unreviewed,,,CVPR; ICCV; ECCV; NeurIPS; ICLR; ICML; SIGGRAPH; SIGGRAPH Asia; IROS; ICRA; RA-L,2026-03-05T23:00:00+01:00,"Main-conference full paper or RA-L journal article published on or before the cutoff; first-listed authorship only. Workshops, posters, demos, abstracts, and unverified identity matches are excluded.",0,,,,blocked_on_identity_review,0,unreviewed,https://eccv.ecva.net/virtual/2026/poster/5107,
7bee424db269e7f9c5d0a68c7a635018,5110,LivingWorld: Interactive 4D World Generation with Environmental Dynamics,Hyeongju Mun,Pusan National University,KOREAN_UNIVERSITY_GRAD_SCIENCE_INSTITUTE,cai_1nb05bx,unreviewed,,,CVPR; ICCV; ECCV; NeurIPS; ICLR; ICML; SIGGRAPH; SIGGRAPH Asia; IROS; ICRA; RA-L,2026-03-05T23:00:00+01:00,"Main-conference full paper or RA-L journal article published on or before the cutoff; first-listed authorship only. Workshops, posters, demos, abstracts, and unverified identity matches are excluded.",0,,,,blocked_on_identity_review,0,unreviewed,https://eccv.ecva.net/virtual/2026/poster/5110,
9fd7c9fc436c0b439e0b56159eafacc8,5117,EgoGVAE: Ego-body Mesh Reconstruction via Guided Variational Autoencoder,Jaehun Jung,Konkuk University,KOREAN_UNIVERSITY_GRAD_SCIENCE_INSTITUTE,cai_7p3vxv,unreviewed,,,CVPR; ICCV; ECCV; NeurIPS; ICLR; ICML; SIGGRAPH; SIGGRAPH Asia; IROS; ICRA; RA-L,2026-03-05T23:00:00+01:00,"Main-conference full paper or RA-L journal article published on or before the cutoff; first-listed authorship only. Workshops, posters, demos, abstracts, and unverified identity matches are excluded.",0,,,,blocked_on_identity_review,0,unreviewed,https://eccv.ecva.net/virtual/2026/poster/5117,
e033fdb11f1faad86c9a492d4696ec31,5119,HSDF-Lane: Height-Aligned Signed Distance Field with Semantic Lane Prior for 3D Lane Detection,Jiyong Boo,Korea Advanced Institute of Science & Technology,KOREAN_UNIVERSITY_GRAD_SCIENCE_INSTITUTE,cai_1hl1vuh,unreviewed,,,CVPR; ICCV; ECCV; NeurIPS; ICLR; ICML; SIGGRAPH; SIGGRAPH Asia; IROS; ICRA; RA-L,2026-03-05T23:00:00+01:00,"Main-conference full paper or RA-L journal article published on or before the cutoff; first-listed authorship only. Workshops, posters, demos, abstracts, and unverified identity matches are excluded.",0,,,,blocked_on_identity_review,0,unreviewed,https://eccv.ecva.net/virtual/2026/poster/5119,
dbea3d0e2a17c170c412c74273778159,5137,JacobianAvatar: Temporally Consistent Semi-rigid Avatar Reconstruction from a Monocular Video,Changyeon Won,GIST,KOREAN_UNIVERSITY_GRAD_SCIENCE_INSTITUTE,cai_efi1pk,resolved,https://scholar.gist.ac.kr/handle/local/21806,The ECCV record identifies Changyeon Won at GIST and the GIST institutional repository records the same author as first-listed on an ECCV 2022 paper.,CVPR; ICCV; ECCV; NeurIPS; ICLR; ICML; SIGGRAPH; SIGGRAPH Asia; IROS; ICRA; RA-L,2026-03-05T23:00:00+01:00,"Main-conference full paper or RA-L journal article published on or before the cutoff; first-listed authorship only. Workshops, posters, demos, abstracts, and unverified identity matches are excluded.",1,,,no,confirmed_not_first,1,partial,https://eccv.ecva.net/virtual/2026/poster/5137,At least one earlier eligible first-listed paper is verified. Exhaustive count still pending.
05b15a3bd85969833e55b3f05185dcb9,5142,Keep-or-Drop? Adaptive Tokenizer for Compact Video Representation,Yeonkyeong Lee,Kakao,KOREAN_COMPANY,cai_xr8msq,unreviewed,,,CVPR; ICCV; ECCV; NeurIPS; ICLR; ICML; SIGGRAPH; SIGGRAPH Asia; IROS; ICRA; RA-L,2026-03-05T23:00:00+01:00,"Main-conference full paper or RA-L journal article published on or before the cutoff; first-listed authorship only. Workshops, posters, demos, abstracts, and unverified identity matches are excluded.",0,,,,blocked_on_identity_review,0,unreviewed,https://eccv.ecva.net/virtual/2026/poster/5142,
abceedf5017915685f379075f00a5ccd,5149,S3-Prune: Stability-Aware Token Budgeting for Long-Form Video-Language Models,gilha lee,SEOUL NATIONAL UNIVERSITY OF SCIENCE AND TECHNOLOGY,KOREAN_UNIVERSITY_GRAD_SCIENCE_INSTITUTE,cai_1s5qwf4,unreviewed,,,CVPR; ICCV; ECCV; NeurIPS; ICLR; ICML; SIGGRAPH; SIGGRAPH Asia; IROS; ICRA; RA-L,2026-03-05T23:00:00+01:00,"Main-conference full paper or RA-L journal article published on or before the cutoff; first-listed authorship only. Workshops, posters, demos, abstracts, and unverified identity matches are excluded.",0,,,,blocked_on_identity_review,0,unreviewed,https://eccv.ecva.net/virtual/2026/poster/5149,
d921c3c762b1522c475ac8fc0811bb0f,5152,Activation Quantization of Vision Encoders Needs Prefixing Registers,Seunghyeon Kim,POSTECH,KOREAN_UNIVERSITY_GRAD_SCIENCE_INSTITUTE,cai_1e8w2lv,unreviewed,,,CVPR; ICCV; ECCV; NeurIPS; ICLR; ICML; SIGGRAPH; SIGGRAPH Asia; IROS; ICRA; RA-L,2026-03-05T23:00:00+01:00,"Main-conference full paper or RA-L journal article published on or before the cutoff; first-listed authorship only. Workshops, posters, demos, abstracts, and unverified identity matches are excluded.",0,,,,blocked_on_identity_review,0,unreviewed,https://eccv.ecva.net/virtual/2026/poster/5152,
ebef22399dd37c14fcbe768327022889,5164,R2M: Real-Aware Residual Model Merging for Robust and Generalizable Deepfake Detection,Jinhee Park,Korea Electronics Technology Institute; Chung-Ang University,KOREAN_RESEARCH_INSTITUTE,cai_1qjkno1,unreviewed,,,CVPR; ICCV; ECCV; NeurIPS; ICLR; ICML; SIGGRAPH; SIGGRAPH Asia; IROS; ICRA; RA-L,2026-03-05T23:00:00+01:00,"Main-conference full paper or RA-L journal article published on or before the cutoff; first-listed authorship only. Workshops, posters, demos, abstracts, and unverified identity matches are excluded.",0,,,,blocked_on_identity_review,0,unreviewed,https://eccv.ecva.net/virtual/2026/poster/5164,
f5bf2f80e0924a366859e958c6507ea9,5170,OSVE: One Step Video Editing with One Step Diffusion Models,Habin Lim,Korea University,KOREAN_UNIVERSITY_GRAD_SCIENCE_INSTITUTE,cai_xslldp,unreviewed,,,CVPR; ICCV; ECCV; NeurIPS; ICLR; ICML; SIGGRAPH; SIGGRAPH Asia; IROS; ICRA; RA-L,2026-03-05T23:00:00+01:00,"Main-conference full paper or RA-L journal article published on or before the cutoff; first-listed authorship only. Workshops, posters, demos, abstracts, and unverified identity matches are excluded.",0,,,,blocked_on_identity_review,0,unreviewed,https://eccv.ecva.net/virtual/2026/poster/5170,
9dc603ead062664055f36b11fe0cad61,5171,Rethinking Prototype-based Similarity Learning for Few-Shot Object Detection,KunHo Heo,Kyung Hee University,KOREAN_UNIVERSITY_GRAD_SCIENCE_INSTITUTE,cai_nnq0gi,unreviewed,,,CVPR; ICCV; ECCV; NeurIPS; ICLR; ICML; SIGGRAPH; SIGGRAPH Asia; IROS; ICRA; RA-L,2026-03-05T23:00:00+01:00,"Main-conference full paper or RA-L journal article published on or before the cutoff; first-listed authorship only. Workshops, posters, demos, abstracts, and unverified identity matches are excluded.",0,,,,blocked_on_identity_review,0,unreviewed,https://eccv.ecva.net/virtual/2026/poster/5171,
e71ad22eed10d8f6f8242f67695b215f,5175,D2PO: Optimizing Diffusion Samplers via Dynamic Preference,Jinkyu Kim,Seoul National University,KOREAN_UNIVERSITY_GRAD_SCIENCE_INSTITUTE,cai_c38ddw,unreviewed,,,CVPR; ICCV; ECCV; NeurIPS; ICLR; ICML; SIGGRAPH; SIGGRAPH Asia; IROS; ICRA; RA-L,2026-03-05T23:00:00+01:00,"Main-conference full paper or RA-L journal article published on or before the cutoff; first-listed authorship only. Workshops, posters, demos, abstracts, and unverified identity matches are excluded.",0,,,,blocked_on_identity_review,0,unreviewed,https://eccv.ecva.net/virtual/2026/poster/5175,
04f2a4140112ae491f66a1c558df795f,5179,Video-Oasis: Rethinking Evaluation of Video Understanding,Geuntaek Lim,Sejong University,KOREAN_UNIVERSITY_GRAD_SCIENCE_INSTITUTE,cai_5e0m3b,unreviewed,,,CVPR; ICCV; ECCV; NeurIPS; ICLR; ICML; SIGGRAPH; SIGGRAPH Asia; IROS; ICRA; RA-L,2026-03-05T23:00:00+01:00,"Main-conference full paper or RA-L journal article published on or before the cutoff; first-listed authorship only. Workshops, posters, demos, abstracts, and unverified identity matches are excluded.",0,,,,blocked_on_identity_review,0,unreviewed,https://eccv.ecva.net/virtual/2026/poster/5179,
210b7ec74fc9cec6fb8388dbbdaf23f7,5209,Revisiting Weakly-Supervised Video Scene Graph Generation via Pair Affinity Learning,MINSEOK KANG,Yonsei University,KOREAN_UNIVERSITY_GRAD_SCIENCE_INSTITUTE,cai_xaq0nr,unreviewed,,,CVPR; ICCV; ECCV; NeurIPS; ICLR; ICML; SIGGRAPH; SIGGRAPH Asia; IROS; ICRA; RA-L,2026-03-05T23:00:00+01:00,"Main-conference full paper or RA-L journal article published on or before the cutoff; first-listed authorship only. Workshops, posters, demos, abstracts, and unverified identity matches are excluded.",0,,,,blocked_on_identity_review,0,unreviewed,https://eccv.ecva.net/virtual/2026/poster/5209,
0465a1824942fac19824528343613213,5215,Mitigating Modality and Language-Style Gaps for Zero-Shot Video Moment Retrieval,Jihyun Lee,Sung Kyun Kwan University,KOREAN_UNIVERSITY_GRAD_SCIENCE_INSTITUTE,cai_1dfrfb7,unreviewed,,,CVPR; ICCV; ECCV; NeurIPS; ICLR; ICML; SIGGRAPH; SIGGRAPH Asia; IROS; ICRA; RA-L,2026-03-05T23:00:00+01:00,"Main-conference full paper or RA-L journal article published on or before the cutoff; first-listed authorship only. Workshops, posters, demos, abstracts, and unverified identity matches are excluded.",0,,,,blocked_on_identity_review,0,unreviewed,https://eccv.ecva.net/virtual/2026/poster/5215,
d148c06273c73ec0461b6f82575ef353,5220,TaxoMIL: Taxonomy-Constrained Learning for Hierarchical Whole Slide Image Analysis,Chaeyeon Lee,Korea University,KOREAN_UNIVERSITY_GRAD_SCIENCE_INSTITUTE,cai_1wxi2l,unreviewed,,,CVPR; ICCV; ECCV; NeurIPS; ICLR; ICML; SIGGRAPH; SIGGRAPH Asia; IROS; ICRA; RA-L,2026-03-05T23:00:00+01:00,"Main-conference full paper or RA-L journal article published on or before the cutoff; first-listed authorship only. Workshops, posters, demos, abstracts, and unverified identity matches are excluded.",0,,,,blocked_on_identity_review,0,unreviewed,https://eccv.ecva.net/virtual/2026/poster/5220,
86f3f50a6f945bbfa351e55faac043fb,5224,Unified Multi-plane Autoregressive Diffusion for 3D Multi-Contrast MRI Synthesis,Yejee Shin,Yonsei University,KOREAN_UNIVERSITY_GRAD_SCIENCE_INSTITUTE,cai_14sbmjs,unreviewed,,,CVPR; ICCV; ECCV; NeurIPS; ICLR; ICML; SIGGRAPH; SIGGRAPH Asia; IROS; ICRA; RA-L,2026-03-05T23:00:00+01:00,"Main-conference full paper or RA-L journal article published on or before the cutoff; first-listed authorship only. Workshops, posters, demos, abstracts, and unverified identity matches are excluded.",0,,,,blocked_on_identity_review,0,unreviewed,https://eccv.ecva.net/virtual/2026/poster/5224,
b1c5390a0134fb5edeb8bef14441045b,5231,Dense Reward for Multi-View 3D Reasoning with Global Maps and Local Views,Jiho Choi,Korea Advanced Institute of Science and Technology,KOREAN_UNIVERSITY_GRAD_SCIENCE_INSTITUTE,cai_1lf0emb,unreviewed,,,CVPR; ICCV; ECCV; NeurIPS; ICLR; ICML; SIGGRAPH; SIGGRAPH Asia; IROS; ICRA; RA-L,2026-03-05T23:00:00+01:00,"Main-conference full paper or RA-L journal article published on or before the cutoff; first-listed authorship only. Workshops, posters, demos, abstracts, and unverified identity matches are excluded.",0,,,,blocked_on_identity_review,0,unreviewed,https://eccv.ecva.net/virtual/2026/poster/5231,
f812291e86e5d515984dc44cf9d41ac3,5239,SPICE: Simple Polysemantic feature Interpretation via Clustering-based Explanations,Sehyun Lee,KAIST (Korea Advanced Institute of Science and Technology),KOREAN_UNIVERSITY_GRAD_SCIENCE_INSTITUTE,cai_40wpfu,unreviewed,,,CVPR; ICCV; ECCV; NeurIPS; ICLR; ICML; SIGGRAPH; SIGGRAPH Asia; IROS; ICRA; RA-L,2026-03-05T23:00:00+01:00,"Main-conference full paper or RA-L journal article published on or before the cutoff; first-listed authorship only. Workshops, posters, demos, abstracts, and unverified identity matches are excluded.",0,,,,blocked_on_identity_review,0,unreviewed,https://eccv.ecva.net/virtual/2026/poster/5239,
d3a03b46250a3b28b490109cef354b3f,5258,SiGMA: Sign-Guided Merging and Adaptation framework for Multimodal Continual Instruction Tuning,Keonhee Park,"Vision and Learning Lab, Seoul National University",KOREAN_UNIVERSITY_GRAD_SCIENCE_INSTITUTE,cai_ql2vg6,unreviewed,,,CVPR; ICCV; ECCV; NeurIPS; ICLR; ICML; SIGGRAPH; SIGGRAPH Asia; IROS; ICRA; RA-L,2026-03-05T23:00:00+01:00,"Main-conference full paper or RA-L journal article published on or before the cutoff; first-listed authorship only. Workshops, posters, demos, abstracts, and unverified identity matches are excluded.",0,,,,blocked_on_identity_review,0,unreviewed,https://eccv.ecva.net/virtual/2026/poster/5258,
6f221fcb5c504fe96789df252123770b,5267,EraseLoRA: MLLM-Driven Foreground Exclusion and Background Subtype Aggregation for Dataset-Free Object Removal,Sanghyun Jo,OGQ,KOREAN_COMPANY,cai_3zlwkk,unreviewed,,,CVPR; ICCV; ECCV; NeurIPS; ICLR; ICML; SIGGRAPH; SIGGRAPH Asia; IROS; ICRA; RA-L,2026-03-05T23:00:00+01:00,"Main-conference full paper or RA-L journal article published on or before the cutoff; first-listed authorship only. Workshops, posters, demos, abstracts, and unverified identity matches are excluded.",0,,,,blocked_on_identity_review,0,unreviewed,https://eccv.ecva.net/virtual/2026/poster/5267,
9d3d9b8861c97e6bb5992d51d3232f8b,5287,Ego-Human Motion Prediction with 3D-Aware LLM,Yujin Bae,Korea Advanced Institute of Science & Technology,KOREAN_UNIVERSITY_GRAD_SCIENCE_INSTITUTE,cai_4y45ro,unreviewed,,,CVPR; ICCV; ECCV; NeurIPS; ICLR; ICML; SIGGRAPH; SIGGRAPH Asia; IROS; ICRA; RA-L,2026-03-05T23:00:00+01:00,"Main-conference full paper or RA-L journal article published on or before the cutoff; first-listed authorship only. Workshops, posters, demos, abstracts, and unverified identity matches are excluded.",0,,,,blocked_on_identity_review,0,unreviewed,https://eccv.ecva.net/virtual/2026/poster/5287,
b4d8c3b407f932ae5dde930628585e1d,5289,SpatiO: Adaptive Test-Time Orchestration of Vision-Language Agents for Spatial Reasoning,ChanYeong Hwang,Korea University,KOREAN_UNIVERSITY_GRAD_SCIENCE_INSTITUTE,cai_irr0x2,unreviewed,,,CVPR; ICCV; ECCV; NeurIPS; ICLR; ICML; SIGGRAPH; SIGGRAPH Asia; IROS; ICRA; RA-L,2026-03-05T23:00:00+01:00,"Main-conference full paper or RA-L journal article published on or before the cutoff; first-listed authorship only. Workshops, posters, demos, abstracts, and unverified identity matches are excluded.",0,,,,blocked_on_identity_review,0,unreviewed,https://eccv.ecva.net/virtual/2026/poster/5289,
a3fefe83288ecb0e40ebe40b2bde29fe,5295,Map2World: Segment Map Conditioned Text to 3D World Generation,Jaeyoung Chung,Seoul National University,KOREAN_UNIVERSITY_GRAD_SCIENCE_INSTITUTE,cai_18buty,unreviewed,,,CVPR; ICCV; ECCV; NeurIPS; ICLR; ICML; SIGGRAPH; SIGGRAPH Asia; IROS; ICRA; RA-L,2026-03-05T23:00:00+01:00,"Main-conference full paper or RA-L journal article published on or before the cutoff; first-listed authorship only. Workshops, posters, demos, abstracts, and unverified identity matches are excluded.",0,,,,blocked_on_identity_review,0,unreviewed,https://eccv.ecva.net/virtual/2026/poster/5295,
f5b2aa928f940f3f09a0d14f45a27875,5296,"Every Dog Has Its Day, Probably: A Balanced Synthetic Benchmark and Probabilistic Modeling for 3D Dog Pose Estimation",Joo Young Choi,KRAFTON,KOREAN_COMPANY,cai_174cqdx,unreviewed,,,CVPR; ICCV; ECCV; NeurIPS; ICLR; ICML; SIGGRAPH; SIGGRAPH Asia; IROS; ICRA; RA-L,2026-03-05T23:00:00+01:00,"Main-conference full paper or RA-L journal article published on or before the cutoff; first-listed authorship only. Workshops, posters, demos, abstracts, and unverified identity matches are excluded.",0,,,,blocked_on_identity_review,0,unreviewed,https://eccv.ecva.net/virtual/2026/poster/5296,
247411fabf61b4245eaaee76924795b7,5301,Region-Aware Multimodal Large Language Model via SlowFast Tokenization and Pseudo-Mask Guidance for 3D CT Report Generation,Sunggu Kyung,"Asan Medical Center, University of Ulsan",KOREAN_UNIVERSITY_OR_HOSPITAL,cai_t65o4r,unreviewed,,,CVPR; ICCV; ECCV; NeurIPS; ICLR; ICML; SIGGRAPH; SIGGRAPH Asia; IROS; ICRA; RA-L,2026-03-05T23:00:00+01:00,"Main-conference full paper or RA-L journal article published on or before the cutoff; first-listed authorship only. Workshops, posters, demos, abstracts, and unverified identity matches are excluded.",0,,,,blocked_on_identity_review,0,unreviewed,https://eccv.ecva.net/virtual/2026/poster/5301,
f6e06644c3fb17c52be6bd0421b599b9,5314,SARIF: Segment Anything for Robust Image Forensics,Dong-Hyun Moon,Inha University,KOREAN_UNIVERSITY_GRAD_SCIENCE_INSTITUTE,cai_1a82rny,unreviewed,,,CVPR; ICCV; ECCV; NeurIPS; ICLR; ICML; SIGGRAPH; SIGGRAPH Asia; IROS; ICRA; RA-L,2026-03-05T23:00:00+01:00,"Main-conference full paper or RA-L journal article published on or before the cutoff; first-listed authorship only. Workshops, posters, demos, abstracts, and unverified identity matches are excluded.",0,,,,blocked_on_identity_review,0,unreviewed,https://eccv.ecva.net/virtual/2026/poster/5314,
6375f34725de10852675ac6ee7dc9e40,5358,Flow Straight to Reality: Perceptually Consistent Flow Matching for Efficient Image Restoration,Sangwoo (Jason) Jo,Korea University,KOREAN_UNIVERSITY_GRAD_SCIENCE_INSTITUTE,cai_1s7xdxh,unreviewed,,,CVPR; ICCV; ECCV; NeurIPS; ICLR; ICML; SIGGRAPH; SIGGRAPH Asia; IROS; ICRA; RA-L,2026-03-05T23:00:00+01:00,"Main-conference full paper or RA-L journal article published on or before the cutoff; first-listed authorship only. Workshops, posters, demos, abstracts, and unverified identity matches are excluded.",0,,,,blocked_on_identity_review,0,unreviewed,https://eccv.ecva.net/virtual/2026/poster/5358,
4c9c3070235a7af934be4e46215c0cbc,5366,FMA-Net++: Motion- and Exposure-Aware Joint Video Super-Resolution and Deblurring,Geunhyuk Youk,KAIST,KOREAN_UNIVERSITY_GRAD_SCIENCE_INSTITUTE,cai_135jdof,resolved,https://kaist-viclab.github.io/,The ECCV record and KAIST VICLab publication list identify Geunhyuk Youk at KAIST in the same video-restoration research group.,CVPR; ICCV; ECCV; NeurIPS; ICLR; ICML; SIGGRAPH; SIGGRAPH Asia; IROS; ICRA; RA-L,2026-03-05T23:00:00+01:00,"Main-conference full paper or RA-L journal article published on or before the cutoff; first-listed authorship only. Workshops, posters, demos, abstracts, and unverified identity matches are excluded.",1,,,no,confirmed_not_first,1,partial,https://eccv.ecva.net/virtual/2026/poster/5366,At least one earlier eligible first-listed paper is verified. Exhaustive count still pending.
3b3dda5d26f6b954027854709b476c75,5368,Improving Sparse-View 3DGS Generalization via Flat Minima Optimization,Kangmin Seo,Sungkyunkwan University,KOREAN_UNIVERSITY_GRAD_SCIENCE_INSTITUTE,cai_igfx9k,unreviewed,,,CVPR; ICCV; ECCV; NeurIPS; ICLR; ICML; SIGGRAPH; SIGGRAPH Asia; IROS; ICRA; RA-L,2026-03-05T23:00:00+01:00,"Main-conference full paper or RA-L journal article published on or before the cutoff; first-listed authorship only. Workshops, posters, demos, abstracts, and unverified identity matches are excluded.",0,,,,blocked_on_identity_review,0,unreviewed,https://eccv.ecva.net/virtual/2026/poster/5368,
a56ee48e5c142c26cf645b2cc23d78fc,5371,AVSR-Diff: Scale-Agnostic Diffusion Priors for Temporally Consistent Arbitrary-Scale Video Super-Resolution,Geunhyuk Youk,KAIST,KOREAN_UNIVERSITY_GRAD_SCIENCE_INSTITUTE,cai_135jdof,resolved,https://kaist-viclab.github.io/,The ECCV record and KAIST VICLab publication list identify Geunhyuk Youk at KAIST in the same video-restoration research group.,CVPR; ICCV; ECCV; NeurIPS; ICLR; ICML; SIGGRAPH; SIGGRAPH Asia; IROS; ICRA; RA-L,2026-03-05T23:00:00+01:00,"Main-conference full paper or RA-L journal article published on or before the cutoff; first-listed authorship only. Workshops, posters, demos, abstracts, and unverified identity matches are excluded.",1,,,no,confirmed_not_first,1,partial,https://eccv.ecva.net/virtual/2026/poster/5371,At least one earlier eligible first-listed paper is verified. Exhaustive count still pending.
183f50a7700982a3ed18ff6d7a5777bf,5373,ISAC: Training-Free Instance-to-Semantic Attention Control for Multi-Instance Generation,Sanghyun Jo,OGQ,KOREAN_COMPANY,cai_3zlwkk,unreviewed,,,CVPR; ICCV; ECCV; NeurIPS; ICLR; ICML; SIGGRAPH; SIGGRAPH Asia; IROS; ICRA; RA-L,2026-03-05T23:00:00+01:00,"Main-conference full paper or RA-L journal article published on or before the cutoff; first-listed authorship only. Workshops, posters, demos, abstracts, and unverified identity matches are excluded.",0,,,,blocked_on_identity_review,0,unreviewed,https://eccv.ecva.net/virtual/2026/poster/5373,
e44cf9762b402f5d8b5bc36f60304a15,5375,Graph-GSReg: Leveraging 3D Scene Graphs for Gaussian Splatting Registration,Jaewon Lee,Yonsei University,KOREAN_UNIVERSITY_GRAD_SCIENCE_INSTITUTE,cai_1o08ey0,unreviewed,,,CVPR; ICCV; ECCV; NeurIPS; ICLR; ICML; SIGGRAPH; SIGGRAPH Asia; IROS; ICRA; RA-L,2026-03-05T23:00:00+01:00,"Main-conference full paper or RA-L journal article published on or before the cutoff; first-listed authorship only. Workshops, posters, demos, abstracts, and unverified identity matches are excluded.",0,,,,blocked_on_identity_review,0,unreviewed,https://eccv.ecva.net/virtual/2026/poster/5375,
8586b7474b339930b20ae959920a99a4,5396,3DZip: Spatial-Aware Feature Diversity-Guided Token Compression for 3D Question Answering,Changwoo Baek,Pusan National University,KOREAN_UNIVERSITY_GRAD_SCIENCE_INSTITUTE,cai_1xjvdwb,unreviewed,,,CVPR; ICCV; ECCV; NeurIPS; ICLR; ICML; SIGGRAPH; SIGGRAPH Asia; IROS; ICRA; RA-L,2026-03-05T23:00:00+01:00,"Main-conference full paper or RA-L journal article published on or before the cutoff; first-listed authorship only. Workshops, posters, demos, abstracts, and unverified identity matches are excluded.",0,,,,blocked_on_identity_review,0,unreviewed,https://eccv.ecva.net/virtual/2026/poster/5396,
75a6e5993aefba4f6cb07254637a6133,5399,Through Van Gogh’s Eyes: Global Style Transfer with Diffusion Model,Jeongha Lee,Korea Institute of Science and Technology (KIST),KOREAN_RESEARCH_INSTITUTE,cai_1ggio59,unreviewed,,,CVPR; ICCV; ECCV; NeurIPS; ICLR; ICML; SIGGRAPH; SIGGRAPH Asia; IROS; ICRA; RA-L,2026-03-05T23:00:00+01:00,"Main-conference full paper or RA-L journal article published on or before the cutoff; first-listed authorship only. Workshops, posters, demos, abstracts, and unverified identity matches are excluded.",0,,,,blocked_on_identity_review,0,unreviewed,https://eccv.ecva.net/virtual/2026/poster/5399,
ca529f0fe8b0c42a40d52288a30bd915,5439,CulinaryCut: A Physics-aware Vision-Language-Action Benchmark for Food Cutting via Material Point Method,Hyunsuh Koh,Soongsil University,KOREAN_UNIVERSITY_GRAD_SCIENCE_INSTITUTE,cai_h88dox,unreviewed,,,CVPR; ICCV; ECCV; NeurIPS; ICLR; ICML; SIGGRAPH; SIGGRAPH Asia; IROS; ICRA; RA-L,2026-03-05T23:00:00+01:00,"Main-conference full paper or RA-L journal article published on or before the cutoff; first-listed authorship only. Workshops, posters, demos, abstracts, and unverified identity matches are excluded.",0,,,,blocked_on_identity_review,0,unreviewed,https://eccv.ecva.net/virtual/2026/poster/5439,
2c6ee860dfb322d0fc5dbbf5a2aa0b39,5440,Domain Adaptation with Adaptive Imagination for Visual Reinforcement Learning under Limited Target Data,Hyunwoo Park,StradVision,KOREAN_COMPANY,cai_mwqjea,unreviewed,,,CVPR; ICCV; ECCV; NeurIPS; ICLR; ICML; SIGGRAPH; SIGGRAPH Asia; IROS; ICRA; RA-L,2026-03-05T23:00:00+01:00,"Main-conference full paper or RA-L journal article published on or before the cutoff; first-listed authorship only. Workshops, posters, demos, abstracts, and unverified identity matches are excluded.",0,,,,blocked_on_identity_review,0,unreviewed,https://eccv.ecva.net/virtual/2026/poster/5440,
f47bcedcc5bff372aaddbe08ed8a6b52,5444,Semantic Line Diffusion: Character-Consistent Line Art from text-annotated Storyboards,Seo-Yeon Choi,Jeonbuk National University,KOREAN_UNIVERSITY_GRAD_SCIENCE_INSTITUTE,cai_1bw2xeo,unreviewed,,,CVPR; ICCV; ECCV; NeurIPS; ICLR; ICML; SIGGRAPH; SIGGRAPH Asia; IROS; ICRA; RA-L,2026-03-05T23:00:00+01:00,"Main-conference full paper or RA-L journal article published on or before the cutoff; first-listed authorship only. Workshops, posters, demos, abstracts, and unverified identity matches are excluded.",0,,,,blocked_on_identity_review,0,unreviewed,https://eccv.ecva.net/virtual/2026/poster/5444,
ec3183a7f107d1b8dbb90cb3c01ea7d5,5463,Why Far Looks Up: Probing Spatial Representation in Vision-Language Models,Cheolhong Min,Seoul National University,KOREAN_UNIVERSITY_GRAD_SCIENCE_INSTITUTE,cai_bhhbue,unreviewed,,,CVPR; ICCV; ECCV; NeurIPS; ICLR; ICML; SIGGRAPH; SIGGRAPH Asia; IROS; ICRA; RA-L,2026-03-05T23:00:00+01:00,"Main-conference full paper or RA-L journal article published on or before the cutoff; first-listed authorship only. Workshops, posters, demos, abstracts, and unverified identity matches are excluded.",0,,,,blocked_on_identity_review,0,unreviewed,https://eccv.ecva.net/virtual/2026/poster/5463,
10976997a55826d2efd10358e23511de,5468,Keep It Simple: Multi-Key Episodic Memory Retrieval for Ultra-Long Video Understanding,Yeeun Choi,Yonsei University,KOREAN_UNIVERSITY_GRAD_SCIENCE_INSTITUTE,cai_9o9eef,unreviewed,,,CVPR; ICCV; ECCV; NeurIPS; ICLR; ICML; SIGGRAPH; SIGGRAPH Asia; IROS; ICRA; RA-L,2026-03-05T23:00:00+01:00,"Main-conference full paper or RA-L journal article published on or before the cutoff; first-listed authorship only. Workshops, posters, demos, abstracts, and unverified identity matches are excluded.",0,,,,blocked_on_identity_review,0,unreviewed,https://eccv.ecva.net/virtual/2026/poster/5468,
24cceab7ffc1118f5daaace13c670885,5470,JAM-Flow: Joint Audio-Motion Synthesis with Flow Matching,Mingi Kwon,Yonsei University,KOREAN_UNIVERSITY_GRAD_SCIENCE_INSTITUTE,cai_1s3524l,resolved,https://sites.google.com/view/mingikwon,The personal homepage identifies Mingi Kwon with Yonsei University and lists the ECCV paper JAM-Flow plus the publication history through the cutoff.,CVPR; ICCV; ECCV; NeurIPS; ICLR; ICML; SIGGRAPH; SIGGRAPH Asia; IROS; ICRA; RA-L,2026-03-05T23:00:00+01:00,"Main-conference full paper or RA-L journal article published on or before the cutoff; first-listed authorship only. Workshops, posters, demos, abstracts, and unverified identity matches are excluded.",1,,,no,confirmed_not_first,1,partial,https://eccv.ecva.net/virtual/2026/poster/5470,The homepage identifies multiple first-or-co-first papers but does not by itself distinguish author order. At least one earlier eligible first-listed ECCV paper is independently confirmed; exhaustive first-listed count remains pending.
751d51528afe5e6f7fe95dece4ed32ba,5488,EFlow: Fast Few-Step Video Generator Training from Scratch via Efficient Solution Flow,Dogyun Park,Korea University,KOREAN_UNIVERSITY_GRAD_SCIENCE_INSTITUTE,cai_18x3r1d,resolved,https://mlv.korea.edu/people,The Korea University lab roster identifies Dogyun Park and the official ICLR 2024 proceedings list the same name with Korea University affiliation.,CVPR; ICCV; ECCV; NeurIPS; ICLR; ICML; SIGGRAPH; SIGGRAPH Asia; IROS; ICRA; RA-L,2026-03-05T23:00:00+01:00,"Main-conference full paper or RA-L journal article published on or before the cutoff; first-listed authorship only. Workshops, posters, demos, abstracts, and unverified identity matches are excluded.",1,,,no,confirmed_not_first,1,partial,https://eccv.ecva.net/virtual/2026/poster/5488,At least one earlier eligible first-listed paper is verified. Exhaustive count still pending.
4e4faae72b1c3cbd446a70e89e59d8fc,5518,Vector Scaffolding: Inter-Scale Orchestration for Differentiable Image Vectorization,Jaerin Lee,Seoul National University,KOREAN_UNIVERSITY_GRAD_SCIENCE_INSTITUTE,cai_1aaah60,unreviewed,,,CVPR; ICCV; ECCV; NeurIPS; ICLR; ICML; SIGGRAPH; SIGGRAPH Asia; IROS; ICRA; RA-L,2026-03-05T23:00:00+01:00,"Main-conference full paper or RA-L journal article published on or before the cutoff; first-listed authorship only. Workshops, posters, demos, abstracts, and unverified identity matches are excluded.",0,,,,blocked_on_identity_review,0,unreviewed,https://eccv.ecva.net/virtual/2026/poster/5518,
3c7f7c2dae5b4e1dd398cffb26391a58,5524,Video Can Teach PAN-Sharpening: PSF-Aware Cross-Domain Supervision,Hyun-Ho Kim,Chungnam National University,KOREAN_UNIVERSITY_GRAD_SCIENCE_INSTITUTE,cai_kzekq6,unreviewed,,,CVPR; ICCV; ECCV; NeurIPS; ICLR; ICML; SIGGRAPH; SIGGRAPH Asia; IROS; ICRA; RA-L,2026-03-05T23:00:00+01:00,"Main-conference full paper or RA-L journal article published on or before the cutoff; first-listed authorship only. Workshops, posters, demos, abstracts, and unverified identity matches are excluded.",0,,,,blocked_on_identity_review,0,unreviewed,https://eccv.ecva.net/virtual/2026/poster/5524,
523df5a6db0544f3600434b9ffe68367,5538,3D-ReGen: A Unified 3D Geometry Regeneration Framework,Geon Yeong Park,Korea Advanced Institute of Science and Technology,KOREAN_UNIVERSITY_GRAD_SCIENCE_INSTITUTE,cai_4b1r0v,unreviewed,,,CVPR; ICCV; ECCV; NeurIPS; ICLR; ICML; SIGGRAPH; SIGGRAPH Asia; IROS; ICRA; RA-L,2026-03-05T23:00:00+01:00,"Main-conference full paper or RA-L journal article published on or before the cutoff; first-listed authorship only. Workshops, posters, demos, abstracts, and unverified identity matches are excluded.",0,,,,blocked_on_identity_review,0,unreviewed,https://eccv.ecva.net/virtual/2026/poster/5538,
70c549b28626adf8c0d6349053a844af,5539,TAQ: Static-Deployable Temporal-Aware Quantization for Real-World Video Super-Resolution,Jinwoo Chung,Kookmin University,KOREAN_UNIVERSITY_GRAD_SCIENCE_INSTITUTE,cai_6vguok,unreviewed,,,CVPR; ICCV; ECCV; NeurIPS; ICLR; ICML; SIGGRAPH; SIGGRAPH Asia; IROS; ICRA; RA-L,2026-03-05T23:00:00+01:00,"Main-conference full paper or RA-L journal article published on or before the cutoff; first-listed authorship only. Workshops, posters, demos, abstracts, and unverified identity matches are excluded.",0,,,,blocked_on_identity_review,0,unreviewed,https://eccv.ecva.net/virtual/2026/poster/5539,
debe9dfcc3e4dbea1c509ffab6bf9f0b,5540,V-HOLD: Stabilizing Flow Trajectories to Rethink the Edit–Preservation Trade-off,Gahyeon Kim,ETRI,KOREAN_RESEARCH_INSTITUTE,cai_8a1asp,unreviewed,,,CVPR; ICCV; ECCV; NeurIPS; ICLR; ICML; SIGGRAPH; SIGGRAPH Asia; IROS; ICRA; RA-L,2026-03-05T23:00:00+01:00,"Main-conference full paper or RA-L journal article published on or before the cutoff; first-listed authorship only. Workshops, posters, demos, abstracts, and unverified identity matches are excluded.",0,,,,blocked_on_identity_review,0,unreviewed,https://eccv.ecva.net/virtual/2026/poster/5540,
e96c7de8f6390b1e6c71556e4e0a4959,5552,Why and When Visual Token Pruning Fails? A Study on Relevant Visual Information Shift in MLLMs Decoding,Jiwan Kim,KAIST,KOREAN_UNIVERSITY_GRAD_SCIENCE_INSTITUTE,cai_1p4v3g5,unreviewed,,,CVPR; ICCV; ECCV; NeurIPS; ICLR; ICML; SIGGRAPH; SIGGRAPH Asia; IROS; ICRA; RA-L,2026-03-05T23:00:00+01:00,"Main-conference full paper or RA-L journal article published on or before the cutoff; first-listed authorship only. Workshops, posters, demos, abstracts, and unverified identity matches are excluded.",0,,,,blocked_on_identity_review,0,unreviewed,https://eccv.ecva.net/virtual/2026/poster/5552,
20ba66f905957b34253d9d7abde919f3,5571,Diversity-Aware View Partitioning for Scalable VGGT,Jinsoo Park,POSTECH,KOREAN_UNIVERSITY_GRAD_SCIENCE_INSTITUTE,cai_jnhf9l,unreviewed,,,CVPR; ICCV; ECCV; NeurIPS; ICLR; ICML; SIGGRAPH; SIGGRAPH Asia; IROS; ICRA; RA-L,2026-03-05T23:00:00+01:00,"Main-conference full paper or RA-L journal article published on or before the cutoff; first-listed authorship only. Workshops, posters, demos, abstracts, and unverified identity matches are excluded.",0,,,,blocked_on_identity_review,0,unreviewed,https://eccv.ecva.net/virtual/2026/poster/5571,
2b2e7393b05b5b52af65bf2ed7f4ad4f,5616,DICE: Disentangled Instance-Class knowlEdge prompt tuning via SAE for Vision-Language Models,Daeun Lee,Sung Kyun Kwan University,KOREAN_UNIVERSITY_GRAD_SCIENCE_INSTITUTE,cai_1frm1kx,unreviewed,,,CVPR; ICCV; ECCV; NeurIPS; ICLR; ICML; SIGGRAPH; SIGGRAPH Asia; IROS; ICRA; RA-L,2026-03-05T23:00:00+01:00,"Main-conference full paper or RA-L journal article published on or before the cutoff; first-listed authorship only. Workshops, posters, demos, abstracts, and unverified identity matches are excluded.",0,,,,blocked_on_identity_review,0,unreviewed,https://eccv.ecva.net/virtual/2026/poster/5616,
bf38bc61db12651d4c95b9dd9f4691ae,5627,Extending a Large View Synthesis Model for Multi-view Panoptic Segmentation,Kwonyoung Ryu,Pohang University of Science and Technology,KOREAN_UNIVERSITY_GRAD_SCIENCE_INSTITUTE,cai_17clweh,unreviewed,,,CVPR; ICCV; ECCV; NeurIPS; ICLR; ICML; SIGGRAPH; SIGGRAPH Asia; IROS; ICRA; RA-L,2026-03-05T23:00:00+01:00,"Main-conference full paper or RA-L journal article published on or before the cutoff; first-listed authorship only. Workshops, posters, demos, abstracts, and unverified identity matches are excluded.",0,,,,blocked_on_identity_review,0,unreviewed,https://eccv.ecva.net/virtual/2026/poster/5627,
11a31db27a7b70be0bb9759cf73d0939,5630,Exploiting Local Flatness for Efficient Out-of-Distribution Detection,Seonghwan Park,Korea Electronics Technology Institute (KETI),KOREAN_RESEARCH_INSTITUTE,cai_19esvks,unreviewed,,,CVPR; ICCV; ECCV; NeurIPS; ICLR; ICML; SIGGRAPH; SIGGRAPH Asia; IROS; ICRA; RA-L,2026-03-05T23:00:00+01:00,"Main-conference full paper or RA-L journal article published on or before the cutoff; first-listed authorship only. Workshops, posters, demos, abstracts, and unverified identity matches are excluded.",0,,,,blocked_on_identity_review,0,unreviewed,https://eccv.ecva.net/virtual/2026/poster/5630,
fe41bb826b6a3cd35fe36744936400b9,5643,HyFL-CLIP: Hyperbolic Fine-Tuning of CLIP for Robust Long-Context Understanding,jiha jang,Seoul National University,KOREAN_UNIVERSITY_GRAD_SCIENCE_INSTITUTE,cai_9tizu5,unreviewed,,,CVPR; ICCV; ECCV; NeurIPS; ICLR; ICML; SIGGRAPH; SIGGRAPH Asia; IROS; ICRA; RA-L,2026-03-05T23:00:00+01:00,"Main-conference full paper or RA-L journal article published on or before the cutoff; first-listed authorship only. Workshops, posters, demos, abstracts, and unverified identity matches are excluded.",0,,,,blocked_on_identity_review,0,unreviewed,https://eccv.ecva.net/virtual/2026/poster/5643,
885b09b2268bb141018ce1d96fe82a7e,5644,TriNLOS: Triplane Representations for Neural Non-Line-of-Sight Imaging,Bonmu Do,Inha University,KOREAN_UNIVERSITY_GRAD_SCIENCE_INSTITUTE,cai_jr6jbb,unreviewed,,,CVPR; ICCV; ECCV; NeurIPS; ICLR; ICML; SIGGRAPH; SIGGRAPH Asia; IROS; ICRA; RA-L,2026-03-05T23:00:00+01:00,"Main-conference full paper or RA-L journal article published on or before the cutoff; first-listed authorship only. Workshops, posters, demos, abstracts, and unverified identity matches are excluded.",0,,,,blocked_on_identity_review,0,unreviewed,https://eccv.ecva.net/virtual/2026/poster/5644,
0a2090e24b6ae62b0b0fcaa67a72b5a0,5646,G2P: Gaussian-to-Point Attribute Alignment for Boundary-Aware 3D Segmentation,Hojun Song,Kyungpook National University,KOREAN_UNIVERSITY_GRAD_SCIENCE_INSTITUTE,cai_1y9fxpr,unreviewed,,,CVPR; ICCV; ECCV; NeurIPS; ICLR; ICML; SIGGRAPH; SIGGRAPH Asia; IROS; ICRA; RA-L,2026-03-05T23:00:00+01:00,"Main-conference full paper or RA-L journal article published on or before the cutoff; first-listed authorship only. Workshops, posters, demos, abstracts, and unverified identity matches are excluded.",0,,,,blocked_on_identity_review,0,unreviewed,https://eccv.ecva.net/virtual/2026/poster/5646,
29f3a1e25bd95e7d181c7c3e12fd9321,5647,Diffusion Integrated Gradients: Controllable Path Generation for Flexible Feature Attribution,Soyeon Kim,"Korea Advanced Institute of Science and Technology (KAIST), INEEJI Corp.",KOREAN_COMPANY_AND_ACADEMIC,cai_12jd1n6,unreviewed,,,CVPR; ICCV; ECCV; NeurIPS; ICLR; ICML; SIGGRAPH; SIGGRAPH Asia; IROS; ICRA; RA-L,2026-03-05T23:00:00+01:00,"Main-conference full paper or RA-L journal article published on or before the cutoff; first-listed authorship only. Workshops, posters, demos, abstracts, and unverified identity matches are excluded.",0,,,,blocked_on_identity_review,0,unreviewed,https://eccv.ecva.net/virtual/2026/poster/5647,
ae385516bf05975c06778418ba30dc0a,5652,Sink-Token-Aware Pruning for Fine-Grained Video Understanding in Efficient Video LLMs,Kibum Kim,KAIST,KOREAN_UNIVERSITY_GRAD_SCIENCE_INSTITUTE,cai_thbfl0,unreviewed,,,CVPR; ICCV; ECCV; NeurIPS; ICLR; ICML; SIGGRAPH; SIGGRAPH Asia; IROS; ICRA; RA-L,2026-03-05T23:00:00+01:00,"Main-conference full paper or RA-L journal article published on or before the cutoff; first-listed authorship only. Workshops, posters, demos, abstracts, and unverified identity matches are excluded.",0,,,,blocked_on_identity_review,0,unreviewed,https://eccv.ecva.net/virtual/2026/poster/5652,
25d0a45ccd9e33b6b1ef8760801b6841,5659,Integrated Forward–Inverse Network for Reconstruction for Lensless Image Reconstruction,Donggeon Bae,Seoul National University,KOREAN_UNIVERSITY_GRAD_SCIENCE_INSTITUTE,cai_1r34pvk,unreviewed,,,CVPR; ICCV; ECCV; NeurIPS; ICLR; ICML; SIGGRAPH; SIGGRAPH Asia; IROS; ICRA; RA-L,2026-03-05T23:00:00+01:00,"Main-conference full paper or RA-L journal article published on or before the cutoff; first-listed authorship only. Workshops, posters, demos, abstracts, and unverified identity matches are excluded.",0,,,,blocked_on_identity_review,0,unreviewed,https://eccv.ecva.net/virtual/2026/poster/5659,
ba01e0390d0c58ab871d3fd682bbf613,5663,MultihopSpatial: Multi-hop Compositional Spatial Reasoning Benchmark for Vision-Language Model,Youngwan Lee,ETRI,KOREAN_RESEARCH_INSTITUTE,cai_uw6q6r,unreviewed,,,CVPR; ICCV; ECCV; NeurIPS; ICLR; ICML; SIGGRAPH; SIGGRAPH Asia; IROS; ICRA; RA-L,2026-03-05T23:00:00+01:00,"Main-conference full paper or RA-L journal article published on or before the cutoff; first-listed authorship only. Workshops, posters, demos, abstracts, and unverified identity matches are excluded.",0,,,,blocked_on_identity_review,0,unreviewed,https://eccv.ecva.net/virtual/2026/poster/5663,
e06db73b5702b904f41ccd406ac8f4ba,5668,PRISM: Latent Composition Consistency for Single-Image Reflection Removal,Junseong Shin,Hanyang University,KOREAN_UNIVERSITY_GRAD_SCIENCE_INSTITUTE,cai_131dxvq,unreviewed,,,CVPR; ICCV; ECCV; NeurIPS; ICLR; ICML; SIGGRAPH; SIGGRAPH Asia; IROS; ICRA; RA-L,2026-03-05T23:00:00+01:00,"Main-conference full paper or RA-L journal article published on or before the cutoff; first-listed authorship only. Workshops, posters, demos, abstracts, and unverified identity matches are excluded.",0,,,,blocked_on_identity_review,0,unreviewed,https://eccv.ecva.net/virtual/2026/poster/5668,
0c1e35c59823910dbfca717fc02096e7,5669,Wake up for Touch! Mask-isolated Tactile Alignment Learning in MLLMs,Yoonhyung Park,Ewha Womans University,KOREAN_UNIVERSITY_GRAD_SCIENCE_INSTITUTE,cai_9prqnf,unreviewed,,,CVPR; ICCV; ECCV; NeurIPS; ICLR; ICML; SIGGRAPH; SIGGRAPH Asia; IROS; ICRA; RA-L,2026-03-05T23:00:00+01:00,"Main-conference full paper or RA-L journal article published on or before the cutoff; first-listed authorship only. Workshops, posters, demos, abstracts, and unverified identity matches are excluded.",0,,,,blocked_on_identity_review,0,unreviewed,https://eccv.ecva.net/virtual/2026/poster/5669,
9909794d52985cbc5d95c26e31125d1a,5677,SPLIT: Training-Free AI-Generated and Partially Edited Video Detection via Spatial Patch‑Level Incoherence and Temporal Roughness,Jongyeop Hyun,Pohang University of Science and Technology,KOREAN_UNIVERSITY_GRAD_SCIENCE_INSTITUTE,cai_skq83z,unreviewed,,,CVPR; ICCV; ECCV; NeurIPS; ICLR; ICML; SIGGRAPH; SIGGRAPH Asia; IROS; ICRA; RA-L,2026-03-05T23:00:00+01:00,"Main-conference full paper or RA-L journal article published on or before the cutoff; first-listed authorship only. Workshops, posters, demos, abstracts, and unverified identity matches are excluded.",0,,,,blocked_on_identity_review,0,unreviewed,https://eccv.ecva.net/virtual/2026/poster/5677,
b62973ddb1a4d7a0ea30a1052012af19,5678,DiffGI: Differentiable Geometry Images for High-Fidelity Thin-Shell 3D Generation,Eungjune Shim,CLO Virtual Fashion Inc.,KOREAN_COMPANY,cai_1hjrh6i,unreviewed,,,CVPR; ICCV; ECCV; NeurIPS; ICLR; ICML; SIGGRAPH; SIGGRAPH Asia; IROS; ICRA; RA-L,2026-03-05T23:00:00+01:00,"Main-conference full paper or RA-L journal article published on or before the cutoff; first-listed authorship only. Workshops, posters, demos, abstracts, and unverified identity matches are excluded.",0,,,,blocked_on_identity_review,0,unreviewed,https://eccv.ecva.net/virtual/2026/poster/5678,
747e32ab0fea7fbd2ad9ec03daa3f840,5679,FastSTAR: Spatiotemporal Token Pruning for Efficient Autoregressive Video Synthesis,Sungwoong Yune,KAIST,KOREAN_UNIVERSITY_GRAD_SCIENCE_INSTITUTE,cai_1qjm8mt,unreviewed,,,CVPR; ICCV; ECCV; NeurIPS; ICLR; ICML; SIGGRAPH; SIGGRAPH Asia; IROS; ICRA; RA-L,2026-03-05T23:00:00+01:00,"Main-conference full paper or RA-L journal article published on or before the cutoff; first-listed authorship only. Workshops, posters, demos, abstracts, and unverified identity matches are excluded.",0,,,,blocked_on_identity_review,0,unreviewed,https://eccv.ecva.net/virtual/2026/poster/5679,
b750f74544cb00c138079607276995e9,5686,"H-Adapter: Pose-Robust Hairstyle Transfer via Attention-Derived, Source-Aligned Hair Masks",Seulgi Jeong,SNOW Corporation,KOREAN_COMPANY,cai_1j0rfa6,unreviewed,,,CVPR; ICCV; ECCV; NeurIPS; ICLR; ICML; SIGGRAPH; SIGGRAPH Asia; IROS; ICRA; RA-L,2026-03-05T23:00:00+01:00,"Main-conference full paper or RA-L journal article published on or before the cutoff; first-listed authorship only. Workshops, posters, demos, abstracts, and unverified identity matches are excluded.",0,,,,blocked_on_identity_review,0,unreviewed,https://eccv.ecva.net/virtual/2026/poster/5686,
e4c4e24edd254bb81fc6e3fe7a1a5dd4,5695,EGGS: Explicitly Granular 3D Gaussian Splatting via Luma-Aware and Volume-Preserving Attribute Factorization,InGyu Jeong,Seoul National University of Science and Technology,KOREAN_UNIVERSITY_GRAD_SCIENCE_INSTITUTE,cai_xlzkem,unreviewed,,,CVPR; ICCV; ECCV; NeurIPS; ICLR; ICML; SIGGRAPH; SIGGRAPH Asia; IROS; ICRA; RA-L,2026-03-05T23:00:00+01:00,"Main-conference full paper or RA-L journal article published on or before the cutoff; first-listed authorship only. Workshops, posters, demos, abstracts, and unverified identity matches are excluded.",0,,,,blocked_on_identity_review,0,unreviewed,https://eccv.ecva.net/virtual/2026/poster/5695,
a7b0d547ea892113ec47dc262675fc7b,5702,Rethinking Token Reduction for Diffusion Models via Output-Similarity-Awareness,Hangyeol Lee,KAIST,KOREAN_UNIVERSITY_GRAD_SCIENCE_INSTITUTE,cai_fc52e2,unreviewed,,,CVPR; ICCV; ECCV; NeurIPS; ICLR; ICML; SIGGRAPH; SIGGRAPH Asia; IROS; ICRA; RA-L,2026-03-05T23:00:00+01:00,"Main-conference full paper or RA-L journal article published on or before the cutoff; first-listed authorship only. Workshops, posters, demos, abstracts, and unverified identity matches are excluded.",0,,,,blocked_on_identity_review,0,unreviewed,https://eccv.ecva.net/virtual/2026/poster/5702,
26d88423fc6da243ffddf161ca712757,5714,Recurrent Sinusoidal INRs for Efficient High-Fidelity Representation,Hyunmin Cho,Korea University,KOREAN_UNIVERSITY_GRAD_SCIENCE_INSTITUTE,cai_1fhyq5f,unreviewed,,,CVPR; ICCV; ECCV; NeurIPS; ICLR; ICML; SIGGRAPH; SIGGRAPH Asia; IROS; ICRA; RA-L,2026-03-05T23:00:00+01:00,"Main-conference full paper or RA-L journal article published on or before the cutoff; first-listed authorship only. Workshops, posters, demos, abstracts, and unverified identity matches are excluded.",0,,,,blocked_on_identity_review,0,unreviewed,https://eccv.ecva.net/virtual/2026/poster/5714,
a3e80e62340f85e584f072b212415d32,5719,PrintAnything: Learning Geometric Plan Map for 3D Printing G-code Generation from Unoriented Point Clouds,Sangmin Hong,Seoul National University,KOREAN_UNIVERSITY_GRAD_SCIENCE_INSTITUTE,cai_2jvtue,unreviewed,,,CVPR; ICCV; ECCV; NeurIPS; ICLR; ICML; SIGGRAPH; SIGGRAPH Asia; IROS; ICRA; RA-L,2026-03-05T23:00:00+01:00,"Main-conference full paper or RA-L journal article published on or before the cutoff; first-listed authorship only. Workshops, posters, demos, abstracts, and unverified identity matches are excluded.",0,,,,blocked_on_identity_review,0,unreviewed,https://eccv.ecva.net/virtual/2026/poster/5719,
ff2ffdc47aef555a0d07796f282b8659,5723,Attention-Logit Steering to Compositional Generalization for Continual VQA,Suyoung Yang,Yonsei University,KOREAN_UNIVERSITY_GRAD_SCIENCE_INSTITUTE,cai_1054qqb,unreviewed,,,CVPR; ICCV; ECCV; NeurIPS; ICLR; ICML; SIGGRAPH; SIGGRAPH Asia; IROS; ICRA; RA-L,2026-03-05T23:00:00+01:00,"Main-conference full paper or RA-L journal article published on or before the cutoff; first-listed authorship only. Workshops, posters, demos, abstracts, and unverified identity matches are excluded.",0,,,,blocked_on_identity_review,0,unreviewed,https://eccv.ecva.net/virtual/2026/poster/5723,
f675d8aec99e98b4e62c6aae5fb12fb6,5724,MagnetGS-Mesh: High-Quality Multi-Object Mesh Reconstruction via Adaptive Surface Optimization,Min-Su Park,Sung Kyun Kwan University; Sung Kyun Kwan University,KOREAN_UNIVERSITY_GRAD_SCIENCE_INSTITUTE,cai_llao67,unreviewed,,,CVPR; ICCV; ECCV; NeurIPS; ICLR; ICML; SIGGRAPH; SIGGRAPH Asia; IROS; ICRA; RA-L,2026-03-05T23:00:00+01:00,"Main-conference full paper or RA-L journal article published on or before the cutoff; first-listed authorship only. Workshops, posters, demos, abstracts, and unverified identity matches are excluded.",0,,,,blocked_on_identity_review,0,unreviewed,https://eccv.ecva.net/virtual/2026/poster/5724,
a7ba7390e92513e12fc5fe070e40ee7e,5744,YeTI: You Only Need Two Noisy Images for Real-World sRGB Noise Generation,Jaekyun Ko,Samsung Electronics,KOREAN_COMPANY,cai_6zrg0h,unreviewed,,,CVPR; ICCV; ECCV; NeurIPS; ICLR; ICML; SIGGRAPH; SIGGRAPH Asia; IROS; ICRA; RA-L,2026-03-05T23:00:00+01:00,"Main-conference full paper or RA-L journal article published on or before the cutoff; first-listed authorship only. Workshops, posters, demos, abstracts, and unverified identity matches are excluded.",0,,,,blocked_on_identity_review,0,unreviewed,https://eccv.ecva.net/virtual/2026/poster/5744,
8cf40e328089249cf77075692aa0c09b,5759,ECC: Encoder-Centric Corruption for Fine-Grained Vision in VLMs,Hyesong Choi,Ewha W. University,KOREAN_UNIVERSITY_GRAD_SCIENCE_INSTITUTE,cai_14z01lt,resolved,https://openaccess.thecvf.com/content/ICCV2023/html/Choi_Environment_Agnostic_Representation_for_Visual_Reinforcement_Learning_ICCV_2023_paper.html,The ECCV record and official ICCV 2023 proceedings identify Hyesong Choi with Ewha affiliation in the same vision research area.,CVPR; ICCV; ECCV; NeurIPS; ICLR; ICML; SIGGRAPH; SIGGRAPH Asia; IROS; ICRA; RA-L,2026-03-05T23:00:00+01:00,"Main-conference full paper or RA-L journal article published on or before the cutoff; first-listed authorship only. Workshops, posters, demos, abstracts, and unverified identity matches are excluded.",1,,,no,confirmed_not_first,1,partial,https://eccv.ecva.net/virtual/2026/poster/5759,At least one earlier eligible first-listed paper is verified. Exhaustive count still pending.
e4017fc196bfb479f173f387595d79e5,5761,ReflectCAP: Detailed Image Captioning with Reflective Memory,Kyungmin Min,Seoul National University,KOREAN_UNIVERSITY_GRAD_SCIENCE_INSTITUTE,cai_ruido7,unreviewed,,,CVPR; ICCV; ECCV; NeurIPS; ICLR; ICML; SIGGRAPH; SIGGRAPH Asia; IROS; ICRA; RA-L,2026-03-05T23:00:00+01:00,"Main-conference full paper or RA-L journal article published on or before the cutoff; first-listed authorship only. Workshops, posters, demos, abstracts, and unverified identity matches are excluded.",0,,,,blocked_on_identity_review,0,unreviewed,https://eccv.ecva.net/virtual/2026/poster/5761,
3521a3a5bcfea0fe1189f8bc13af1f99,5764,Isotropic Embedding Perturbations for Robust Vision Language Encoders,Hyesong Choi,Ewha W. University,KOREAN_UNIVERSITY_GRAD_SCIENCE_INSTITUTE,cai_14z01lt,resolved,https://openaccess.thecvf.com/content/ICCV2023/html/Choi_Environment_Agnostic_Representation_for_Visual_Reinforcement_Learning_ICCV_2023_paper.html,The ECCV record and official ICCV 2023 proceedings identify Hyesong Choi with Ewha affiliation in the same vision research area.,CVPR; ICCV; ECCV; NeurIPS; ICLR; ICML; SIGGRAPH; SIGGRAPH Asia; IROS; ICRA; RA-L,2026-03-05T23:00:00+01:00,"Main-conference full paper or RA-L journal article published on or before the cutoff; first-listed authorship only. Workshops, posters, demos, abstracts, and unverified identity matches are excluded.",1,,,no,confirmed_not_first,1,partial,https://eccv.ecva.net/virtual/2026/poster/5764,At least one earlier eligible first-listed paper is verified. Exhaustive count still pending.
c9da108374dde45533baccabee5beb23,5790,Synthetic Sub-Aperture Phase Augmentation for Demosaicing 2×2 Shared Microlens Sensors,Jeisung Lee,Samsung,KOREAN_COMPANY,cai_1hmhnfq,unreviewed,,,CVPR; ICCV; ECCV; NeurIPS; ICLR; ICML; SIGGRAPH; SIGGRAPH Asia; IROS; ICRA; RA-L,2026-03-05T23:00:00+01:00,"Main-conference full paper or RA-L journal article published on or before the cutoff; first-listed authorship only. Workshops, posters, demos, abstracts, and unverified identity matches are excluded.",0,,,,blocked_on_identity_review,0,unreviewed,https://eccv.ecva.net/virtual/2026/poster/5790,
1d033f2517f2915cbb88cf0a4ceb2611,5791,TanGO: Training-Free 3D Editing via Tangent-Space Guidance and Optimization,Siwoo Lim,KAIST,KOREAN_UNIVERSITY_GRAD_SCIENCE_INSTITUTE,cai_3e36ya,unreviewed,,,CVPR; ICCV; ECCV; NeurIPS; ICLR; ICML; SIGGRAPH; SIGGRAPH Asia; IROS; ICRA; RA-L,2026-03-05T23:00:00+01:00,"Main-conference full paper or RA-L journal article published on or before the cutoff; first-listed authorship only. Workshops, posters, demos, abstracts, and unverified identity matches are excluded.",0,,,,blocked_on_identity_review,0,unreviewed,https://eccv.ecva.net/virtual/2026/poster/5791,
5f26cc984eaa1376b07fc0439d531dba,5807,Context Blindness in DPO: Mitigating Object Hallucination in MLLMs via Context-Calibrated Preference Optimization,Byungoh Ko,Korea University,KOREAN_UNIVERSITY_GRAD_SCIENCE_INSTITUTE,cai_5k7e2r,unreviewed,,,CVPR; ICCV; ECCV; NeurIPS; ICLR; ICML; SIGGRAPH; SIGGRAPH Asia; IROS; ICRA; RA-L,2026-03-05T23:00:00+01:00,"Main-conference full paper or RA-L journal article published on or before the cutoff; first-listed authorship only. Workshops, posters, demos, abstracts, and unverified identity matches are excluded.",0,,,,blocked_on_identity_review,0,unreviewed,https://eccv.ecva.net/virtual/2026/poster/5807,
eb352bcf0192b4f307d42f4033208256,5809,LoCA: Spatially-Aware Low-Rank Convolutional Adaptation of Vision Foundation Models,Sojung An,Korea University,KOREAN_UNIVERSITY_GRAD_SCIENCE_INSTITUTE,cai_9kzriy,unreviewed,,,CVPR; ICCV; ECCV; NeurIPS; ICLR; ICML; SIGGRAPH; SIGGRAPH Asia; IROS; ICRA; RA-L,2026-03-05T23:00:00+01:00,"Main-conference full paper or RA-L journal article published on or before the cutoff; first-listed authorship only. Workshops, posters, demos, abstracts, and unverified identity matches are excluded.",0,,,,blocked_on_identity_review,0,unreviewed,https://eccv.ecva.net/virtual/2026/poster/5809,
0e762b65028402721e10bbc97ede52b7,5813,VideoSearch-R1: Iterative Video Retrieval and Reasoning via Soft Query Refinement,Seohyun Lee,Kaist,KOREAN_UNIVERSITY_GRAD_SCIENCE_INSTITUTE,cai_38vyss,unreviewed,,,CVPR; ICCV; ECCV; NeurIPS; ICLR; ICML; SIGGRAPH; SIGGRAPH Asia; IROS; ICRA; RA-L,2026-03-05T23:00:00+01:00,"Main-conference full paper or RA-L journal article published on or before the cutoff; first-listed authorship only. Workshops, posters, demos, abstracts, and unverified identity matches are excluded.",0,,,,blocked_on_identity_review,0,unreviewed,https://eccv.ecva.net/virtual/2026/poster/5813,
44680b5f7cefd57a0e580cfc11a9308f,5816,Unified Backbone Refinement for Diffusion Models via Internal-Latent Analysis,HAKSU LIM,Korea Advanced Institute of Science & Technology,KOREAN_UNIVERSITY_GRAD_SCIENCE_INSTITUTE,cai_ms06pb,unreviewed,,,CVPR; ICCV; ECCV; NeurIPS; ICLR; ICML; SIGGRAPH; SIGGRAPH Asia; IROS; ICRA; RA-L,2026-03-05T23:00:00+01:00,"Main-conference full paper or RA-L journal article published on or before the cutoff; first-listed authorship only. Workshops, posters, demos, abstracts, and unverified identity matches are excluded.",0,,,,blocked_on_identity_review,0,unreviewed,https://eccv.ecva.net/virtual/2026/poster/5816,
c89f28fe875efcf36c8973a7f81bfbb0,5826,TDSR-VLA: Transition-aware Denoising Sequence Representations for Vision-Language-Action,Dong-Woo Kim,Korea University,KOREAN_UNIVERSITY_GRAD_SCIENCE_INSTITUTE,cai_4momyb,unreviewed,,,CVPR; ICCV; ECCV; NeurIPS; ICLR; ICML; SIGGRAPH; SIGGRAPH Asia; IROS; ICRA; RA-L,2026-03-05T23:00:00+01:00,"Main-conference full paper or RA-L journal article published on or before the cutoff; first-listed authorship only. Workshops, posters, demos, abstracts, and unverified identity matches are excluded.",0,,,,blocked_on_identity_review,0,unreviewed,https://eccv.ecva.net/virtual/2026/poster/5826,
ef95afafde712120bb708d12b6217a9a,5841,Bounding-Box Trajectories Matter for Video Anomaly Detection,Inpyo Song,SungKyunKwan University,KOREAN_UNIVERSITY_GRAD_SCIENCE_INSTITUTE,cai_19a1klw,unreviewed,,,CVPR; ICCV; ECCV; NeurIPS; ICLR; ICML; SIGGRAPH; SIGGRAPH Asia; IROS; ICRA; RA-L,2026-03-05T23:00:00+01:00,"Main-conference full paper or RA-L journal article published on or before the cutoff; first-listed authorship only. Workshops, posters, demos, abstracts, and unverified identity matches are excluded.",0,,,,blocked_on_identity_review,0,unreviewed,https://eccv.ecva.net/virtual/2026/poster/5841,
770148201c79c84e752d0b31aebdabc7,5853,Token-level Response-visual Attention Guidance for Multimodal LLMs Knowledge Distillation,Jaehyun Jang,KAIST,KOREAN_UNIVERSITY_GRAD_SCIENCE_INSTITUTE,cai_1fkh01b,unreviewed,,,CVPR; ICCV; ECCV; NeurIPS; ICLR; ICML; SIGGRAPH; SIGGRAPH Asia; IROS; ICRA; RA-L,2026-03-05T23:00:00+01:00,"Main-conference full paper or RA-L journal article published on or before the cutoff; first-listed authorship only. Workshops, posters, demos, abstracts, and unverified identity matches are excluded.",0,,,,blocked_on_identity_review,0,unreviewed,https://eccv.ecva.net/virtual/2026/poster/5853,
86f01e5c7135b53cf58b68d44c449156,5854,Prune Once: Retraining-Free Task-Agnostic Pruning for Vision-Language Models,Kang MinSeok,Chung-Ang University,KOREAN_UNIVERSITY_GRAD_SCIENCE_INSTITUTE,cai_176x63n,unreviewed,,,CVPR; ICCV; ECCV; NeurIPS; ICLR; ICML; SIGGRAPH; SIGGRAPH Asia; IROS; ICRA; RA-L,2026-03-05T23:00:00+01:00,"Main-conference full paper or RA-L journal article published on or before the cutoff; first-listed authorship only. Workshops, posters, demos, abstracts, and unverified identity matches are excluded.",0,,,,blocked_on_identity_review,0,unreviewed,https://eccv.ecva.net/virtual/2026/poster/5854,
7967d550a306a50276991b19ddb4d72e,5874,WiFi-JEPA: Self-supervised Learning for WiFi-CSI 3D Human Pose Estimation,Doeon Kim,Soongsil university,KOREAN_UNIVERSITY_GRAD_SCIENCE_INSTITUTE,cai_oxumrd,unreviewed,,,CVPR; ICCV; ECCV; NeurIPS; ICLR; ICML; SIGGRAPH; SIGGRAPH Asia; IROS; ICRA; RA-L,2026-03-05T23:00:00+01:00,"Main-conference full paper or RA-L journal article published on or before the cutoff; first-listed authorship only. Workshops, posters, demos, abstracts, and unverified identity matches are excluded.",0,,,,blocked_on_identity_review,0,unreviewed,https://eccv.ecva.net/virtual/2026/poster/5874,
8d0edb3d066ad2480d1f7aa966f0fd52,5875,Breaking High Confidence: Practical Face Impersonation under High-Security Thresholds,Changjin Kim,Hanyang University,KOREAN_UNIVERSITY_GRAD_SCIENCE_INSTITUTE,cai_naliiu,unreviewed,,,CVPR; ICCV; ECCV; NeurIPS; ICLR; ICML; SIGGRAPH; SIGGRAPH Asia; IROS; ICRA; RA-L,2026-03-05T23:00:00+01:00,"Main-conference full paper or RA-L journal article published on or before the cutoff; first-listed authorship only. Workshops, posters, demos, abstracts, and unverified identity matches are excluded.",0,,,,blocked_on_identity_review,0,unreviewed,https://eccv.ecva.net/virtual/2026/poster/5875,
323e403f79d8cdb24a2480338f6ea9d6,5880,SPECSIA: Stylization Dataset for Novel-View Enhancement in Drawing-based 3D Animation,Kyuwon Kim,KAIST,KOREAN_UNIVERSITY_GRAD_SCIENCE_INSTITUTE,cai_wmhgsr,unreviewed,,,CVPR; ICCV; ECCV; NeurIPS; ICLR; ICML; SIGGRAPH; SIGGRAPH Asia; IROS; ICRA; RA-L,2026-03-05T23:00:00+01:00,"Main-conference full paper or RA-L journal article published on or before the cutoff; first-listed authorship only. Workshops, posters, demos, abstracts, and unverified identity matches are excluded.",0,,,,blocked_on_identity_review,0,unreviewed,https://eccv.ecva.net/virtual/2026/poster/5880,
d1efdc26e7d42a249391d16f255b2060,5909,Structured Redundancy Modeling for Efficient Visual Token Pruning in High-Resolution MLLMs,Jouwon Song,LG Corporation,KOREAN_COMPANY,cai_10csqcn,unreviewed,,,CVPR; ICCV; ECCV; NeurIPS; ICLR; ICML; SIGGRAPH; SIGGRAPH Asia; IROS; ICRA; RA-L,2026-03-05T23:00:00+01:00,"Main-conference full paper or RA-L journal article published on or before the cutoff; first-listed authorship only. Workshops, posters, demos, abstracts, and unverified identity matches are excluded.",0,,,,blocked_on_identity_review,0,unreviewed,https://eccv.ecva.net/virtual/2026/poster/5909,
62ef6dc6cdbfc1c60305b7d3d9a420a6,5928,Horizon3D: Sparse Radar-Camera Fusion for Long-Range 3D Perception in Autonomous Driving,Geonho Bang,Seoul National University,KOREAN_UNIVERSITY_GRAD_SCIENCE_INSTITUTE,cai_1sefwgj,unreviewed,,,CVPR; ICCV; ECCV; NeurIPS; ICLR; ICML; SIGGRAPH; SIGGRAPH Asia; IROS; ICRA; RA-L,2026-03-05T23:00:00+01:00,"Main-conference full paper or RA-L journal article published on or before the cutoff; first-listed authorship only. Workshops, posters, demos, abstracts, and unverified identity matches are excluded.",0,,,,blocked_on_identity_review,0,unreviewed,https://eccv.ecva.net/virtual/2026/poster/5928,
0ef1989779e89d8c5a6c5f0df6929b39,5948,Multi-scale Mixture of World Models for Embodied Agents in Evolving Environments,Jinwoo Jang,Sungkyunkwan University,KOREAN_UNIVERSITY_GRAD_SCIENCE_INSTITUTE,cai_17oxlre,unreviewed,,,CVPR; ICCV; ECCV; NeurIPS; ICLR; ICML; SIGGRAPH; SIGGRAPH Asia; IROS; ICRA; RA-L,2026-03-05T23:00:00+01:00,"Main-conference full paper or RA-L journal article published on or before the cutoff; first-listed authorship only. Workshops, posters, demos, abstracts, and unverified identity matches are excluded.",0,,,,blocked_on_identity_review,0,unreviewed,https://eccv.ecva.net/virtual/2026/poster/5948,
0a4037dd1cee5b46ec30bb860eea84a4,5958,Remembering Across Blocks: Topology-Conditioned Block-Progressive Memory for Skeleton-Based Action Recognition,Seonho Lee,Sogang university,KOREAN_UNIVERSITY_GRAD_SCIENCE_INSTITUTE,cai_1b0qrk4,unreviewed,,,CVPR; ICCV; ECCV; NeurIPS; ICLR; ICML; SIGGRAPH; SIGGRAPH Asia; IROS; ICRA; RA-L,2026-03-05T23:00:00+01:00,"Main-conference full paper or RA-L journal article published on or before the cutoff; first-listed authorship only. Workshops, posters, demos, abstracts, and unverified identity matches are excluded.",0,,,,blocked_on_identity_review,0,unreviewed,https://eccv.ecva.net/virtual/2026/poster/5958,
