candidate_identity_key,eccv_first_author_name,source_url,source_kind,claim,qa_actions_or_status
cai_b8qb30,Beom Young Kim,https://beomyoung-kim.github.io/,official_personal_site,"Identity, NAVER Cloud/KAIST affiliation, and research profile match the ECCV candidate.",
cai_b8qb30,Beom Young Kim,https://beomyoung-kim.github.io/cv.html,official_cv,Official CV identifies prior top-tier publications and first-author history.,
cai_b8qb30,Beom Young Kim,https://phoenix-eccv26.github.io/,official_project_page,ECCV 2026 paper lists Beomyoung Kim and NAVER Cloud/KAIST affiliations.,
cai_b8qb30,Beom Young Kim,https://naver-career.github.io/en/publications/all/,official_institutional_publications,NAVER publication list associates Beomyoung Kim with NAVER Cloud/KAIST CVPR work.,
cai_jr6jbb,Bonmu Do,,review_status,,identity_unresolved_prior_work_incomplete
cai_1a10uti,Byeonghun Lee,https://ipa.korea.ac.kr/members.html,official_institutional_profile,Official Korea University profile identifies Byeonghun Lee and his research in structure from motion/reference-based super-resolution.,
cai_1a10uti,Byeonghun Lee,https://www.openaccess.thecvf.com/content/ICCV2025/papers/Lee_Reference-based_Super-Resolution_via_Image-based_Retrieval-Augmented_Generation_Diffusion_ICCV_2025_paper.pdf,official_proceedings,ICCV 2025 paper lists Byeonghun Lee first and Korea University affiliation.,
cai_1a10uti,Byeonghun Lee,https://hyeon-cho.github.io/,official_collaborator_site,Collaborator's official research site identifies Byeonghun Lee as first author of the reference-based super-resolution paper and the ECCV 2026 ReAL work.,
cai_18w3st,Byoungwoo Kim,https://arxiv.org/abs/2609.02377,official_preprint_record,Post-cutoff ProSR record lists Byoungwoo Kim as first author; this is not sufficient alone for identity resolution or counting.,
cai_18w3st,Byoungwoo Kim,,review_status,,identity_unresolved_prior_work_incomplete
cai_5k7e2r,Byungoh Ko,https://dcollection.korea.ac.kr/public_resource/pdf/000000307913_20260421163300.pdf,official_institutional_thesis,Korea University thesis identifies Byungoh Ko and the same Context-Calibrated Preference Optimization research.,
cai_5k7e2r,Byungoh Ko,https://openaccess.thecvf.com/content/ICCV2025/papers/Choi_Representation_Shift_Unifying_Token_Compression_with_FlashAttention_ICCV_2025_paper.pdf,official_proceedings,ICCV 2025 paper lists Byungoh Ko as third author and Korea University affiliation/email.,
cai_5k7e2r,Byungoh Ko,https://www.linkedin.com/in/byungoh-ko-01ba59225,professional_profile,"Profile associates Byungoh Ko with Korea University and the ECCV 2026 paper; supporting identity context, not used alone for count.",
cai_5k7e2r,Byungoh Ko,,qa_action,,"Removed evidence row 1: author is explicitly third-listed, so it is not eligible under the first-listed authorship rule."
cai_1wxi2l,Chaeyeon Lee,https://chae0382.github.io/,official_personal_profile,"Profile identifies Chae-Yeon Lee as an SNU Visual Computing Lab PhD student, previously at POSTECH and KAIST, working in 3D computer vision.",
cai_1wxi2l,Chaeyeon Lee,https://arxiv.org/abs/2606.31100,official_preprint_metadata,"TaxoMIL lists Chaeyeon Lee first, but its June 2026 date is after the audit cutoff and the metadata does not establish the Korea University candidate identity.",
cai_1wxi2l,Chaeyeon Lee,,review_status,,identity_unresolved_prior_work_incomplete
cai_naliiu,Changjin Kim,https://cryptology-algorithm-lab.github.io/,institutional_profile,Official Hanyang C&A Lab page names Changjin Kim and associates him with Hanyang University.,
cai_naliiu,Changjin Kim,https://openaccess.thecvf.com/content/CVPR2024/html/Kim_LAN_Learning_to_Adapt_Noise_for_Image_Denoising_CVPR_2024_paper.html,official_proceedings,CVPR 2024 Open Access record lists Changjin Kim first for LAN and states the paper is a CVPR proceedings paper.,
cai_naliiu,Changjin Kim,https://dblp.org/pid/386/7083.html,bibliographic_record,DBLP author record corroborates the CVPR 2024 LAN first-author record and lists later out-of-scope records.,
cai_1xjvdwb,Changwoo Baek,https://www.pnu-cvsp.com/members/changwoo,institutional_profile,"PNU CVSP page identifies Changwoo Baek with a pnu.ac.kr email and lists 3DZip, AgilePruner, and a 2026 RA-L paper.",
cai_1xjvdwb,Changwoo Baek,https://openreview.net/,official_proceedings,No separate pre-cutoff eligible work was verified; the listed ICLR 2026 item falls after the cutoff.,
cai_2jhbnw,Changwoo Jeon,https://jeoncwcw.github.io/,official_personal_profile,Profile identifies Changwoo Jeon as a Yonsei undergraduate and lists only MoCA3D.,
cai_2jhbnw,Changwoo Jeon,https://arxiv.org/abs/2603.19538,official_preprint_metadata,"MoCA3D metadata lists Changwoo Jeon first and gives a 2026-03-20 submission date, after cutoff.",
cai_2jhbnw,Changwoo Jeon,,qa_action,,Downgraded prior_work_review_completeness from complete to incomplete and count_confidence from high to partial: the cited personal page does not establish an authoritative exhaustive publication record for an exact zero.
cai_hrvtmd,Chanhui Lee,https://cvlab.postech.ac.kr/page/members,institutional_profile,POSTECH CV Lab lists Chanhui Lee as an AI Safety member.,
cai_hrvtmd,Chanhui Lee,https://openaccess.thecvf.com/content/CVPR2025/html/Lee_Data-free_Universal_Adversarial_Perturbation_with_Pseudo-semantic_Prior_CVPR_2025_paper.html,official_proceedings,CVPR 2025 record lists Chanhui Lee first for Data-free Universal Adversarial Perturbation with Pseudo-semantic Prior.,
cai_hrvtmd,Chanhui Lee,https://arxiv.org/abs/2502.21048,official_preprint_metadata,"Preprint metadata corroborates title, first author, and 2025 date.",
cai_irr0x2,ChanYeong Hwang,https://arxiv.org/abs/2604.21190,official_preprint,Lists Chan Yeong Hwang as first author of SpatiO and gives the post-cutoff April 2026 date.,
cai_irr0x2,ChanYeong Hwang,,review_status,,identity_unresolved_prior_work_incomplete
cai_1dmv880,Cheng-Yaw Low,https://chengyawlow.github.io/,official_personal_profile,"Identifies Cheng-Yaw Low, Changwon National University affiliation, research profile, and ECCV 2026 queue-title match.",
cai_1dmv880,Cheng-Yaw Low,https://papers.bmvc2023.org/0282.pdf,official_proceedings,"SlackedFace lists Cheng Yaw Low first, but the venue is BMVC and therefore outside the fixed scope.",
cai_1dmv880,Cheng-Yaw Low,https://openaccess.thecvf.com/content/CVPR2023/html/Chai_Recognizability_Embedding_Enhancement_for_Very_Low-Resolution_Face_Recognition_and_Quality_CVPR_2023_paper.html,official_proceedings,"CVPR 2023 paper author order lists Jacky Chen Long Chai, Tiong-Sik Ng, Cheng-Yaw Low; Low is not first-listed.",
cai_bhhbue,Cheolhong Min,https://cheolhong0916.github.io/,official_personal_profile,Confirms Cheolhong Min's SNU CSE/VGI identity and research affiliation.,
cai_bhhbue,Cheolhong Min,https://cheolhong0916.github.io/assets/CV_240912.pdf,official_personal_cv,"Lists ReALFRED at ECCV 2024 with Taewoong Kim first and Cheolhong Min equal-second, plus the CoRL 2024 paper with Jinyeon Kim first.",
cai_bhhbue,Cheolhong Min,https://jaesik.info/lab,official_institutional_lab,Lists Cheolhong Min as a current SNU Machine Perception and Reasoning/VGI PhD student.,
cai_1w4p635,DAEHYEON JEON,https://oroadingo.github.io/eccv2026-vpr/,official_project_page,"Lists Dae Hyeon Jeon first, UNIST affiliation, UNIST email, ECCV 2026 title, and ORCID link.",
cai_1w4p635,DAEHYEON JEON,https://orcid.org/,identity_link,The official project page links an ORCID identity for Dae Hyeon Jeon; the page's linked record is the identity corroboration route.,
cai_1jly6ub,DaeHyun Kim,https://sites.google.com/view/cvlabcnu/people,official_institutional_lab,"Lists Daehyun Kim (김대현), CNU Computer Vision Lab, personal GitHub, and current student period.",
cai_1jly6ub,DaeHyun Kim,https://openaccess.thecvf.com/content/CVPR2023/papers/Shin_Local_Connectivity-Based_Density_Estimation_for_Face_Clustering_CVPR_2023_paper.pdf,official_proceedings,"CVPR 2023 author order lists Junho Shin, Hyo-Jun Lee, Hyunseop Kim, Jong-Hyeon Baek, Daehyun Kim, Yeong Jun Koh; Kim is fifth-listed.",
cai_1jly6ub,DaeHyun Kim,https://github.com/daebakk,identity_link,Personal GitHub linked from the official CNU lab page identifies the account as a CNU CVLAB integrated MS/PhD student.,
cai_riq103,Daehyun We,https://vi.kaist.ac.kr/pages/people/,institutional_profile,Official KAIST VILab page lists Daehyun We in the Robotics Program and as a February 2026 master's graduate continuing to the lab.,
cai_riq103,Daehyun We,https://openreview.net/attachment?id=AGUL15TqLG&name=cV,official_personal_cv,"OpenReview-hosted CV lists Daehyun We, Youngho Yoon, Jiyong Boo and Kuk-Jin Yoon for MotionEditGS and labels it preprint/under review.",
cai_hfk2wa,Daeun Lee,https://openreview.net/profile?id=~Daeun_Lee6,official_profile,OpenReview profile identifies Daeun Lee as an MS student at Seoul National University.,
cai_hfk2wa,Daeun Lee,https://www.linkedin.com/posts/da-eun-lee-9a369427b_eccv2026-3dvision-computervision-activity-7493649977756344320-7vA-,author_post,Author post names Articulated Object Reconstruction from Rest-State Observation as the author's ECCV 2026 paper.,
cai_1frm1kx,Daeun Lee,https://skb.skku.edu/_res/summer/etc/ISS2026_Seungbae_Kim_CV.pdf,institutional_cv_mention,SKKU-hosted CV mentions a Daeun Lee who was a master's student in Applied Artificial Intelligence at SKKU in 2021.,
cai_1frm1kx,Daeun Lee,https://www.linkedin.com/in/daeun-lee12,secondary_profile,A same-name LinkedIn profile shows SKKU education but a different research area; it cannot establish the ECCV DICE identity.,
cai_1frm1kx,Daeun Lee,,review_status,,identity_unresolved_prior_work_incomplete
cai_168kmvb,Daeyeon Kim,https://daeyeonkr.github.io/,official_personal_profile,Official personal site identifies Daeyeon Kim as a POSTECH Computer Graphics Lab master's student and lists REON-NVS with Daeyeon Kim first.,
cai_168kmvb,Daeyeon Kim,https://cg.postech.ac.kr/ourteam/,institutional_profile,POSTECH Computer Graphics Lab official team page lists Daeyeon Kim and research area.,
cai_1o6n2vf,Daeyoung Choi,https://eng.koreacu.ac.kr/cms/FrCon/index.do?MENU_ID=1070,institutional_profile,Official Korea Cyber University page lists Daeyoung Choi as AI and Data Science faculty with choidy@koreacu.ac.kr.,
cai_1o6n2vf,Daeyoung Choi,https://arxiv.org/abs/2507.04310,official_work_source,"ArXiv record lists Gyuejeong Lee, Jihwan Shin, and Daeyoung Choi for Heterogeneous Federated Learning with Prototype Alignment and Upscaling; Daeyoung Choi is not first-listed.",
cai_qbdd0v,Daneul Kim,https://carpedkm.github.io/,official_personal_profile,"Identity, SNU affiliation, advisor, ECCV title, and publication list.",
cai_qbdd0v,Daneul Kim,https://openaccess.thecvf.com/content/CVPR2025/html/Kim_Improving_Editability_in_Image_Generation_with_Layer-wise_Memory_CVPR_2025_paper.html,official_proceedings,CVPR 2025 title and author order: Daneul Kim is first-listed.,
cai_qbdd0v,Daneul Kim,https://openaccess.thecvf.com/content/CVPR2024/html/Kumar_Pick-or-Mix_Dynamic_Channel_Sampling_for_ConvNets_CVPR_2024_paper.html,official_proceedings,"CVPR 2024 author order places Ashish Kumar first, so Daneul Kim is not first-listed.",
cai_oxumrd,Doeon Kim,https://kimdoeon.github.io/,official_personal_profile,"Identity, Soongsil affiliation, research area, and ECCV 2026 WiFi-JEPA author list.",
cai_oxumrd,Doeon Kim,https://wifi-jepa.github.io/,official_project_page,Queue-matching WiFi-JEPA project and author identity.,
cai_1t7khxo,Dohun Lee,https://github.com/DoHunLee1,official_profile,KAIST AI affiliation and official VideoGuide repository ownership.,
cai_1t7khxo,Dohun Lee,https://library.kaist.ac.kr/search/detail/view.do?bibCtrlNo=1152117&flag=dissertation,official_institutional_record,"KAIST record identifies Dohun Lee as author of Memory-V2V, matching the ECCV queue title.",
cai_1t7khxo,Dohun Lee,https://openaccess.thecvf.com/content/CVPR2025/html/Lee_VideoGuide_Improving_Video_Diffusion_Models_without_Training_Through_a_Teachers_CVPR_2025_paper.html,official_proceedings,CVPR 2025 VideoGuide author order lists Dohun Lee first.,
cai_1t7khxo,Dohun Lee,,qa_action,,Downgraded count_confidence from high to partial because prior_work_review_completeness is incomplete and the exact all-venue count is not established.
cai_qogv77,Dohyun Kim,https://dohyun-as.github.io/,official_personal_profile,"Identity, Korea University affiliation, ECCV title, and publication list.",
cai_qogv77,Dohyun Kim,https://openaccess.thecvf.com/content/CVPR2025/html/Kim_Random_Conditioning_for_Diffusion_Model_Compression_with_Distillation_CVPR_2025_paper.html,official_proceedings,CVPR 2025 author order lists Dohyun Kim first.,
cai_1a82rny,Dong-Hyun Moon,https://imageinfo.inha.ac.kr/research.html,official_institutional_profile,"Inha lab identity/affiliation, ECCV 2026 SARIF first-author listing, and publication record.",
cai_1a82rny,Dong-Hyun Moon,https://openaccess.thecvf.com/content/ICCV2025/html/Nam_M2SFormer_Multi-Spectral_and_Multi-Scale_Attention_with_Edge-Aware_Difficulty_Guidance_for_ICCV_2025_paper.html,official_proceedings,ICCV 2025 M2SFormer author order lists Ju-Hyeon Nam first and Dong-Hyun Moon second.,
cai_4momyb,Dong-Woo Kim,https://mintlab.korea.ac.kr/TDSR-VLA/index.html,official_project_page,Dongwoo Kim is listed as an author (co-first marker) and the authors are affiliated with Korea University; the page identifies the ECCV 2026 paper.,
cai_1r34pvk,Donggeon Bae,https://iilab.io/IFIN/,official_project_page,Donggeon Bae is listed first on the IFIN project and the contact address is donggeonbae@snu.ac.kr; the page cites ECCV 2026.,
cai_1r34pvk,Donggeon Bae,https://arxiv.org/abs/2607.04608,official_preprint_record,"The author list starts with Donggeon Bae and the work is dated July 2026, after the audit cutoff.",
cai_14zol5l,Donghyun Kim,https://dannyboy0103.github.io/,official_personal_page,Donghyun Kim's publication list includes PLATYPUS (AAAI 2025) and Delaunay Canopy (ECCV 2026).,
cai_14zol5l,Donghyun Kim,https://dannyboy0103.github.io/delaunay-canopy/,official_project_page,Delaunay Canopy lists Donghyun Kim first and gives Yonsei University and Emory University affiliations.,
cai_180le5h,Dongsu Song,https://proceedings.neurips.cc/paper_files/paper/2024/hash/9e770fcdb456400325c11d58b3a04d08-Abstract-Conference.html,official_proceedings,"The work is listed in the NeurIPS 2024 Main Conference Track with authors Dongsu Song, Daehwa Ko, Jay Hoon Jung.",
cai_180le5h,Dongsu Song,https://proceedings.neurips.cc/paper_files/paper/2024/file/9e770fcdb456400325c11d58b3a04d08-Paper-Conference.pdf,official_paper_pdf,The paper PDF identifies Dongsu Song with Korea Aerospace University affiliation and the NeurIPS 2024 proceedings citation.,
cai_180le5h,Dongsu Song,,qa_action,,Normalized venue from “NeurIPS 2024” to the in-scope venue label “NeurIPS”.
cai_1q4k30l,E In Son,https://ece.snu.ac.kr/en/research-faculty/research/groups?labidx=48&md=view,institutional_profile,SNU Vehicle Intelligence Lab page lists E-In Son on RA-L and ICRA publications and identifies the lab's SNU affiliation.,
cai_1q4k30l,E In Son,https://arxiv.org/abs/2402.15363,official_preprint_record,"Follow the Footprints lists E In Son second, not first, and is associated with ICRA 2024.",
cai_1q4k30l,E In Son,https://www.proceedings.com/content/075/075181webtoc.pdf,official_proceedings_index,"ICRA 2024 contents list Follow the Footprints with Yurim Jeon, E In Son, Seung-Woo Seo.",
cai_qiaew2,Elena Camuffo,https://elenacamuffo.github.io/,official_personal_site,"Identity, research profile, and MOCHA/ECCV author record.",
cai_qiaew2,Elena Camuffo,https://research.unipd.it/handle/11577/3548355,institutional_repository,"Official institutional record for the IROS 2024 paper, including author order, venue, year, and DOI.",
cai_1hjrh6i,Eungjune Shim,https://ejshim.github.io/,official_personal_site,"Identity, CLO affiliation, ECCV 2026 DiffGI, and selected publication history.",
cai_1hjrh6i,Eungjune Shim,https://cg.catholic.ac.kr/publications/,institutional_lab_publications,Institutional publication records corroborate Eungjune Shim's prior authorship and venues.,
cai_ojgfc2,Eunyi Lyou,https://vip.snu.ac.kr/viplab/pub.html,official_institutional_lab_page,"Identity, ECCV 2026 candidate title, and complete lab publication listing including Eunyi Lyou's WACV 2024 paper.",
cai_ojgfc2,Eunyi Lyou,https://viplab.snu.ac.kr/,official_institutional_lab_page,SNU lab news identifies Eunyi Lyou as a lab member and confirms the ECCV 2026 acceptance context.,
cai_cap2jl,GaHye Lee,https://cg.postech.ac.kr/ourteam,official_institutional_lab_page,Identity and POSTECH affiliation for Gahye Lee.,
cai_cap2jl,GaHye Lee,https://cg.postech.ac.kr/category/news/,official_institutional_lab_news,Official lab announcement listing Gahye Lee first on StructureGS at ECCV 2026.,
cai_cap2jl,GaHye Lee,https://waldstein94.github.io/deep-polycuboid-fitting/,official_project_page,Gahye Lee first-authored 3DV 2025 prior work; 3DV is excluded from the fixed venue scope.,
cai_8a1asp,Gahyeon Kim,https://ksp.etri.re.kr/ksp/article/read?id=67722,official_institutional_repository,"ETRI affiliation, Gahyeon Kim authorship, paper title, and ICCE Asia 2023 venue/date.",
cai_aj6w7z,Ganghyeon Lee,https://unist.info/?page_id=2181,institutional_profile,"Lists Ganghyeon Lee (이강현), MS-PhD integrated course, interests Multi-Agent System and Robot Perception.",
cai_aj6w7z,Ganghyeon Lee,https://sites.google.com/view/swyoon89/publications,institutional_publications,"Lists FeDepth: Federated Learning for Depth Estimation under Robot Heterogeneity, first author Ganghyeon Lee, ECCV 2026.",
cai_aj6w7z,Ganghyeon Lee,https://arxiv.org/abs/2608.01129,official_work_source,Confirms FeDepth title and author order; publication is after the 2026-03-05 cutoff.,
cai_96gbai,Gayoung KIM,https://bigdataewha.github.io/en/team.html,institutional_profile,"Lists Gayoung Kim (김가영), Ewha doctoral student, mathematics-education degrees, and curriculum-learning research in CV/NLP.",
cai_96gbai,Gayoung KIM,https://bigdataewha.github.io/ko/team.html,institutional_profile,Korean lab profile independently confirms Gayoung Kim's Ewha enrollment and curriculum-learning research.,
cai_18fxd9z,Geo Ahn,https://ahngeo.github.io/,official_personal_profile,"Confirms Kyung Hee University identity, advisor, and exact ECCV 2026 paper with Geo Ahn first-listed.",
cai_18fxd9z,Geo Ahn,https://arxiv.org/abs/2312.00826,official_work_source,DEVIAS author list and title.,
cai_18fxd9z,Geo Ahn,https://www.ecva.net/papers/eccv_2024/papers_ECCV/html/8652_ECCV_2024_paper.php,official_proceedings,ECCV 2024 proceedings record for DEVIAS.,
cai_18fxd9z,Geo Ahn,,qa_action,,Corrected the broken CVF DEVIAS URL to the authoritative ECVA ECCV 2024 proceedings record.
cai_1bubn2q,Geon Tack Lee,https://davian.kaist.ac.kr/people,institutional_profile,Lists Geon Tack Lee at KAIST DAVIAN with geontack@kaist.ac.kr and Efficient AI/CV interests.,
cai_1bubn2q,Geon Tack Lee,https://kr.linkedin.com/in/geon-tack-lee,identity_profile,"Links the person to NYU Abu Dhabi, KAIST AI, and identifies the ECCV 2026 pruning work as his first paper.",
cai_1bubn2q,Geon Tack Lee,https://arxiv.org/abs/2608.17657,official_work_source,"Confirms exact pruning title, first author, and post-cutoff 2026 date.",
cai_4b1r0v,Geon Yeong Park,https://geonyeong-park.github.io/,official_personal_profile,Confirms KAIST identity and exact 3D-ReGen/MeshReGen paper.,
cai_4b1r0v,Geon Yeong Park,https://openaccess.thecvf.com/content/ICCV2025/html/Park_Inference-Time_Diffusion_Model_Distillation_ICCV_2025_paper.html,official_proceedings,ICCV 2025 paper and author order.,
cai_4b1r0v,Geon Yeong Park,https://openaccess.thecvf.com/content/CVPR2024/html/Park_Self-supervised_Debiasing_Using_Low_Rank_Regularization_CVPR_2024_paper.html,official_proceedings,CVPR 2024 paper and author order.,
cai_4b1r0v,Geon Yeong Park,https://papers.nips.cc/paper_files/paper/2023/hash/,official_proceedings,NeurIPS 2023 work is listed on the author's official publication record.,
cai_4b1r0v,Geon Yeong Park,,qa_action,,Corrected the broken CVF CVPR 2024 URL slug capitalization to the authoritative proceedings record.
cai_1sefwgj,Geonho Bang,https://geonhobang.github.io/,official_personal_profile,"Identity, Seoul/Hanyang/SNU lab context, research topic, and publication list.",
cai_1sefwgj,Geonho Bang,,qa_action,,Removed evidence row 3: author is explicitly third-listed; only first-listed eligible works may appear in evidence_rows.
cai_pm0chr,GeonU Kim,https://kim-geonu.github.io/,official_personal_profile,"Identity, KAIST affiliation, research interests, and complete publication list.",
cai_pm0chr,GeonU Kim,https://ami.kaist.ac.kr/members/kim-geonu,institutional_profile,KAIST AMI Lab membership and identity corroboration.,
cai_pm0chr,GeonU Kim,,qa_action,,Removed evidence row 1: author is explicitly second-listed.
cai_pm0chr,GeonU Kim,,qa_action,,Removed evidence row 2: author is explicitly third-listed.
cai_pm0chr,GeonU Kim,,qa_action,,Removed evidence row 3: author is explicitly third-listed. Only first-listed eligible works may appear in evidence_rows.
cai_5e0m3b,Geuntaek Lim,https://limgeuntaekk.github.io/,official_personal_profile,"Identity, Sejong affiliation, advisor, and publication list.",
cai_5e0m3b,Geuntaek Lim,https://www.rcv.sejong.ac.kr/members,institutional_profile,Sejong RCV member listing confirms Geuntaek Lim and Sejong program.,
cai_1s5qwf4,gilha lee,https://kr.linkedin.com/in/gilha-lee-094b87430,professional_profile,"Identity, SeoulTech PhD affiliation, and ECCV 2026 S3-Prune listing.",
cai_1s5qwf4,gilha lee,https://idsl.seoultech.ac.kr/?p=publication,institutional_lab_publications,SEOULTECH IDSL publication context including Gilha Lee.,
cai_1gstyyj,Gwanhyeong Koo,https://kookie12.github.io/,official_personal_profile,"Identity, KAIST affiliation, and dated conference publication list.",
cai_1gstyyj,Gwanhyeong Koo,,qa_action,,Removed evidence row 1: author is explicitly second-listed.
cai_1gstyyj,Gwanhyeong Koo,,qa_action,,Removed evidence row 3: author is explicitly fourth-listed.
cai_1gstyyj,Gwanhyeong Koo,,qa_action,,Removed evidence row 4: author is explicitly second-listed.
cai_1gstyyj,Gwanhyeong Koo,,qa_action,,Removed evidence row 6: author is explicitly second-listed.
cai_1gstyyj,Gwanhyeong Koo,,qa_action,,Removed evidence row 7: author is explicitly third-listed.
cai_1gstyyj,Gwanhyeong Koo,,qa_action,,Removed evidence row 8: author is explicitly second-listed. Only first-listed eligible works may appear in evidence_rows.
cai_xslldp,Habin Lim,https://vgi.korea.ac.kr/html/members.html,official_institutional_profile,Official Korea University VGI profile identifies Habin Lim as a graduate student.,
cai_xslldp,Habin Lim,https://openaccess.thecvf.com/content/ICCV2025/html/Lim_ConceptSplit_Decoupled_Multi-Concept_Personalization_of_Diffusion_Models_via_Token-wise_Adaptation_ICCV_2025_paper.html,official_proceedings,"Official CVF ICCV 2025 record lists Habin Lim first, with Korea University affiliation and proceedings metadata.",
cai_xslldp,Habin Lim,,qa_action,,Downgraded count_confidence from high to partial because prior_work_review_completeness is incomplete and the exact all-venue count is not established.
cai_ms06pb,HAKSU LIM,https://eccv.ecva.net/Conferences/2026/AcceptedPapers,official_conference_listing,Official ECCV 2026 accepted-paper listing is the source context for the candidate's title and author record.,
cai_ms06pb,HAKSU LIM,https://arxiv.org/abs/2607.09753,official_preprint_record,Post-cutoff preprint lists Haksoo Lim first on the same candidate title; it cannot establish a prior count or identity by itself.,
cai_ms06pb,HAKSU LIM,,review_status,,identity_unresolved_prior_work_incomplete
cai_7t4rru,Hana Kim,https://eccv.ecva.net/Conferences/2026/AcceptedPapers,official_conference_listing,Official ECCV 2026 listing identifies CoIn and Hana Kim as first author.,
cai_7t4rru,Hana Kim,https://arxiv.org/abs/2606.27584,official_preprint_record,Post-cutoff arXiv record lists Hana Kim first on CoIn; it does not establish the LG Electronics identity linkage.,
cai_7t4rru,Hana Kim,,review_status,,identity_unresolved_prior_work_incomplete
cai_fc52e2,Hangyeol Lee,https://arxiv.org/abs/2501.05680,official_preprint_record,Official arXiv record lists Hangyeol Lee as a non-first coauthor on EXION; it does not resolve the KAIST candidate identity.,
cai_fc52e2,Hangyeol Lee,https://hurgroup.github.io/members/hangyeollee_cv.pdf,official_personal_cv,"Official CV identifies a Hangyeol Lee at GIST/Hanyang in robotics, demonstrating unresolved same-name affiliation conflict.",
cai_fc52e2,Hangyeol Lee,https://arxiv.org/abs/2605.22011,official_preprint_record,Post-cutoff record lists Hangyeol Lee first on the candidate-like diffusion title; publication is after the cutoff and identity linkage remains unverified.,
cai_fc52e2,Hangyeol Lee,,review_status,,identity_unresolved_prior_work_incomplete
cai_1lalvrp,Hee-Jun Jung,https://maroo-sky.github.io/,official_personal_site,Official site identifies Hee-Jun Jung at GIST and lists his publication history and ECCV 2026 paper.,
cai_1lalvrp,Hee-Jun Jung,https://maroo-sky.github.io/cv,official_cv,Official CV link from the personal site is the publication-history source used for the completeness review.,
cai_1hroo1u,HEEJU HAN,https://pnu-viplab.github.io/publication/,institutional_profile,Official PNU VIP Lab page lists Heeju Han first for the ECCV 2026 paper Towards Sparsely Annotated Open-World Object Detection.,
cai_1hroo1u,HEEJU HAN,https://arxiv.org/abs/2608.12714,official_preprint_metadata,Preprint metadata lists HeeJu Han first and gives the ECCV-target title; its August 2026 date is after the audit cutoff.,
cai_1a9381q,Heejun Park,https://vi.kaist.ac.kr/pages/people/,institutional_profile,KAIST VILab lists Heejun Park in the Division of Future Vehicle with 3D computer vision interests.,
cai_1a9381q,Heejun Park,https://openaccess.thecvf.com/content/ICCV2025/papers/Chae_Doppler-Aware_LiDAR-RADAR_Fusion_for_Weather-Robust_3D_Detection_ICCV_2025_paper.pdf,official_proceedings,Official ICCV 2025 paper lists Yujeong Chae first and Heejun Park second; therefore it is not an eligible first-listed prior for this candidate.,
cai_1a9381q,Heejun Park,https://vi.kaist.ac.kr/assets/docs/Prof_Kuk-Jin_Yoon_CV.pdf,institutional_cv,KAIST professor CV corroborates the ICCV 2025 Doppler-Aware LiDAR-Radar Fusion publication and Heejun Park's coauthorship.,
cai_160v8n0,Hoiyeong Jin,https://davian.kaist.ac.kr/people,institutional_profile,Official KAIST DAVIAN page lists Hoiyeong Jin with computer vision and generative models interests and a kaist.ac.kr email.,
cai_160v8n0,Hoiyeong Jin,https://davian.kaist.ac.kr/publication,institutional_publication_list,Official DAVIAN publication list places Hoiyeong Jin first on InsertAnywhere and labels it ECCV 2026.,
cai_160v8n0,Hoiyeong Jin,https://pure.kaist.ac.kr/en/publications/promptdresser-improving-the-quality-and-controllability-of-virtua/,institutional_publication_record,KAIST publication record lists PromptDresser as ICCV 2025 with Hoiyeong Jin second-listed.,
cai_1y9fxpr,Hojun Song,https://sites.google.com/view/knuvi/member,institutional_profile,Official KNUVI member page lists Hojun Song as a KNU PhD student.,
cai_1y9fxpr,Hojun Song,https://hojunking.github.io/webpages/G2P/,official_personal_profile,Hojun Song's official project page lists him first for G2P and identifies Kyungpook National University affiliations; the work is ECCV 2026.,
cai_1y9fxpr,Hojun Song,https://www.kci.go.kr/kciportal/ci/sereArticleSearch/ciSereArtiView.kci?sereArticleSearchBean.artiId=ART003271316,official_publisher_metadata,"KCI record lists Hojun Song third on a 2025 IEIE Smart Processing & Computing article, outside the fixed venue scope and not first-listed.",
cai_1ojjouf,Hongjae Lee,https://sites.google.com/view/hongjae/home,official_personal_profile,Official profile identifies Hongjae Lee at Korea University and lists Text Embedding Knows How to Quantize Text-Guided Diffusion Models as ICCV 2025 plus the two ECCV 2026 target papers.,
cai_1ojjouf,Hongjae Lee,https://openaccess.thecvf.com/content/ICCV2025/html/Lee_Text_Embedding_Knows_How_to_Quantize_Text-Guided_Diffusion_Models_ICCV_2025_paper.html,official_proceedings,Official CVF ICCV 2025 record lists Hongjae Lee first and identifies the paper as an ICCV proceedings full paper.,
cai_4zux6g,Hoonhee Cho,https://chohoonhee.github.io/hoonheecho/,official_personal_profile,"Official profile identifies Hoonhee Cho at KAIST, gives education/affiliation history, and lists the complete publication record used for this review.",
cai_evpjgt,HoTaek Oh,https://sites.google.com/view/cvlabknu,institutional_profile,Official KNU Computer Vision Lab page names HoTaek Oh and associates him with the lab's ECCV 2026 work.,
cai_evpjgt,HoTaek Oh,https://link.springer.com/book/10.1007/978-3-032-37016-7,official_proceedings,Springer ECCV 2026 proceedings list HoTaek Oh first for DA-F2F; this is after the audit cutoff.,
cai_txmnjf,Hoyeon Shin,https://sites.google.com/view/cvlab-seoultech,institutional_profile,Official SeoulTech CV Lab page lists Hoyeon Shin first for the ECCV 2026 target paper and identifies the SeoulTech affiliation.,
cai_txmnjf,Hoyeon Shin,https://sites.google.com/view/cvlab-seoultech/publication,institutional_publication_list,Official lab publication list includes Hoyeon Shin's ECCV 2026 paper and visible later publications.,
cai_1n7ps74,hun im,https://dsba.snu.ac.kr/wp-content/uploads/2025/07/hunim-CV_korea.pdf?x92784=,official_cv,"SNU-hosted CV identifies Hun Im, SNU doctoral affiliation, and his complete listed publication history.",
cai_1n7ps74,hun im,https://arxiv.org/abs/2606.26687,official_preprint_metadata,"DeCoFlow lists Hun Im first but was submitted in June 2026, after the cutoff.",
cai_181h3s9,Hyekang Park,https://cvlab.yonsei.ac.kr/publications/,institutional_publication_list,Official Yonsei CV Lab page lists Hyekang Park as first author of the 2026 ECCV target and ACLS at ICCV 2023.,
cai_181h3s9,Hyekang Park,https://openaccess.thecvf.com/content/ICCV2023/html/Park_ACLS_Adaptive_and_Conditional_Label_Smoothing_for_Network_Calibration_ICCV_2023_paper.html,official_proceedings,CVF ICCV 2023 record lists Hyekang Park first for ACLS and gives the October 2023 proceedings date.,
cai_1nb05bx,Hyeongju Mun,https://www.pnu-cvsp.com/members/hyeong-ju,official_personal_lab_profile,"Identity, PNU/ETRI context, and publication list including LivingWorld and MoE-GS.",
cai_1nb05bx,Hyeongju Mun,https://proceedings.iclr.cc/paper_files/paper/2026/hash/6580845ce91a748a9bb09cec079aac1d-Abstract-Conference.html,official_proceedings,"MoE-GS author order is In-Hwan Jin, Hyeongju Mun, Joonsoo Kim, Kugjin Yun, Kyeongbo Kong.",
cai_1vo1wyg,Hyeongsik Kim,https://github.com/syt06007,official_personal_profile,"Identity, Hanyang affiliation, interests, and first-author publication list.",
cai_1vo1wyg,Hyeongsik Kim,https://sail.hanyang.ac.kr/publications,official_institutional_lab_profile,ARC-Loc is listed under Hanyang Spatial AI Lab with Hyeongsik Kim as first author.,
cai_1vo1wyg,Hyeongsik Kim,,qa_action,,Downgraded prior_work_review_completeness from complete to incomplete and count_confidence from high to partial: the cited GitHub/lab publication pages do not establish an authoritative exhaustive publication record for an exact zero.
cai_mn3icz,Hyeonseop Song,https://seokhunchoi.github.io/Blending-NeRF/,official_project_page,"Blending-NeRF authors, LG affiliation, first-listed Hyeonseop Song, and equal-contribution marker.",
cai_mn3icz,Hyeonseop Song,https://iccv2023.thecvf.com/telechargements/fichiers/1696500277.iccv23.program.booklet.updated.pdf,official_conference_proceedings,ICCV 2023 proceedings list Blending-NeRF with Hyeonseop Song first and LG Electronics affiliation.,
cai_mn3icz,Hyeonseop Song,https://seokhunchoi.github.io/,official_personal_profile,"LG Electronics research profile listing Blending-NeRF, PoseSyn, and related collaborator context.",
cai_kzekq6,Hyun-Ho Kim,https://ee.kaist.ac.kr/en/notices/%EA%B9%80%ED%98%84%ED%98%B8-%EB%B0%95%EC%82%AC%EC%A7%80%EA%B5%90%EC%88%98-%EA%B9%80%EB%AC%B8%EC%B2%A0-%EC%B6%A9%EB%82%A8%EB%8C%80%ED%95%99%EA%B5%90-%EC%A0%84%EC%9E%90%EA%B3%B5%ED%95%99/,official_institutional_profile,"Identity, KAIST VIC Lab history, Chungnam appointment, and research area.",
cai_kzekq6,Hyun-Ho Kim,https://pure.kaist.ac.kr/en/publications/fbs-ps-fully-band-separable-pan-sharpening-considering-the-physic/,official_institutional_publication_record,"Hyun Ho Kim is first author of FBS-PS, a TGRS journal article outside the defined venue scope.",
cai_kzekq6,Hyun-Ho Kim,https://pure.kaist.ac.kr/en/publications/deep-spectral-blending-network-for-color-bleeding-reduction-in-pa/,official_institutional_publication_record,"Hyun Ho Kim is first author of Deep Spectral Blending Network, a TGRS journal article outside scope.",
cai_1s2wfz1,Hyun-Kurl Jang,https://blue-531.github.io/,official_personal_profile,"Identity, KAIST affiliation, and complete publication list.",
cai_1s2wfz1,Hyun-Kurl Jang,https://vi.kaist.ac.kr/pages/people/,official_institutional_profile,KAIST VILab lists Hyun-Kurl Jang with KAIST email and 3D Vision research.,
cai_1s2wfz1,Hyun-Kurl Jang,https://proceedings.neurips.cc/paper_files/paper/2024/hash/87571720167f7e88827c40e468e3101f-Abstract-Conference.html,official_proceedings,TALoS is NeurIPS 2024 Main Conference Track with Hyun-Kurl Jang first-listed.,
cai_1nkch44,Hyunho Lee,https://mipal.snu.ac.kr/members/integrated-m-s-ph-d-students,institutional_profile,"Official SNU MIPA roster lists Hyunho Lee, hhlee822@snu.ac.kr, with generative-model and dataset-distillation research.",
cai_1nkch44,Hyunho Lee,https://proceedings.neurips.cc/paper_files/paper/2024/file/d60e14c19cd6e0fc38556ad29ac8fbc9-Paper-Conference.pdf,official_proceedings,"Deep Support Vectors is a NeurIPS 2024 main-conference paper; author order is Junhoo Lee, Hyunho Lee, Kyomin Hwang, Nojun Kwak.",
cai_1nkch44,Hyunho Lee,https://openaccess.thecvf.com/ICCV2025_workshops/WCCA,official_proceedings,Style Composition within Distinct LoRA modules for Traditional Art is labeled ICCV 2025 Workshops and is therefore excluded.,
cai_1fhyq5f,Hyunmin Cho,https://hyeon-cho.github.io/,official_personal_profile,Official profile identifies Hyunmin Cho at Korea University and lists the ECCV 2026 Recurrent Sinusoidal INRs paper.,
cai_1fhyq5f,Hyunmin Cho,https://openaccess.thecvf.com/content/CVPR2025/html/Han_Towards_Lossless_Implicit_Neural_Representation_via_Bit_Plane_Decomposition_CVPR_2025_paper.html,official_proceedings,"CVPR 2025 paper author order starts Woo Kyoung Han, Byeonghun Lee, Hyunmin Cho; Cho is not first-listed.",
cai_1fhyq5f,Hyunmin Cho,https://openaccess.thecvf.com/content/ICCV2025/html/Lee_Reference-based_Super-Resolution_via_Image-based_Retrieval-Augmented_Generation_Diffusion_ICCV_2025_paper.html,official_proceedings,"ICCV 2025 paper author order starts Byeonghun Lee, Hyunmin Cho; Cho is not first-listed.",
cai_16lmauc,Hyunsoo Lee,https://hleephilip.github.io/full-profile/,official_personal_profile,"Official profile identifies Hyunsoo Lee at Seoul National University, lists Accelerated Likelihood Maximization, and lists Conditional Score Guidance as a NeurIPS 2023 publication.",
cai_16lmauc,Hyunsoo Lee,https://papers.nips.cc/paper_files/paper/2023/hash/799f81cfa0611f93586c007024041460-Abstract-Conference.html,official_proceedings,Official NeurIPS page identifies Conditional Score Guidance for Text-Driven Image-to-Image Translation as a NeurIPS 2023 main-conference paper and lists Hyunsoo Lee first.,
cai_16lmauc,Hyunsoo Lee,https://hleephilip.github.io/ALM,official_project_page,Official project page identifies the ECCV 2026 candidate paper and SNU affiliation; its 2026 date is after the audit cutoff.,
cai_h88dox,Hyunsuh Koh,https://reality.ssu.ac.kr/,institutional_profile,Official Soongsil Reality Lab page lists Hyunsuh Koh among lab members/researchers.,
cai_h88dox,Hyunsuh Koh,https://reality.ssu.ac.kr/domestic.html,institutional_publication_list,Official lab publication listing includes Hyunsuh Koh in Soongsil research outputs.,
cai_h88dox,Hyunsuh Koh,https://bmva-archive.org.uk/bmvc/2025/assets/papers/Paper_784/poster.pdf,official_proceedings,"BMVC 2025 UDT paper lists Hyunsuh Koh as a coauthor, not first author; BMVC is outside the defined eligible venue scope.",
cai_lz5fec,Hyunwoo Kim,https://sites.google.com/view/mlcf/Researcher/department-of-artificial-intelligence,institutional_profile,Official Yonsei MLCF page identifies Hyun-woo Kim as a Yonsei MS student and lists his 2025 journal publication.,
cai_lz5fec,Hyunwoo Kim,https://sites.google.com/view/mlcf/publications/international-conference,institutional_publication_list,Official Yonsei MLCF publication list identifies Hyunwoo Kim as co-first author of the ECCV 2026 DIVA paper.,
cai_lz5fec,Hyunwoo Kim,https://link.springer.com/book/10.1007/978-3-032-37041-9,official_proceedings,Springer ECCV 2026 proceedings list DIVA: Instruction-Aware Vision Token Pruning via Dual-Probe Attention Discrepancy with Hyunwoo Kim first; ECCV 2026 is after the audit cutoff.,
cai_mwqjea,Hyunwoo Park,https://github.com/Hyunwoo-Park-Yonsei,official_personal_profile,"GitHub profile identifies Hyunwoo Park, Yonsei University graduate, based in Korea and working in autonomous driving.",
cai_mwqjea,Hyunwoo Park,https://kr.linkedin.com/in/hyunwoo-park-7b782a158/en,professional_profile,Matching STRADVISION profile identifies Hyunwoo Park and lists the ECCV 2026 queue title.,
cai_xlzkem,InGyu Jeong,https://immedia.seoultech.ac.kr/members,institutional_profile,Official SeoulTech Immersive Media Lab page lists Jeong Ingyu / InGyu Jeong as a lab member.,
cai_xlzkem,InGyu Jeong,https://immedia.seoultech.ac.kr/publication,institutional_publications,Official lab publication list names In-Gyu Jeong first on a 2025 ICEIC neural-light-field paper.,
cai_5bb72u,inha Lee,https://unist.info/?page_id=2181,institutional_profile,Official UNIST 3D Vision & Robotics Lab page lists Inha Lee as a student.,
cai_5bb72u,inha Lee,https://github.com/Epsilon8854,official_personal_profile,Inha Lee's profile identifies UNIST affiliation and lists UniSim-SLAM as first-author ECCV 2026 work.,
cai_5bb72u,inha Lee,https://unist.info/?page_id=172,institutional_publications,"Official UNIST publication page lists AiSDF authors Jaehoon Jang first and Inha Lee second, with equal contribution in alphabetical order.",
cai_1vkkwap,Injae Kim,https://mlv.kaist.ac.kr/people,institutional_profile,Official KAIST MLV Lab page lists Injae Kim as an integrated MS/PhD student in 3D vision and generative models.,
cai_1vkkwap,Injae Kim,https://proceedings.neurips.cc/paper_files/paper/2023/hash/d705dd6e77decdc399162d6d5b92f6e8-Abstract-Conference.html,official_proceedings,NeurIPS 2023 main-conference proceedings list Injae Kim first for UP-NeRF.,
cai_19a1klw,Inpyo Song,https://songinpyo.github.io/,official_personal_profile,Official homepage identifies Inpyo Song as a Sungkyunkwan University PhD student and lists the ECCV 2026 queue title.,
cai_19a1klw,Inpyo Song,https://pure.skku.edu/en/publications/sftrack-a-robust-scale-and-motion-adaptive-algorithm-for-tracking/,institutional_publication_record,SKKU publication record gives SFTrack as an IROS 2024 peer-reviewed conference contribution and lists Inpyo Song first.,
cai_19a1klw,Inpyo Song,https://songinpyo.github.io/publications/,official_publications,Author's official publication list identifies SFTrack as IROS 2024 Long Oral and Inpyo Song first.,
cai_jdrqn8,Inwoo Hwang,https://inwoohwang.me/,official_personal_profile,SNU 3D Vision Lab researcher identity and motion-generation research match.,
cai_jdrqn8,Inwoo Hwang,https://inwoohwang.me/pdfs/cv.pdf,official_personal_cv,CV identifies Inwoo Hwang as an SNU ECE PhD researcher and lists his research/publication context.,
cai_jdrqn8,Inwoo Hwang,https://openaccess.thecvf.com/content/ICCV2025/papers/Hwang_SceneMI_Motion_In-betweening_for_Modeling_Human-Scene_Interaction_ICCV_2025_paper.pdf,official_proceedings,ICCV 2025 paper metadata and author order for SceneMI.,
cai_3yt2qp,Jae Won Jang,https://jaewon040.github.io/,official_personal_profile,"SNU affiliation, advisor, research history, and publication list identify the ECCV candidate.",
cai_3yt2qp,Jae Won Jang,https://eccv.ecva.net/virtual/2026/papers.html,official_venue_listing,Official ECCV listing is the venue record for the candidate's 4DGS360 paper.,
cai_ue4bx1,Jaechang Kim,https://jaechang.dev/,official_personal_profile,"POSTECH identity, education, and publication list match the ECCV candidate.",
cai_ue4bx1,Jaechang Kim,https://proceedings.neurips.cc/paper/2021/hash/fa84632d742f2729dc32ce8cb5d49733-Abstract.html,official_proceedings,NeurIPS 2021 official author order for Gradient Inversion with Generative Image Prior.,
cai_ue4bx1,Jaechang Kim,,qa_action,,"{""action"":""removed_evidence_row"",""title"":""Gradient Inversion with Generative Image Prior"",""reason"":""Not an eligible first-listed author record in the fixed venue scope.""}"
cai_1i8av7e,Jaeho Lee,https://vgi.korea.ac.kr/html/members.html,official_institutional_profile,KU VGI page identifies Jae-Ho Lee as a PhD student.,
cai_1i8av7e,Jaeho Lee,https://www.ecva.net/papers/eccv_2024/papers_ECCV/papers/04550.pdf,official_proceedings,ECCV 2024 paper author order and equal-contribution note.,
cai_1i8av7e,Jaeho Lee,,qa_action,,"{""action"":""removed_evidence_row"",""title"":""Versatile Incremental Learning: Towards Class and Domain-Agnostic Incremental Learning"",""reason"":""Not an eligible first-listed author record in the fixed venue scope.""}"
cai_7p3vxv,Jaehun Jung,https://sites.google.com/view/dcvl/team/members,official_institutional_profile,Konkuk DCVL page identifies Jaehun Jung as a member and gives the matching lab affiliation.,
cai_7p3vxv,Jaehun Jung,https://arxiv.org/abs/2607.27755,official_work_record,EgoGVAE record dates after cutoff and therefore is not an eligible prior work.,
cai_yzlijd,Jaehun Park,https://swb.skku.edu/appliedailab/international_pub.do,official_institutional_lab,Official SKKU Applied AI & Computer Vision Lab page lists the CVPR 2024 CSTA paper with Jaehun Park.,
cai_yzlijd,Jaehun Park,https://openaccess.thecvf.com/content/CVPR2024/html/Son_CSTA_CNN-based_Spatiotemporal_Attention_for_Video_Summarization_CVPR_2024_paper.html,official_proceedings,"Official CVPR record lists author order Jaewon Son, Jaehun Park, Kwangsu Kim; Park is not first-listed.",
cai_yzlijd,Jaehun Park,https://excv-workshop.github.io/,official_conference_page,"Lists ProtoMappingNet with Jaehun Park first, matching the ECCV queue title (workshop page, not an eligible prior venue).",
cai_6itkma,Jaehyun Cho,https://arxiv.org/abs/2606.23200,official_preprint,"Lists Jaehyun Cho first on NGPS; dated 2026-06-22, after cutoff.",
cai_6itkma,Jaehyun Cho,https://sites.google.com/view/cinemalab/member/professor,official_institutional_profile,"Identifies a Jaehyun Cho as Chung-Ang University Associate Professor in Energy Systems Engineering, a different research identity from the ECCV denoising record.",
cai_6itkma,Jaehyun Cho,https://doi.org/10.1109/ACCESS.2026.3652541,publisher_record,IEEE Access record identifies Jaehyun Cho with Hansung University; venue is outside the fixed scope and affiliation does not match the queue.,
cai_6itkma,Jaehyun Cho,,review_status,,identity_unresolved_prior_work_incomplete
cai_1fkh01b,Jaehyun Jang,https://jhjangjh.github.io/,official_personal_profile,Identifies Jaehyun Jang at KAIST and states the ECCV 2026 queue-title paper is his first first-author paper; lists ICML 2026 and Sensors work.,
cai_1fkh01b,Jaehyun Jang,,qa_action,,"{""action"":""downgraded_zero_review"",""reason"":""No authoritative exhaustive publication record supporting a complete zero was identified.""}"
cai_14v5ugr,JaeHyun Park,https://openaccess.thecvf.com/content/WACV2025/html/Park_Explicit_Guidance_for_Robust_Video_Frame_Interpolation_against_Discontinuous_Motions_WACV_2025_paper.html,official_proceedings,WACV 2025 main-conference full paper lists JaeHyun Park first and SNU affiliation; publication month February 2025.,
cai_14v5ugr,JaeHyun Park,https://eccv.ecva.net/Conferences/2026/AcceptedPapers,official_conference_page,ECCV 2026 accepted-paper list gives Following Motion for Sequential Modeling in Video Frame Interpolation by JaeHyun Park and Nam Ik Cho.,
cai_14v5ugr,JaeHyun Park,,qa_action,,"{""action"":""removed_evidence_row"",""title"":""Explicit Guidance for Robust Video Frame Interpolation against Discontinuous Motions"",""reason"":""Not an eligible first-listed author record in the fixed venue scope.""}"
cai_14v5ugr,JaeHyun Park,,qa_action,,"{""action"":""downgraded_zero_review"",""reason"":""No authoritative exhaustive publication record supporting a complete zero was identified.""}"
cai_ipzaj2,Jaeik Kim,https://kim-jake.github.io/,official_personal_profile,"Identifies Jaeik Kim at SNU AIDAS and lists the ECCV paper, two NeurIPS 2025 papers with Kim first, and SECOND at ICML 2025 with Kim third.",
cai_ipzaj2,Jaeik Kim,https://aidas.snu.ac.kr/people/,official_institutional_lab,Official SNU AIDAS people page lists Jaeik Kim and SNU contact/education details.,
cai_6zrg0h,Jaekyun Ko,https://www.openaccess.thecvf.com/content/ICCV2025/papers/Kim_IDF_Iterative_Dynamic_Filtering_Networks_for_Generalizable_Image_Denoising_ICCV_2025_paper.pdf,official_proceedings,ICCV 2025 proceedings identify Jaekyun Ko as second-listed and mark Ko/Dongjin Kim equal first.,
cai_6zrg0h,Jaekyun Ko,https://dongjinkim9.github.io/projects/idf/,official_project_page,"Project page identifies the IDF authors, Hanyang affiliation, ICCV 2025 venue, and equal-contribution marker.",
cai_6zrg0h,Jaekyun Ko,https://arxiv.org/abs/2607.09193,official_preprint_record,Post-cutoff YeTI record lists Jaekyun Ko first; it is not eligible as prior to the 2026-03-05 cutoff.,
cai_6zrg0h,Jaekyun Ko,,qa_action,,"{""action"":""removed_evidence_row"",""title"":""IDF: Iterative Dynamic Filtering Networks for Generalizable Image Denoising"",""reason"":""Not an eligible first-listed author record in the fixed venue scope.""}"
cai_1aaah60,Jaerin Lee,https://jaerinlee.com/,official_personal_site,"Official site identifies Jaerin Lee, SNU Computer Vision Lab affiliation, and the exact ECCV 2026 candidate paper.",
cai_1aaah60,Jaerin Lee,https://jaerinlee.com/pdfs/cv.pdf,official_cv,Official CV lists SNU education/affiliation and publications; no earlier scoped main-conference paper is listed.,
cai_9wp7oj,Jaeseok Byun,https://ece.snu.ac.kr/en,official_institutional_profile,SNU ECE page identifies Jaeseok Byun in the Taesup Moon research group.,
cai_9wp7oj,Jaeseok Byun,https://www.openaccess.thecvf.com/content/CVPR2021/html/Byun_FBI-Denoiser_Fast_Blind_Image_Denoiser_for_Poisson-Gaussian_Noise_CVPR_2021_paper.html,official_proceedings,CVPR 2021 official CVF page lists Jaeseok Byun first.,
cai_9wp7oj,Jaeseok Byun,https://openaccess.thecvf.com/content/CVPR2024/html/Byun_MAFA_Managing_False_Negatives_for_Vision-Language_Pre-training_CVPR_2024_paper.html,official_proceedings,CVPR 2024 official CVF page lists Jaeseok Byun first.,
cai_9wp7oj,Jaeseok Byun,https://openaccess.thecvf.com/content/ICCV2025/html/Byun_An_Efficient_Post-hoc_Framework_for_Reducing_Task_Discrepancy_of_Text_ICCV_2025_paper.html,official_proceedings,ICCV 2025 official CVF page lists Jaeseok Byun first.,
cai_i3rmfg,Jaewon Kim,https://mms.snu.ac.kr/?page_id=17,official_institutional_publications,SNU group page lists SplitHDR with J. Kim and S. Namkung equal-first notation and ECCV acceptance.,
cai_i3rmfg,Jaewon Kim,https://link.springer.com/book/10.1007/978-3-032-37281-9,official_proceedings,"Springer ECCV proceedings list SplitHDR authors Jaewon Kim, Sol Namkung, and Dongsuk Jeon.",
cai_1o08ey0,Jaewon Lee,https://lee-jaewon.github.io/ljw_cv_page/cv/,official_cv,"Official CV identifies Yonsei/CILAB affiliation, ECCV 2026 candidate, and publication history.",
cai_1o08ey0,Jaewon Lee,https://cilab.yonsei.ac.kr/members/,official_institutional_profile,Yonsei CILAB members page lists Jaewon Lee and Yonsei email.,
cai_1o08ey0,Jaewon Lee,https://yonsei.elsevierpure.com/en/publications/fast-global-localization-on-neural-radiance-field/,official_institutional_proceedings_record,"Yonsei record verifies ICRA 2025 authorship order (Mangyu Kong, Jaewon Lee, Seongwon Lee, Euntai Kim).",
cai_1o08ey0,Jaewon Lee,https://openaccess.thecvf.com/content/CVPR2026/html/Kong_Rethinking_Pose_Refinement_in_3D_Gaussian_Splatting_under_Pose_Prior_CVPR_2026_paper.html,official_proceedings,"CVF page lists Jaewon Lee second in a CVPR 2026 paper, which is after the cutoff.",
cai_1o08ey0,Jaewon Lee,,qa_action,,"{""action"":""removed_evidence_row"",""title"":""Fast Global Localization on Neural Radiance Field"",""reason"":""Not an eligible first-listed author record in the fixed venue scope.""}"
cai_ofpn1x,Jaeyo Shin,https://sites.google.com/view/cvml-kaist/members,official_institutional_profile,Lists Jaeyo Shin as a KAIST MS student and gives diffusion-model/3D-vision research interests.,
cai_ofpn1x,Jaeyo Shin,https://eccv.ecva.net/virtual/2026/poster/4716,official_conference_record,Official ECCV 2026 record for the candidate's paper and KAIST affiliation.,
cai_ofpn1x,Jaeyo Shin,https://aaai.org/wp-content/uploads/2024/02/AAAI-24-Thursday-Poster-Sessions.pdf,official_proceedings_program,Lists MagiCapture with Jaeyo Shin; AAAI is outside the user-defined eligible venue scope.,
cai_18buty,Jaeyoung Chung,https://robot0321.github.io/,official_personal_site,"Identity, SNU affiliation, research area, and Map2World publication match the ECCV candidate.",
cai_18buty,Jaeyoung Chung,https://cv.snu.ac.kr/index.php/students/,official_institutional_profile,SNU CVLab lists Jaeyoung Chung and his computer-vision research.,
cai_18buty,Jaeyoung Chung,https://openaccess.thecvf.com/content/CVPR2025/html/Lee_OmniSplat_Taming_Feed-Forward_3D_Gaussian_Splatting_for_Omnidirectional_Images_with_CVPR_2025_paper.html,official_proceedings,CVPR 2025 author order lists Suyoung Lee first and Jaeyoung Chung second.,
cai_18buty,Jaeyoung Chung,https://openaccess.thecvf.com/content/CVPR2024W/3DMV/html/Chung_Depth-Regularized_Optimization_for_3D_Gaussian_Splatting_in_Few-Shot_Images_CVPRW_2024_paper.html,official_workshop_proceedings,CVPR Workshops 2024 record; excluded because workshops are outside scope.,
cai_18buty,Jaeyoung Chung,,qa_action,,"{""action"":""normalized_count_confidence"",""from"":""exact"",""to"":""partial"",""reason"":""Allowed confidence vocabulary and conservative completeness rule.""}"
cai_1hmhnfq,Jeisung Lee,https://eccv.ecva.net/virtual/2026/poster/5790,official_conference_record,Official ECCV 2026 candidate paper record and Samsung affiliation.,
cai_1hmhnfq,Jeisung Lee,https://patents.google.com/patent/US12526535B2/en,official_patent_record,"Samsung Electronics patent record names inventor Jeisung Lee in image-generation work, supporting but not proving identity.",
cai_1hmhnfq,Jeisung Lee,https://patentsgazette.uspto.gov/week27/OG/html/1548-1/US12676957-20260707.html,official_patent_record,USPTO record names Jeisung Lee as Samsung image-sensor inventor.,
cai_1hmhnfq,Jeisung Lee,,qa_action,,"{""action"":""normalized_count_confidence"",""from"":""none"",""to"":""unresolved"",""reason"":""Allowed confidence vocabulary and conservative completeness rule.""}"
cai_1hmhnfq,Jeisung Lee,,review_status,,identity_unresolved_prior_work_incomplete
cai_luktrb,Jeongeun Lee,https://jeongeunnn-e.github.io/,official_personal_site,"Identity, Yonsei affiliation, ECCV paper, and publication list.",
cai_luktrb,Jeongeun Lee,https://dli.yonsei.ac.kr/team,official_institutional_profile,Yonsei DLI team page lists Jeongeun Lee.,
cai_luktrb,Jeongeun Lee,https://eccv.ecva.net/virtual/2026/poster/4339,official_conference_record,Official ECCV record for Personalized Reward Modeling for Text-to-Image Generation.,
cai_luktrb,Jeongeun Lee,,qa_action,,"{""action"":""normalized_count_confidence"",""from"":""exact"",""to"":""partial"",""reason"":""Allowed confidence vocabulary and conservative completeness rule.""}"
cai_1ggio59,Jeongha Lee,https://sites.google.com/view/mrlabkist/members,official_institutional_profile,Identifies JeongHa Lee as a KIST/UST student and gives computer-vision research interests.,
cai_1ggio59,Jeongha Lee,https://sites.google.com/view/mrlabkist/publications,official_institutional_publications,Lists the ECCV 2026 paper and the lab's prior publications.,
cai_1ggio59,Jeongha Lee,https://eccv.ecva.net/virtual/2026/poster/5399,official_conference_record,Official ECCV record for Through Van Gogh's Eyes with KIST affiliation.,
cai_1ggio59,Jeongha Lee,,qa_action,,"{""action"":""normalized_count_confidence"",""from"":""exact"",""to"":""partial"",""reason"":""Allowed confidence vocabulary and conservative completeness rule.""}"
cai_16kt7l8,Jeongwan On,https://on-jungwoan.github.io/,official_personal_site,"Identity, UNIST affiliation, research area, ECCV 2026 Multi-THuMBS, and CVPR 2025 BIGS publication list match the candidate.",
cai_16kt7l8,Jeongwan On,https://vision.unist.ac.kr/member.html,official_institutional_profile,UNIST Vision and Learning Lab lists Jeongwan On as a PhD-MS student working in computer vision/3D hand pose estimation.,
cai_16kt7l8,Jeongwan On,https://openaccess.thecvf.com/content/CVPR2025/html/On_BIGS_Bimanual_Category-agnostic_Interaction_Reconstruction_from_Monocular_Videos_via_3D_CVPR_2025_paper.html,official_proceedings,CVF proceedings identify Jeongwan On as first author of BIGS at CVPR 2025 and give UNIST affiliation.,
cai_1vseeub,Jiah Kim,https://pknu-vlab.github.io/peca/,official_project_page,"Official Pukyong National University lab page matches the ECCV 2026 title, names Jiah Kim co-first, and states the Pukyong affiliation.",
cai_1vseeub,Jiah Kim,https://github.com/shinhoju/PECA,official_code_repository,Authors/readme match Jiah Kim and the ECCV 2026 PECA title; repository identifies it as the official implementation.,
cai_1vseeub,Jiah Kim,https://arxiv.org/abs/2606.25962,official_preprint_record,Preprint metadata matches the candidate title and author list; publication is after the cutoff and not counted.,
cai_9tizu5,jiha jang,https://jeeit17.github.io/,official_personal_site,"Identity, SNU affiliation, research profile, and publication history identify Ji Ha Jang.",
cai_9tizu5,jiha jang,https://openaccess.thecvf.com/content/ICCV2025/html/Kim_Robust_3D-Masked_Part-level_Editing_in_3D_Gaussian_Splatting_with_Regularized_ICCV_2025_paper.html,official_proceedings,Official ICCV 2025 record lists Hayeon Kim first and Ji Ha Jang second with equal contribution; this is eligible coauthorship but not first-listed authorship.,
cai_9tizu5,jiha jang,https://www.ecva.net/papers/eccv_2024/papers_ECCV/papers/08064.pdf,official_proceedings,ECCV 2024 workshop paper lists Ji Ha Jang co-first; workshop work is excluded by the audit scope.,
cai_9tizu5,jiha jang,,qa_action,,"{""action"":""removed_evidence_row"",""title"":""Robust 3D-Masked Part-level Editing in 3D Gaussian Splatting with Regularized Score Distillation Sampling"",""reason"":""Not an eligible first-listed author record in the fixed venue scope.""}"
cai_1lf0emb,Jiho Choi,https://github.com/jihochoi,official_personal_profile,"Identity, KAIST AI affiliation, CVML role, research area, and publication list match Jiho Choi.",
cai_1lf0emb,Jiho Choi,https://sites.google.com/view/cvml-kaist/members,official_institutional_profile,KAIST CVML members page lists Jiho Choi as a PhD student and gives research area.,
cai_1lf0emb,Jiho Choi,https://openaccess.thecvf.com/content/CVPR2025/html/Choi_Fine-Grained_Image-Text_Correspondence_with_Cost_Aggregation_for_Open-Vocabulary_Part_Segmentation_CVPR_2025_paper.html,official_proceedings,CVF proceedings list Jiho Choi first for the CVPR 2025 PartCATSeg paper.,
cai_1lf0emb,Jiho Choi,https://proceedings.neurips.cc/paper_files/paper/2024/file/f7f47a73d631c0410cbc2748a8015241-Paper-Conference.pdf,official_proceedings,NeurIPS 2024 proceedings list Jiho Choi first with equal-contribution notation for PartCLIPSeg.,
cai_1nt9dwz,JIHO JANG,https://arxiv.org/abs/2512.10237,official_preprint_record,Official record matches the ECCV queue title and names Jiho Jang; author affiliations identify Seoul National University.,
cai_1nt9dwz,JIHO JANG,https://gsai.snu.ac.kr/wp-content/uploads/sites/89/2024/02/전공_소개_브로슈어_2024.pdf,official_institutional_publication,"SNU AI program publication document lists Jiho Jang on prior AAAI 2023 and ACL 2023 works, supporting the SNU identity.",
cai_1nt9dwz,JIHO JANG,https://kr.linkedin.com/in/jiho-jang-58580b183,professional_profile,Profile identifies Jiho Jang with Seoul National University; supporting identity context only.,
cai_1dfrfb7,Jihyun Lee,https://sites.google.com/site/vclabskku/people,official_institutional_lab_profile,Lists Jihyun Lee as a Sungkyunkwan University Visual Computing Lab master student.,
cai_1dfrfb7,Jihyun Lee,https://ojs.aaai.org/index.php/AAAI/article/download/32448/34603,official_proceedings,Prediction-Feedback DETR author list includes Jihyun Lee and identifies Sungkyunkwan University.,
cai_1dfrfb7,Jihyun Lee,https://openaccess.thecvf.com/content/ICCV2023/html/Kim_Self-Feedback_DETR_for_Temporal_Action_Detection_ICCV_2023_paper.html,official_proceedings,Related ICCV 2023 paper identifies the same lab collaboration; Jihyun Lee is not an author there.,
cai_1672kz7,Jin Hong,https://sites.google.com/view/cau-cvml/cvmlcau/jinhong?authuser=0,official_personal_profile,"Identity, Chung-Ang University lab affiliation, ECCV 2026 paper, and dated publication list.",
cai_1672kz7,Jin Hong,https://www.sciencedirect.com/science/article/abs/pii/S0957417422013963,publisher_record,"Official publisher record for the 2022 ESWA paper, which is outside the fixed venue scope.",
cai_1672kz7,Jin Hong,https://sites.google.com/view/cau-cvml/,official_institutional_lab_profile,Corroborates CVML lab context and Jin Hong's ECCV/AVSS activity.,
cai_1qjkno1,Jinhee Park,https://sites.google.com/view/cau-cvml/cvmlcau/jinheepark?authuser=0,official_personal_profile,"Identity, Chung-Ang University affiliation, ECCV 2026 paper, and publication list.",
cai_1qjkno1,Jinhee Park,https://ojs.aaai.org/index.php/AAAI/article/view/34184,official_proceedings,Deep Disentangled Metric Learning (AAAI 2025) lists Jinhee Park first and Chung-Ang University affiliation; AAAI is outside the fixed scope.,
cai_1qjkno1,Jinhee Park,https://openaccess.thecvf.com/content/CVPR2023W/NTIRE/papers/Kim_Deep_Dehazing_Powered_by_Image_Processing_Network_CVPRW_2023_paper.pdf,official_work_source,CVPR Workshop paper record; workshop work is excluded by the audit rules.,
cai_1849jvr,Jinho Kim,https://www.ciplab.kr/members/students,official_institutional_lab_profile,Lists Jinho Kim as a Yonsei University CIPLAB student in Generative Photography.,
cai_1849jvr,Jinho Kim,https://www.ciplab.kr/,official_institutional_lab_profile,Lists DOME-HDR as an ECCV 2026 publication by Jinho Kim et al. and identifies the Yonsei CIPLAB context.,
cai_1849jvr,Jinho Kim,https://arxiv.org/abs/2608.05626,official_work_source,DOME-HDR author list and title; publication is after the audit cutoff and excluded.,
cai_1of1kd,Jinhwan Seo,https://jinhseo.github.io/,official_personal_profile,"Identity, KAIST affiliation, research interests, and selected publications.",
cai_1of1kd,Jinhwan Seo,https://www.ecva.net/papers/eccv_2022/papers_ECCV/papers/136910302.pdf,official_proceedings,"ECCV 2022 paper title, complete author order, and Jinhwan Seo listed first.",
cai_1of1kd,Jinhwan Seo,https://eccv2022.ecva.net/program/accepted-papers/,official_conference_program,ECCV 2022 accepted-paper listing for Object Discovery via Contrastive Learning for Weakly Supervised Object Detection.,
cai_1018n5o,Jini Yang,https://cvlab.kaist.ac.kr/members/students,official_institutional_profile,"KAIST CVLab identifies Jini Yang as a Ph.D. student, provides a KAIST email, and lists event-based vision/video diffusion research.",
cai_1018n5o,Jini Yang,https://cvlab.kaist.ac.kr/publication,official_institutional_publications,KAIST CVLab lists Jini Yang first on TETO (ECCV 2026) and as a coauthor on later lab works.,
cai_c38ddw,Jinkyu Kim,https://jinkyu032.vercel.app/,official_personal_site,"Official profile establishes Jinkyu Kim's SNU identity, email, research area, ECCV 2026 D2PO, and prior publication list.",
cai_c38ddw,Jinkyu Kim,https://openaccess.thecvf.com/content/CVPR2024/html/Seo_Relaxed_Contrastive_Learning_for_Federated_Learning_CVPR_2024_paper.html,official_proceedings,CVPR 2024 official record lists Seonguk Seo first and Jinkyu Kim second.,
cai_c38ddw,Jinkyu Kim,https://openaccess.thecvf.com/content/CVPR2024/html/Kim_Communication-Efficient_Federated_Learning_with_Accelerated_Client_Gradient_CVPR_2024_paper.html,official_proceedings,CVPR 2024 official record lists Geeho Kim first and Jinkyu Kim second (equal contribution in PDF).,
cai_c38ddw,Jinkyu Kim,https://proceedings.mlr.press/v162/kim22a.html,official_proceedings,PMLR official ICML 2022 record lists Jinkyu Kim first.,
cai_c38ddw,Jinkyu Kim,,qa_action,,"{""action"":""removed_evidence_row"",""title"":""Relaxed Contrastive Learning for Federated Learning"",""reason"":""Not an eligible first-listed author record in the fixed venue scope.""}"
cai_c38ddw,Jinkyu Kim,,qa_action,,"{""action"":""removed_evidence_row"",""title"":""Communication-Efficient Federated Learning with Accelerated Client Gradient"",""reason"":""Not an eligible first-listed author record in the fixed venue scope.""}"
cai_1g0eg9d,Jinnyeong Kim,https://divisonofficer.github.io/,official_personal_site,Official profile identifies Jinnyeong Kim as a POSTECH Ph.D. student and lists the ECCV candidate and prior robot-vision work.,
cai_1g0eg9d,Jinnyeong Kim,https://divisonofficer.github.io/resume.pdf,official_cv,"Official CV identifies Jinnyeong Kim, POSTECH, and lists Pixel-aligned RGB-NIR Stereo Imaging and Dataset for Robot Vision as CVPR 2025.",
cai_1g0eg9d,Jinnyeong Kim,https://openaccess.thecvf.com/content/CVPR2025/html/Kim_Pixel-aligned_RGB-NIR_Stereo_Imaging_and_Dataset_for_Robot_Vision_CVPR_2025_paper.html,official_proceedings,CVF record lists Jinnyeong Kim first and POSTECH affiliation for the CVPR 2025 paper.,
cai_jnhf9l,Jinsoo Park,https://jspark1213.github.io/,official_personal_site,"Official profile establishes Jinsoo Park's POSTECH identity, email, research area, and ECCV 2026 first-author paper.",
cai_jnhf9l,Jinsoo Park,https://cvlab.postech.ac.kr/research/2,official_institutional_publications,POSTECH CVLab official research page lists Jinsoo Park first on Diversity-Aware View Partitioning for Scalable VGGT (ECCV 2026).,
cai_6vguok,Jinwoo Chung,https://jangho-kim.github.io/,official_institutional_profile,Official Kookmin MLPR lab page identifies Jinwoo Chung as a master's student focused on quantization.,
cai_6vguok,Jinwoo Chung,https://jangho-kim.github.io/,official_institutional_publications,"Official lab publication list identifies Jinwoo Chung first on TAQ (ECCV 2026), plus later/out-of-scope works.",
cai_17oxlre,Jinwoo Jang,https://csiagentgroup.com/,official_lab_profile,SKKU lab page names Jinwoo Jang as first author of the ECCV 2026 queue paper and gives the research context.,
cai_oifae6,Jinwook Jung,https://hyds.hanyang.ac.kr/front/notice/unNews/view?id=1845,institutional_profile,Hanyang official page links Jinwook Jung to the ECCV 2026 work and department context.,
cai_rkv24,Jisung Hwang,https://jisung0111.github.io/,official_personal_profile,"Identity, KAIST affiliation, ECCV 2026 work, and dated publication list.",
cai_rkv24,Jisung Hwang,https://visualai.kaist.ac.kr/members/,institutional_profile,KAIST Visual AI Group member listing confirms Jisung Hwang.,
cai_7f522b,Jiun Lee,https://kr.linkedin.com/in/jiun-lee-160874176/ko,professional_profile,"Identity, AiM Future role, Sungkyunkwan education, computer-vision focus, and publication snippets.",
cai_7f522b,Jiun Lee,https://sites.google.com/view/pixel-lab-ai/publications,official_lab_publications,AiM Future/Pixel Lab publication context naming Jiun Lee.,
cai_1p4v3g5,Jiwan Kim,https://ptkjw1997.github.io/,official_personal_profile,"Identity, KAIST DSAIL affiliation, and dated publication list including ECCV 2026, ICLR 2026, and SIGIR 2025.",
cai_1p4v3g5,Jiwan Kim,https://dsail.kaist.ac.kr/members/,institutional_profile,KAIST DSAIL member listing confirms Jiwan Kim.,
cai_1re1s4r,Jiwon Kang,https://loggerjk.github.io/,official_personal_site,"Identity, KAIST AI affiliation, ECCV title, and publication list.",
cai_1re1s4r,Jiwon Kang,https://cvlab.kaist.ac.kr/members/students,official_institutional_profile,"KAIST CVLAB profile lists Jiwon Kang, KAIST email, and research area.",
cai_1re1s4r,Jiwon Kang,https://loggerjk.github.io/CV_LATEX/CV.pdf,official_cv,"Official CV gives publication venues, dates, author order, and equal-contribution markers.",
cai_1re1s4r,Jiwon Kang,https://proceedings.neurips.cc/paper_files/paper/2025/hash/ba90e56a74fd77d0ddec033dc199f0fa-Abstract-Conference.html,official_proceedings,NeurIPS 2025 main-track record lists Donghoon Ahn first and Jiwon Kang second.,
cai_1re1s4r,Jiwon Kang,,qa_action,,"{""action"":""removed_evidence_row"",""title"":""Where and How to Perturb: On the Design of Perturbation Guidance in Diffusion and Flow Models"",""reason"":""Not an eligible first-listed author record in the fixed venue scope.""}"
cai_1re1s4r,Jiwon Kang,,qa_action,,"{""action"":""normalized_count_confidence"",""from"":""exact_zero"",""to"":""partial"",""reason"":""Allowed confidence vocabulary and conservative completeness rule.""}"
cai_1e07dad,Jiwon Kim,https://eccv.ecva.net/virtual/2026/poster/4822,official_conference_page,Official ECCV page for the queued WARP paper; page itself does not provide enough person-level identity linkage.,
cai_1e07dad,Jiwon Kim,https://cv.snu.ac.kr/research/VDSR/,official_institutional_project_page,"SNU CV page identifies a Jiwon Kim as CVPR 2016 super-resolution author, but does not establish that identity as the ECCV 2026 candidate.",
cai_1e07dad,Jiwon Kim,,review_status,,identity_unresolved_prior_work_incomplete
cai_ua9szx,Jiyeong Kim,https://agile.ewha.ac.kr/,official_institutional_publications,"Ewha AGILE page lists Jiyeong Kim and the ECCV 2026 paper, plus prior work.",
cai_ua9szx,Jiyeong Kim,https://www.ecva.net/papers/eccv_2024/papers_ECCV/papers/09774.pdf,official_proceedings,ECCV 2024 paper lists Jiyeong Kim fifth and Ewha W. University affiliation.,
cai_ua9szx,Jiyeong Kim,https://kr.linkedin.com/in/jiyeong-kim-a93b48378,professional_profile,Profile identifies a joint M.S./Ph.D. researcher at Ewha and lists the ECCV 2026 title.,
cai_ua9szx,Jiyeong Kim,,qa_action,,"{""action"":""removed_evidence_row"",""title"":""Emerging Property of Masked Token for Effective Pre-training"",""reason"":""Not an eligible first-listed author record in the fixed venue scope.""}"
cai_1hl1vuh,Jiyong Boo,https://openaccess.thecvf.com/content/WACV2026/papers/Kim_Generalized_Category_Discovery_for_LiDAR_Semantic_Segmentation_WACV_2026_paper.pdf,official_proceedings,"WACV 2026 paper lists Jiyong Boo, KAIST, and boojiyong@kaist.ac.kr.",
cai_1hl1vuh,Jiyong Boo,https://huggingface.co/boo0828,official_project_account,Account identifies Jiyong Boo and hosts HSDF-Lane artifacts.,
cai_1hl1vuh,Jiyong Boo,https://arxiv.org/abs/2606.31172,official_preprint_record,HSDF-Lane record lists Jiyong Boo first; post-cutoff and not counted.,
cai_fw6dki,Jiyoung Park,https://visualai.khu.ac.kr/publication/domestic,official_institutional_publications,KHU Visual AI Lab lists Jiyoung Park and related change-captioning publications.,
cai_fw6dki,Jiyoung Park,https://arxiv.org/abs/2511.22903,official_preprint_record,2025 CORTEX preprint lists Jiyoung Park and the same change-captioning research line; arXiv is outside venue scope.,
cai_fw6dki,Jiyoung Park,https://arxiv.org/abs/2609.01136,official_preprint_record,Post-cutoff MEDIC preprint lists Jiyoung Park first and KHU collaborator Jung Uk Kim; not counted.,
cai_5n2beb,Jiyun Im,https://arxiv.org/abs/2509.13907,official_preprint_record,"Queue-matching title, first-listed author Jiyun Im, and Sungkyunkwan University affiliation.",
cai_5n2beb,Jiyun Im,https://eccv.ecva.net/virtual/2026/poster/4810,official_conference_record,ECCV 2026 queue paper/poster record for White Aggregation and Restoration for Few-shot 3D Point Cloud Semantic Segmentation.,
cai_5n2beb,Jiyun Im,,qa_action,,"{""action"":""normalized_count_confidence"",""from"":""low"",""to"":""unresolved"",""reason"":""Allowed confidence vocabulary and conservative completeness rule.""}"
cai_5n2beb,Jiyun Im,,review_status,,identity_unresolved_prior_work_incomplete
cai_14o5u5o,Jonghun Kim,https://pubmed.ncbi.nlm.nih.gov/41520577/,official_publisher_metadata,Jonghun Kim first-listed with Sungkyunkwan University affiliation; medical-image synthesis topic.,
cai_14o5u5o,Jonghun Kim,https://arxiv.org/abs/2406.02936,official_preprint_record,Jonghun Kim and Sungkyunkwan University coauthor/topic continuity in medical image analysis.,
cai_14o5u5o,Jonghun Kim,https://eccv.ecva.net/virtual/2026/poster/3287,official_conference_record,ECCV 2026 queue paper/poster record.,
cai_1cwcdyg,Jonghyun Kim,https://dblp.uni-trier.de/pid/92/5951-5.html,bibliographic_discovery,"Shows multiple disambiguated Jonghyun Kim records, including an LG Electronics AI Lab identity; not sufficient alone for resolution.",
cai_1cwcdyg,Jonghyun Kim,https://eccv.ecva.net/virtual/2026/poster/4276,official_conference_record,ECCV 2026 queue paper/poster record for Single-Query Person-Centric Bimanual Hand-Object Interaction Detection.,
cai_1cwcdyg,Jonghyun Kim,,qa_action,,"{""action"":""normalized_count_confidence"",""from"":""low"",""to"":""unresolved"",""reason"":""Allowed confidence vocabulary and conservative completeness rule.""}"
cai_1cwcdyg,Jonghyun Kim,,review_status,,identity_unresolved_prior_work_incomplete
cai_g2e1q9,Jonghyun Park,https://jonghyun813.github.io/profile/personal/JonghyunPark_CV.pdf,official_personal_cv,"Identity, SNU affiliation, exact ECCV title, and complete listed publication record.",
cai_g2e1q9,Jonghyun Park,https://eccv.ecva.net/virtual/2026/poster/4363,official_conference_record,ECCV 2026 queue paper/poster record.,
cai_epucdv,Jongoh Jeong,https://sites.google.com/view/jongohjeong,official_personal_profile,"Identity, KAIST affiliation, exact ECCV title, and full publication list with author order/venue labels.",
cai_epucdv,Jongoh Jeong,https://eccv.ecva.net/virtual/2026/poster/4352,official_conference_record,ECCV 2026 queue paper/poster record.,
cai_epucdv,Jongoh Jeong,https://openaccess.thecvf.com/content/CVPR2026/papers/Jeong_Multimodal_Distribution_Matching_for_Vision-Language_Dataset_Distillation_CVPR_2026_paper.pdf,official_proceedings,CVPR 2026 paper is after the audit cutoff and is excluded from prior count.,
cai_skq83z,Jongyeop Hyun,https://mldljyh.github.io/,official_personal_profile,"Identity, POSTECH affiliation, ECCV 2026 target paper, and publication history.",
cai_skq83z,Jongyeop Hyun,https://nlp.postech.ac.kr/people/current-members,institutional_profile,POSTECH lists Jongyeop Hyun as a master's student in multimodal learning.,
cai_174cqdx,Joo Young Choi,https://lthilnklover.github.io/,official_personal_profile,"Identity, KRAFTON affiliation, target ECCV paper, and complete publication list.",
cai_174cqdx,Joo Young Choi,https://www.krafton.ai/publications/,official_employer_publications,KRAFTON confirms the target paper and author sequence.,
cai_1oogw60,Joonkyu Park,https://jkpark08.github.io/,official_personal_profile,"Identity, SNU research context, target paper, and publication list.",
cai_1oogw60,Joonkyu Park,https://openaccess.thecvf.com/content/CVPR2022/html/Park_HandOccNet_Occlusion-Robust_3D_Hand_Mesh_Estimation_Network_CVPR_2022_paper.html,official_proceedings,CVPR 2022 author list and publication metadata for HandOccNet.,
cai_1oogw60,Joonkyu Park,https://openaccess.thecvf.com/content/ICCV2023/html/Park_Content-Aware_Local_GAN_for_Photo-Realistic_Super-Resolution_ICCV_2023_paper.html,official_proceedings,ICCV 2023 author list and publication metadata for Content-Aware Local GAN.,
cai_19ar351,Jooyeol Yun,https://yeolj00.github.io/,official_personal_profile,"Identity, KAIST affiliation, target paper, and publication list.",
cai_19ar351,Jooyeol Yun,https://davian.kaist.ac.kr/people,institutional_profile,KAIST/DAVIAN lists Jooyeol Yun and research area.,
cai_10csqcn,Jouwon Song,https://openreview.net/profile?id=~Jou-Won_Song1,official_researcher_profile,"Identity, LG Corporation affiliation, aliases, and publication history.",
cai_10csqcn,Jouwon Song,https://openreview.net/pdf/811a358e6fa9391091885550d4e6eccbaf2523f7.pdf,official_proceedings,ICLR 2026 AgilePruner author order and LG affiliation; Song is second-listed.,
cai_10csqcn,Jouwon Song,https://ksbe-jbe.org/_common/do.php?a=current&aidx=48290&b=11&bidx=4343,official_journal_page,JBE 2026 paper author list and LG affiliation; venue is outside fixed scope.,
cai_emre,Jun-Sang YOO,https://junsang7777.github.io/,official_personal_profile,"Korea University identity, research area, MASS candidate paper, and publication context match Jun-Sang Yoo.",
cai_emre,Jun-Sang YOO,https://openaccess.thecvf.com/content/ICCV2023/html/Yoo_Video_Object_Segmentation-aware_Video_Frame_Interpolation_ICCV_2023_paper.html,official_proceedings,"Official ICCV 2023 record gives title, venue, date/year, and author order with Jun-Sang Yoo first.",
cai_emre,Jun-Sang YOO,https://openaccess.thecvf.com/content_CVPR_2019/papers/Yoo_Dichromatic_Model_Based_Temporal_Color_Constancy_for_AC_Light_Sources_CVPR_2019_paper.pdf,official_proceedings,Official CVPR 2019 paper lists Jun-Sang Yoo first.,
cai_l5wc63,Junah Jung,https://kr.linkedin.com/in/junah-jung,official_institutional_profile,Profile identifies Junah Jung and Seoul National University affiliation.,
cai_l5wc63,Junah Jung,https://kr.linkedin.com/in/kyungmin-jeon-02959323,official_research_group_post,SNU-linked post names Junah Jung as co-first author of CS-TTA and describes the matching work.,
cai_9jiqs9,Jungmyung Wi,https://utl.korea.ac.kr/team/,official_institutional_profile,KU UTL team page identifies Jungmyung Wi as an MS student and gives matching research context.,
cai_9jiqs9,Jungmyung Wi,https://pure.korea.ac.kr/en/publications/delving-into-pre-training-for-domain-transfer-a-broad-study-of-pr/fingerprints/,official_institutional_publication_record,KU Pure records the IJCV article and author order including Jungmyung Wi; IJCV is outside fixed scope.,
cai_1f5a4rn,Jungsu Kim,https://openaccess.thecvf.com/content/ICCV2025/papers/Huh_MBTI_Masked_Blending_Transformers_with_Implicit_Positional_Encoding_for_Frame-rate_ICCV_2025_paper.pdf,official_proceedings,"Official ICCV 2025 paper gives Yonsei affiliation, author order, and Jungsu Kim as fourth author.",
cai_1f5a4rn,Jungsu Kim,https://kr.linkedin.com/in/jungsu-kim-6b7218222,institutional_profile,Yonsei-linked profile identifies Jungsu Kim and lists the matching HiChor ECCV 2026 paper.,
cai_1f5a4rn,Jungsu Kim,,qa_action,,Removed evidence row 'MBTI: Masked Blending Transformers with Implicit Positional Encoding for Frame-rate Agnostic Motion Estimation': authorship basis explicitly states author is not first-listed; evidence_rows is restricted to first-listed eligible works.
cai_828p7g,jungu cho,https://sites.google.com/site/hgjeoncv/team,official_institutional_profile,"GIST lab page identifies Jungu Cho, GIST affiliation, and CJ AI Center origin.",
cai_828p7g,jungu cho,https://github.com/jungucho92/script2shot,official_project_repository,Project repository names Jungu Cho first on the matching From Script to Shot ECCV 2026 paper.,
cai_828p7g,jungu cho,https://openreview.net/profile?id=~Hyunjun_Jung2,official_proceedings_metadata,OpenReview record distinguishes unrelated Hyunjun Jung records; withdrawn ICLR submission is not an eligible prior for Jungu Cho.,
cai_7i9zpd,Jungyong Son,https://hyds.hanyang.ac.kr/front/notice/unNews/view?id=1845,official_institutional_news,"Identifies Jungyong Son, Jinwook Jung, and Sungyong Baik as authors of the ECCV 2026 paper and links poster 4341.",
cai_7i9zpd,Jungyong Son,https://eccv.ecva.net/virtual/2026/poster/4341,official_proceedings,Official ECCV poster record for the candidate's paper.,
cai_7i9zpd,Jungyong Son,https://arxiv.org/abs/2606.22589,publisher_preprint,Lists the same title and author order; submitted after the audit cutoff and not counted.,
cai_7i9zpd,Jungyong Son,,qa_action,,Normalized count_confidence from 'low' to 'partial' (allowed enum).
cai_f92iuw,Junha Kim,https://hjpark83.github.io/,official_personal_site,"Lists Junha Kim, Hyunjoon Park, and Donghyeon Cho on the matching Hanyang University ECCV 2026 project.",
cai_f92iuw,Junha Kim,https://arxiv.org/abs/2607.06162,publisher_preprint,Lists the matching title and author order; submitted after the audit cutoff and not counted.,
cai_f92iuw,Junha Kim,,qa_action,,Normalized count_confidence from 'low' to 'partial' (allowed enum).
cai_1d1f4lw,Junha Lee,https://junha-l.github.io/,official_personal_site,"Identity, POSTECH history, matching ECCV title, and publication list.",
cai_1d1f4lw,Junha Lee,https://openaccess.thecvf.com/content/CVPR2025/html/Lee_Mosaic3D_Foundation_Dataset_and_Model_for_Open-Vocabulary_3D_Segmentation_CVPR_2025_paper.html,official_proceedings,CVPR 2025 official paper metadata and author order.,
cai_1d1f4lw,Junha Lee,https://openaccess.thecvf.com/content/ICCV2021/html/Lee_Deep_Hough_Voting_for_Robust_Global_Registration_ICCV_2021_paper.html,official_proceedings,ICCV 2021 official paper metadata and author order.,
cai_xyxncm,Junoh Lee,https://leejunoh.com/,official_personal_site,"Identity, GIST affiliation, matching ECCV title, and complete publication list.",
cai_xyxncm,Junoh Lee,https://proceedings.neurips.cc/paper_files/paper/2024/hash/09b47a77997b7dd7d2b26bd8ff769392-Abstract-Conference.html,official_proceedings,NeurIPS 2024 main-conference paper metadata and author order.,
cai_xyxncm,Junoh Lee,https://proceedings.iclr.cc/paper_files/paper/2024/hash/3b62aa13a97d50ab75e6763750093386-Abstract-Conference.html,official_proceedings,ICLR 2024 conference paper metadata and author order.,
cai_131dxvq,Junseong Shin,https://junsung6140.github.io/,official_personal_site,"Identity, Hanyang/VILAB affiliation, matching ECCV title, and HazeFlow publication.",
cai_131dxvq,Junseong Shin,https://openaccess.thecvf.com/content/ICCV2025/html/Shin_HazeFlow_Revisit_Haze_Physical_Model_as_ODE_and_Non-Homogeneous_Haze_ICCV_2025_paper.html,official_proceedings,ICCV 2025 official paper metadata and author order.,
cai_131dxvq,Junseong Shin,https://junsung6140.github.io/hazeflow/,official_project_page,Project page identifies Junseong Shin as first author and Hanyang University affiliation.,
cai_131dxvq,Junseong Shin,,qa_action,,Repaired broken CVF URL for HazeFlow to the live official ICCV 2025 proceedings record.
cai_726siz,Junyoung Seo,https://j0seo.github.io/,official_personal_profile,"KAIST AI affiliation, research area, and publication list.",
cai_726siz,Junyoung Seo,https://j0seo.github.io/files/Junyoung_Seo_CV.pdf,official_personal_cv,"CV lists first-listed GenWarp (NeurIPS 2024), Retrieval-Augmented Score Distillation (ICML 2024), and Let 2D Diffusion Model Know 3D-Consistency (ICLR 2024), plus affiliations.",
cai_726siz,Junyoung Seo,https://cvlab.kaist.ac.kr/members/students,institutional_profile,KAIST CVLAB lists Junyoung Seo as an integrated MS/PhD student with diffusion/video/3D research.,
cai_726siz,Junyoung Seo,,qa_action,,"Normalized work_type for 'GenWarp: Single Image to Novel Views with Semantic-Preserving Generative Warping' to canonical ""main conference full paper""."
cai_726siz,Junyoung Seo,,qa_action,,"Normalized work_type for 'Retrieval-Augmented Score Distillation for Text-to-3D Generation' to canonical ""main conference full paper""."
cai_726siz,Junyoung Seo,,qa_action,,"Normalized work_type for 'Let 2D Diffusion Model Know 3D-Consistency for Robust Text-to-3D Generation' to canonical ""main conference full paper""."
cai_726siz,Junyoung Seo,,qa_action,,Normalized count_confidence from 'high_lower_bound' to 'medium' (allowed enum).
cai_jsekvg,Juyong Lee,https://arxiv.org/abs/2607.29040,official_preprint,Exact title and author list for the candidate's 2026 work.,
cai_jsekvg,Juyong Lee,,qa_action,,Normalized count_confidence from 'undetermined' to 'unresolved' (allowed enum).
cai_jsekvg,Juyong Lee,,qa_action,,Normalized prior_work_review_completeness from not_exhaustive to incomplete; review remains non-exhaustive.
cai_jsekvg,Juyong Lee,,review_status,,identity_unresolved_prior_work_incomplete
cai_ycply5,Kang Eun Jeon,https://kejeon.github.io/,official_personal_profile,"Identity, research area, and SKKU affiliation.",
cai_ycply5,Kang Eun Jeon,https://kejeon.github.io/publications/,official_publication_list,Dated publication list with authorship order and venues.,
cai_ycply5,Kang Eun Jeon,https://iris.skku.edu/authors/pd01_kangeun_jeon/,institutional_profile,SKKU IRIS profile identifies Kang Eun Jeon and research history.,
cai_ycply5,Kang Eun Jeon,,qa_action,,Normalized count_confidence from 'undetermined' to 'partial' (allowed enum).
cai_ycply5,Kang Eun Jeon,,qa_action,,Normalized prior_work_review_completeness from not_exhaustive to incomplete; review remains non-exhaustive.
cai_176x63n,Kang MinSeok,https://arxiv.org/abs/2608.06901,official_preprint,Exact title and normalized author list (Minseok Kang) for the 2026 ECCV work.,
cai_176x63n,Kang MinSeok,https://www.linkedin.com/posts/minseok-kang-34b73a2b9_eccv2026-visionlanguagemodels-modelcompression-activity-7477731539154378752-kGh_,author_announcement,Author announcement associates the work with Chung-Ang University HAI Lab and identifies co-first authors.,
cai_176x63n,Kang MinSeok,,qa_action,,Normalized count_confidence from 'undetermined' to 'unresolved' (allowed enum).
cai_176x63n,Kang MinSeok,,qa_action,,Normalized prior_work_review_completeness from not_exhaustive to incomplete; review remains non-exhaustive.
cai_176x63n,Kang MinSeok,,review_status,,identity_unresolved_prior_work_incomplete
cai_igfx9k,Kangmin Seo,https://kangrnin.github.io/,official_personal_profile,"SKKU affiliation, identity, exact ECCV title, and complete listed publications.",
cai_igfx9k,Kangmin Seo,https://neurips.cc/virtual/2025/loc/san-diego/poster/118619,official_proceedings,NeurIPS 2025 paper record; Kangmin Seo is not first-listed.,
cai_igfx9k,Kangmin Seo,,qa_action,,Normalized count_confidence from 'high_lower_bound' to 'medium' (allowed enum).
cai_ql2vg6,Keonhee Park,https://vision.snu.ac.kr/gunhee/,official_institutional_lab_page,Lists Keonhee Park and the SiGMA ECCV 2026 paper under Seoul National University Vision and Learning Lab.,
cai_thbfl0,Kibum Kim,https://rlqja1107.github.io/,official_personal_site,Identifies Kibum Kim as a KAIST PhD candidate and gives his research identity.,
cai_thbfl0,Kibum Kim,https://rlqja1107.github.io/publications/,official_publication_list,"Lists Kibum Kim's first-authored ICLR 2024, CVPR 2024, and ICLR 2025 papers and the ECCV 2026 queue paper.",
cai_thbfl0,Kibum Kim,https://rlqja1107.github.io/assets/pdf/CV_kibum.pdf,official_cv,"Confirms author order and venue history, including first-author prior works.",
cai_1dl94c2,Kihyun Na,https://www.sciencedirect.com/science/article/abs/pii/S1077314225000840,official_publisher_record,"Identifies Kihyun Na, Handong Global University education/affiliation, and computer-vision research.",
cai_1dl94c2,Kihyun Na,https://www.handong.edu/eng/connect/news/?group=0&id=26454&mode=view,official_institutional_news,"Provides corroborating Handong student context, while spelling the given name inconsistently as Gihyun in one list.",
cai_qkmdou,Kim Jun-Seong,https://kim-junseong.github.io/,official_personal_site,Identifies Kim Junseong as POSTECH AMI Lab joint MS-PhD student and lists publications.,
cai_qkmdou,Kim Jun-Seong,https://drsplat.github.io/,official_project_page,CVPR 2025 Dr. Splat page lists Kim Jun-Seong first and POSTECH affiliation.,
cai_qkmdou,Kim Jun-Seong,https://ami.kaist.ac.kr/publications,official_lab_publications,POSTECH/KAIST AMI listing corroborates the author's research publications.,
cai_nnq0gi,KunHo Heo,https://heokunho.github.io/,official_personal_site,Identifies KunHo Heo as a Kyung Hee University M.S. student and lists publications.,
cai_nnq0gi,KunHo Heo,https://vslab.khu.ac.kr/publications/,official_lab_publications,Kyung Hee Visual Science Lab listing gives the NeurIPS 2025 paper and author order.,
cai_nnq0gi,KunHo Heo,https://heokunho.github.io/assets/files/CV_KunHo%20Heo.pdf,official_cv,"Confirms identity, Kyung Hee affiliation, and NeurIPS 2025 first-listed authorship.",
cai_17clweh,Kwonyoung Ryu,https://kwonyoung9120.github.io/,official_personal_site,"Identity, POSTECH affiliation, research area, ECCV 2026 paper, and prior CVPR publication match the candidate.",
cai_17clweh,Kwonyoung Ryu,https://openaccess.thecvf.com/content/CVPR2023/html/Ryu_Instant_Domain_Augmentation_for_LiDAR_Semantic_Segmentation_CVPR_2023_paper.html,official_proceedings,CVPR 2023 official page lists Kwonyoung Ryu first and POSTECH affiliation.,
cai_17clweh,Kwonyoung Ryu,https://eccv.ecva.net/Conferences/2026/AcceptedPapers,official_conference_listing,ECCV official listing confirms the candidate title and first-listed author.,
cai_xcjd2a,Kyeongmo Chae,https://vig.kist.re.kr/people,official_institutional_profile,Official VIG/KIST people page lists Kyeongmo Chae as a research member.,
cai_xcjd2a,Kyeongmo Chae,https://eccv.ecva.net/virtual/2026/poster/5107,official_conference_record,"ECCV poster record identifies Kyeongmo Chae, the candidate title, and Kyungpook National University.",
cai_xcjd2a,Kyeongmo Chae,https://arxiv.org/abs/2607.20984,official_preprint_record,Post-cutoff 2026 paper lists Kyeongmo Chae first; it is not eligible under the cutoff.,
cai_15hmn5b,Kyobin Choo,https://micv.yonsei.ac.kr/members,official_institutional_profile,Official Yonsei MICV page identifies Kyobin Choo and research area.,
cai_15hmn5b,Kyobin Choo,https://papers.miccai.org/miccai-2025/0579-Paper0172.html,official_proceedings,MICCAI official paper page lists Kyobin Choo with Yonsei University affiliation (non-scope venue).,
cai_15hmn5b,Kyobin Choo,https://eccv.ecva.net/virtual/2026/poster/4226,official_conference_record,ECCV poster record identifies Kyobin Choo and the candidate paper title.,
cai_ulv5l2,Kyoleen Kwak,https://kwakkyoleen.github.io/,official_personal_site,"Official profile identifies Kyoleen Kwak, Kyung Hee University, AIRLab, and research area.",
cai_ulv5l2,Kyoleen Kwak,https://airlab.khu.ac.kr/members/,official_institutional_profile,Official AIRLab members page lists Kyoleen Kwak as an M.S. student.,
cai_ulv5l2,Kyoleen Kwak,https://airlab.khu.ac.kr/elementor-5520/,official_lab_publications,AIRLab publication page lists Kyoleen Kwak's AAAI 2026 paper (outside venue scope) and scoped-venue author lists without her.,
cai_ulv5l2,Kyoleen Kwak,https://eccv.ecva.net/virtual/2026/poster/4656,official_conference_record,ECCV poster record identifies Kyoleen Kwak and the candidate paper title.,
cai_7x33y1,Kyuan Oh,https://kyuanoh.github.io/,official_personal_site,"Official profile identifies Kyuan Oh, Chung-Ang University, MULTI Lab, and publication history.",
cai_7x33y1,Kyuan Oh,https://www.multilab.cau.ac.kr/members,official_institutional_profile,Official Chung-Ang MULTI Lab page lists Kyuan Oh as an undergraduate student and matching research interests.,
cai_7x33y1,Kyuan Oh,https://eccv.ecva.net/virtual/2026/poster/4172,official_conference_record,ECCV poster record identifies Kyuan Oh and the candidate paper title.,
cai_7x33y1,Kyuan Oh,https://d2j16w31g89z0j.cloudfront.net/site/ictc2025/abs/P03-24.pdf,official_proceedings,ICTC 2025 proceedings list Kyuan Oh first (non-scope venue).,
cai_ruido7,Kyungmin Min,https://andy9705.github.io/,official_personal_profile,Identifies Kyungmin Min as an SNU AI PhD student and lists ReflectCAP plus the dated publication history.,
cai_ruido7,Kyungmin Min,https://andy9705.github.io/publications/,official_publication_list,"Lists Kyungmin Min's prior works, author order, venues, and dates.",
cai_ruido7,Kyungmin Min,https://eccv.ecva.net/virtual/2026/poster/5761,official_conference_record,Official ECCV 2026 record for ReflectCAP and the SNU-affiliated candidate.,
cai_ruido7,Kyungmin Min,,qa_action,,Normalized count_confidence from 'exact' to 'high' (allowed enum).
cai_og1gaa,Kyusik Cho,https://cilab.yonsei.ac.kr/members/,official_institutional_profile,Lists Kyusik Cho as a CILAB student at Yonsei with an official Yonsei email and machine-vision research interest.,
cai_og1gaa,Kyusik Cho,https://cilab.yonsei.ac.kr/,official_lab_profile,Yonsei CILAB announces Kyusik Cho's ECCV 2026 Environmental Change Detection paper.,
cai_og1gaa,Kyusik Cho,https://eccv.ecva.net/virtual/2026/poster/4329,official_conference_record,Official ECCV 2026 record for Environmental Change Detection for Real-World Change Analysis.,
cai_og1gaa,Kyusik Cho,https://arxiv.org/abs/2506.11481,official_preprint_record,The 2025 Environmental Change Detection preprint; it is not an eligible venue publication under the audit rules.,
cai_wmhgsr,Kyuwon Kim,https://rbdnjs7830.github.io/,official_personal_profile,Identifies Kyuwon Kim as a KAIST U-AIM master's student and lists SPECSIA and the 2025 Journal of the IEIE paper with author order.,
cai_wmhgsr,Kyuwon Kim,https://eccv.ecva.net/virtual/2026/poster/5880,official_conference_record,Official ECCV 2026 record for SPECSIA and the KAIST-affiliated candidate.,
cai_wmhgsr,Kyuwon Kim,,qa_action,,Normalized count_confidence from 'exact' to 'high' (allowed enum).
cai_wmhgsr,Kyuwon Kim,,qa_action,,Accepted complete zero review: source notes identify an authoritative official publication list/full record reviewed through the cutoff; no eligible first-listed prior was found.
cai_1ai4ln6,Mansoo Jung,https://cml.snu.ac.kr/students/,official_institutional_profile,Lists Mansoo Jung as an SNU CML student and gives compatible computer-vision/VQA research interests.,
cai_1ai4ln6,Mansoo Jung,https://eccv.ecva.net/virtual/2026/poster/4612,official_conference_record,Official ECCV 2026 record for MixTTA and the SNU-affiliated candidate.,
cai_1ai4ln6,Mansoo Jung,https://arxiv.org/abs/2606.28142,official_preprint_record,"MixTTA preprint dated June 2026, after the audit cutoff.",
cai_18cbfg7,Min Hyeok Bang,https://oweixx.github.io/,official_personal_profile,Identifies Min Hyeok Bang as a JBNU computer-science undergraduate and lists the ECCV paper as first author.,
cai_18cbfg7,Min Hyeok Bang,https://jbnu-vilab.github.io/,official_institutional_profile,JBNU VILab confirms the Geometry-Aware Style Transfer ECCV 2026 work and student context.,
cai_18cbfg7,Min Hyeok Bang,https://eccv.ecva.net/virtual/2026/poster/4174,official_conference_record,Official ECCV 2026 record for Geometry-Aware Style Transfer in 3D Gaussian Splatting.,
cai_18cbfg7,Min Hyeok Bang,,qa_action,,Normalized count_confidence from 'exact' to 'high' (allowed enum).
cai_18cbfg7,Min Hyeok Bang,,qa_action,,Accepted complete zero review: source notes identify an authoritative official publication list/full record reviewed through the cutoff; no eligible first-listed prior was found.
cai_19cht8g,Min-Jung Kim,https://emjay73.github.io/,official_personal_site,"Identity, KAIST affiliation, advisor Jaegul Choo, research interests, and publication list match the ECCV candidate.",
cai_19cht8g,Min-Jung Kim,https://openaccess.thecvf.com/content/CVPR2025/html/Hyung_Spatiotemporal_Skip_Guidance_for_Enhanced_Video_Diffusion_Sampling_CVPR_2025_paper.html,official_proceedings,Official CVF metadata lists Min-Jung Kim as a non-first author on a scoped CVPR 2025 paper.,
cai_19cht8g,Min-Jung Kim,https://openaccess.thecvf.com/content/ICCV2023/html/Hwang_FaceCLIPNeRF_Text-driven_3D_Face_Manipulation_using_Deformable_Neural_Radiance_Fields_ICCV_2023_paper.html,official_proceedings,Official CVF metadata lists Min-Jung Kim as a non-first author on a scoped ICCV 2023 paper.,
cai_19cht8g,Min-Jung Kim,https://eccv.ecva.net/virtual/2026/poster/4255,official_conference_page,Official ECCV page identifies the candidate paper and author; the 2026 paper is excluded by the cutoff.,
cai_19cht8g,Min-Jung Kim,,qa_action,,Accepted complete zero review: source notes identify an authoritative official publication list/full record reviewed through the cutoff; no eligible first-listed prior was found.
cai_llao67,Min-Su Park,https://imclab.skku.edu/students/,official_institutional_profile,Official SKKU IMCLab profile identifies Minsu Park and 3D Gaussian Splatting/3D Vision research interests.,
cai_llao67,Min-Su Park,https://imclab.skku.edu/,official_lab_page,Official SKKU lab page establishes IMCLab's Gaussian Splatting/3D reconstruction research context.,
cai_llao67,Min-Su Park,https://www.linkedin.com/posts/minsu-park-872b152b8_eccv2026-eccv2026-computervision-activity-7473999787843870720-7pZf,author_publication_announcement,Author announcement identifies Minsu Park as an IMCLab/SKKU coauthor of MagnetGS-Mesh (ECCV 2026).,
cai_llao67,Min-Su Park,https://eccv.ecva.net/virtual/2026/poster/5724,official_conference_page,Official ECCV page identifies the candidate paper and author; the 2026 paper is excluded by the cutoff.,
cai_1avphu5,Mingi Kim,https://mingikim1.github.io/,official_personal_site,Official profile establishes Mingi Kim's Chungnam National University affiliation and 3D/CAD research identity.,
cai_1avphu5,Mingi Kim,https://academic.oup.com/jcde/article/13/5/122/8658277,official_publisher_metadata,Oxford Academic identifies Mingi Kim at Chungnam National University on Comp-PointLLM; publication is May 2026 and outside the cutoff/scope.,
cai_1avphu5,Mingi Kim,https://arxiv.org/abs/2602.22284,author_work_page,"BrepCoder lists Mingi Kim first, but is a 2026 preprint and not an eligible official scoped proceeding by the cutoff.",
cai_1avphu5,Mingi Kim,https://eccv.ecva.net/virtual/2026/poster/4696,official_conference_page,Official ECCV page identifies the candidate paper and author; the 2026 paper is excluded by the cutoff.,
cai_lgn1f2,Mingue Park,https://uygnim99.github.io/,official_personal_site,"Official profile establishes Mingue Park's KAIST identity, advisor, and complete listed publications.",
cai_lgn1f2,Mingue Park,https://arxiv.org/abs/2512.20063,official_preprint_page,"PairFlow lists Mingue Park first, but ICLR 2026 proceedings/conference are after the audit cutoff.",
cai_lgn1f2,Mingue Park,https://uygnim99.github.io/,official_personal_site,The publication list marks Token Warping as CVPR 2026 and DiverseVAR as ECCV 2026; both are after/correspond to the cutoff candidate.,
cai_lgn1f2,Mingue Park,https://eccv.ecva.net/virtual/2026/poster/4304,official_conference_page,Official ECCV page identifies the candidate paper and author; the 2026 paper is excluded by cutoff.,
cai_lgn1f2,Mingue Park,,qa_action,,Accepted complete zero review: source notes identify an authoritative official publication list/full record reviewed through the cutoff; no eligible first-listed prior was found.
cai_10q2myd,Mingyeong Song,https://smk11602.github.io/,official_personal_site,"Official profile establishes Mingyeong Song's Ewha affiliation, advisor, research interests, and publication list.",
cai_10q2myd,Mingyeong Song,https://pai.ewha.ac.kr/people/,official_institutional_profile,Official Ewha PAI people page confirms Mingyeong Song's education and 3D vision/human-centric interaction research.,
cai_10q2myd,Mingyeong Song,https://pai.ewha.ac.kr/publications/,official_lab_publications,Official Ewha PAI publication list confirms JointHOI as ECCV 2026 and does not list an earlier scoped first-author work.,
cai_10q2myd,Mingyeong Song,https://eccv.ecva.net/virtual/2026/poster/5007,official_conference_page,Official ECCV page identifies the candidate paper and author; the 2026 paper is excluded by cutoff.,
cai_1c6rbs6,Minh Son Hoang,https://cs.kaist.ac.kr/people/msstudents,official_institutional_profile,KAIST roster identity and affiliation.,
cai_1c6rbs6,Minh Son Hoang,https://eccv.ecva.net/virtual/2026/poster/4909,official_conference_record,ECCV target record and first author.,
cai_1h8liem,Minh-Quan Bui,https://eccv.ecva.net/Conferences/2026/AcceptedPapers,official_conference_record,ECCV listing identifies AirSplat and first author.,
cai_1h8liem,Minh-Quan Bui,,review_status,,identity_unresolved_prior_work_incomplete
cai_zrrap3,Minjoon Jung,https://minjoong507.github.io/bio.html,official_personal_profile,"SNU identity, advisor, and research match.",
cai_zrrap3,Minjoon Jung,https://minjoong507.github.io/,official_personal_publications,WACV 2025 first-author publication (out of scope).,
cai_zrrap3,Minjoon Jung,https://eccv.ecva.net/virtual/2026/poster/3203,official_conference_record,ECCV target record.,
cai_1klag93,Minjun Kang,https://www.ecva.net/papers/eccv_2022/papers_ECCV/papers/136680176.pdf,official_proceedings,"ECCV 2022 first author, KAIST affiliation/email.",
cai_1klag93,Minjun Kang,https://vi.kaist.ac.kr/pages/people/,official_institutional_profile,KAIST roster and email identity.,
cai_1klag93,Minjun Kang,https://eccv.ecva.net/virtual/2026/poster/3876,official_conference_record,ECCV target record.,
cai_1klag93,Minjun Kang,,qa_action,,"Normalized work_type for 'Facial Depth and Normal Estimation using Single Dual-Pixel Camera' to canonical ""main conference full paper""."
cai_1gi6tzf,Minkuk Kim,https://ami.khu.ac.kr/people/students/MinKukKim/,official_institutional_profile,"KHU identity, training, affiliation, research.",
cai_1gi6tzf,Minkuk Kim,https://openaccess.thecvf.com/content/CVPR2024/html/Kim_Do_You_Remember_Dense_Video_Captioning_with_Cross-Modal_Memory_Retrieval_CVPR_2024_paper.html,official_proceedings,CVPR 2024 record lists Minkuk Kim first and KHU affiliation.,
cai_1gi6tzf,Minkuk Kim,https://eccv.ecva.net/virtual/2026/poster/4667,official_conference_record,ECCV target record.,
cai_1gi6tzf,Minkuk Kim,,qa_action,,"Normalized work_type for 'Do You Remember? Dense Video Captioning with Cross-Modal Memory Retrieval' to canonical ""main conference full paper""."
cai_xaq0nr,MINSEOK KANG,https://minseokii.github.io/,official_personal_profile,"Identifies Minseok Kang at Yonsei University, lists the ECCV queue paper, and lists Empower Words: DualGround as a NeurIPS 2025 first-author paper.",
cai_xaq0nr,MINSEOK KANG,https://papers.nips.cc/paper_files/paper/2025/hash/8551404ce56cdd69f38f49a5f1dea768-Abstract-Conference.html,official_proceedings,Official NeurIPS 2025 Main Conference record lists Minseok Kang first for Empower Words: DualGround.,
cai_xaq0nr,MINSEOK KANG,,qa_action,,"Normalized work_type for 'Empower Words: DualGround for Structured Phrase and Sentence-Level Temporal Grounding' to canonical ""main conference full paper""."
cai_1nwybj5,Moonsoo Jeong,https://orcid.org/0000-0001-5268-2371,official_orcid,"ORCID identifies MoonSoo Jeong, verified skku.edu email domain, Sungkyunkwan University employment, and related publications.",
cai_1nwybj5,Moonsoo Jeong,https://proceedings.neurips.cc/paper_files/paper/2025/hash/28a46044775d97a4efcbcf14e7f13209-Abstract-Conference.html,official_proceedings,Official NeurIPS 2025 Main Conference record lists Moonsoo Jeong first for DC4GS.,
cai_1nwybj5,Moonsoo Jeong,https://cg.skku.edu/slee/slee-cv.pdf,official_institutional_cv,Official SKKU faculty CV lists the DC4GS NeurIPS 2025 paper with Moonsoo Jeong first.,
cai_1nwybj5,Moonsoo Jeong,,qa_action,,"Normalized work_type for 'DC4GS: Directional Consistency-Driven Adaptive Density Control for 3D Gaussian Splatting' to canonical ""main conference full paper""."
cai_11z16or,Moonyeon Jeong,https://cvlab.uos.ac.kr/,official_institutional_profile,Official UOS CVLab page identifies Moonyeon Jeong as a lab member and records the lab's ECCV 2026 acceptance news.,
cai_11z16or,Moonyeon Jeong,https://cvlab.uos.ac.kr/publications,official_institutional_publication_list,Official UOS CVLab publication list names Moonyeon Jeong first on ViewSplat and contains the lab's prior publications; she is absent from earlier eligible venue entries.,
cai_11z16or,Moonyeon Jeong,https://engraduate.uos.ac.kr/eng/web/bbs/uosen_not01/331?baCommSelec=false&baNotice=false&baOpenDay=false&baUse=true&bcId=uosen_not01&cp=1&sortDirection=DESC&sortOrder=BA_REGDATE,official_university_news,Official University of Seoul news identifies Moonyeon Jeong as ViewSplat lead author and confirms the UOS context.,
cai_1odzw09,MYOUNG-CHUL KIM,https://vslab.khu.ac.kr/team/,official_institutional_profile,Official Kyung Hee Visual Science Lab page identifies MyoungChul Kim as an M.S. student with video anomaly detection research.,
cai_1odzw09,MYOUNG-CHUL KIM,https://ojs.aaai.org/index.php/AAAI/article/download/37512/41474,official_proceedings,Official AAAI 2026 RefineVAD paper lists MyoungChul Kim third; therefore it is not first-listed evidence.,
cai_1odzw09,MYOUNG-CHUL KIM,https://openreview.net/pdf?id=wONGmN1hXL,official_submission_record,"CLUE-VAD appears as an ICLR 2026 under-review submission, not an eligible published main-conference paper by the cutoff.",
cai_f1p5x0,Myungchul Kim,https://kr.linkedin.com/in/myungchul-jaden-kim,professional_profile,"Profile identifies Myungchul Kim as a KAIST PhD candidate, co-advised by Junmo Kim and In So Kweon, and references ARGOS.",
cai_f1p5x0,Myungchul Kim,https://openaccess.thecvf.com/content/CVPR2024/html/Woo_MTMMC_A_Large-Scale_Real-World_Multi-Modal_Camera_Tracking_Benchmark_CVPR_2024_paper.html,official_proceedings,"Official CVPR 2024 record lists Myungchul Kim fourth in MTMMC, so it does not count as first-listed.",
cai_f1p5x0,Myungchul Kim,https://openaccess.thecvf.com/content/WACV2021/html/Kim_The_Devil_Is_in_the_Boundary_Exploiting_Boundary_Representation_for_WACV_2021_paper.html,official_proceedings,"Official WACV 2021 record lists Myungchul Kim first, but WACV is outside this audit's fixed venue scope.",
cai_f1p5x0,Myungchul Kim,https://arxiv.org/abs/2604.12762,official_preprint,"ARGOS lists Myungchul Kim first and is dated April 2026, after the audit cutoff.",
cai_gp25hv,Na Min An,https://namin-an.github.io/assets/pdf/CV_NaMinAn.pdf,official_personal_cv,"Identity, KAIST AI affiliation, advisors, exact ECCV 2026 title, and publication list.",
cai_gp25hv,Na Min An,https://eccv.ecva.net/virtual/2026/poster/3141,official_conference_record,"ECCV 2026 queue paper/poster record for Blind to Position, Biased in Language.",
cai_1vksya3,Nahyuk Lee,https://nahyuklee.github.io/pdf/cv.pdf,official_personal_cv,"Identity, POSTECH affiliation, exact ECCV title, and author-ordered publication list.",
cai_1vksya3,Nahyuk Lee,https://eccv.ecva.net/virtual/2026/poster/3567,official_conference_record,ECCV 2026 queue paper/poster record for TORA.,
cai_1vksya3,Nahyuk Lee,https://openaccess.thecvf.com/content/ICCV2025/html/Lee_Combinative_Matching_for_Geometric_Shape_Assembly_ICCV_2025_paper.html,official_proceedings,ICCV 2025 Combinative Matching paper and author order.,
cai_1vksya3,Nahyuk Lee,https://proceedings.mlr.press/v235/lee24d.html,official_proceedings,ICML 2024 3D Geometric Shape Assembly paper and author order.,
cai_1vksya3,Nahyuk Lee,,qa_action,,"Normalized work_type for 'Combinative Matching for Geometric Shape Assembly' to canonical ""main conference full paper""."
cai_1vksya3,Nahyuk Lee,,qa_action,,"Normalized work_type for '3D Geometric Shape Assembly via Efficient Point Cloud Matching' to canonical ""main conference full paper""."
cai_1hqfvre,Sang-Hun Han,https://sites.google.com/site/hgjeoncv/team,official_institutional_profile,Sang-Hun Han listed as GIST Integrated AI Graduate School member with GIST email.,
cai_1hqfvre,Sang-Hun Han,https://eccv.ecva.net/virtual/2026/poster/4193,official_conference_record,ECCV 2026 queue paper/poster record for PIAvatar.,
cai_1hqfvre,Sang-Hun Han,,qa_action,,Normalized count_confidence from 'low' to 'partial' (allowed enum).
cai_3zlwkk,Sanghyun Jo,https://shjo-april.github.io/,official_personal_profile,"Identity, OGQ role, complete publication list, author order, and venue labels.",
cai_3zlwkk,Sanghyun Jo,https://eccv.ecva.net/virtual/2026/poster/5267,official_conference_record,ECCV 2026 EraseLoRA queue paper/poster record.,
cai_3zlwkk,Sanghyun Jo,https://eccv.ecva.net/virtual/2026/poster/5373,official_conference_record,ECCV 2026 ISAC queue paper/poster record.,
cai_3zlwkk,Sanghyun Jo,https://openaccess.thecvf.com/content/ICCV2025/html/Jo_COIN_Confidence_Score-Guided_Distillation_for_Annotation-Free_Cell_Segmentation_ICCV_2025_paper.html,official_proceedings,ICCV 2025 COIN paper and author order.,
cai_3zlwkk,Sanghyun Jo,https://www.ecva.net/papers/eccv_2024/papers_ECCV/papers/10547.pdf,official_proceedings,ECCV 2024 DHR paper and author order.,
cai_3zlwkk,Sanghyun Jo,https://www.ecva.net/papers/eccv_2024/papers_ECCV/papers/10592.pdf,official_proceedings,ECCV 2024 TTD paper and author order.,
cai_3zlwkk,Sanghyun Jo,https://openaccess.thecvf.com/content/ICCV2023/html/Jo_MARS_Model-agnostic_Biased_Object_Removal_without_Additional_Supervision_for_Weakly-Supervised_ICCV_2023_paper.html,official_proceedings,ICCV 2023 MARS paper and author order.,
cai_3zlwkk,Sanghyun Jo,,qa_action,,"Normalized work_type for 'COIN: Confidence Score-Guided Distillation for Annotation-Free Cell Segmentation' to canonical ""main conference full paper""."
cai_3zlwkk,Sanghyun Jo,,qa_action,,"Normalized work_type for 'DHR: Dual Features-Driven Hierarchical Rebalancing in Inter-and Intra-Class Regions for Weakly-Supervised Semantic Segmentation' to canonical ""main conference full paper""."
cai_3zlwkk,Sanghyun Jo,,qa_action,,"Normalized work_type for 'TTD: Text-Tag Self-Distillation Enhancing Image-Text Alignment in CLIP to Alleviate Single Tag Bias' to canonical ""main conference full paper""."
cai_3zlwkk,Sanghyun Jo,,qa_action,,"Normalized work_type for 'MARS: Model-agnostic Biased Object Removal without Additional Supervision for Weakly-Supervised Semantic Segmentation' to canonical ""main conference full paper""."
cai_14mb7nm,Sangkyu Lee,https://oddqueue.github.io/,official_personal_profile,"Identity, KIST role, education, exact ECCV title, and publication list.",
cai_14mb7nm,Sangkyu Lee,https://eccv.ecva.net/virtual/2026/poster/4249,official_conference_record,ECCV 2026 queue paper/poster record for Spanning Tree Autoregressive Visual Generation.,
cai_14mb7nm,Sangkyu Lee,https://proceedings.neurips.cc/paper_files/paper/2025/file/f5ab4de24e5f366dd0ea690bdc46ed2f-Paper-Conference.pdf,official_proceedings,"NeurIPS 2025 paper, Sangkyu Lee first-listed, and Yonsei affiliation.",
cai_14mb7nm,Sangkyu Lee,,qa_action,,"Normalized work_type for 'KL Penalty Control via Perturbation for Direct Preference Optimization' to canonical ""main conference full paper""."
cai_1cqvt79,Sangmin Han,https://sites.google.com/view/sangmin-han/home,official_personal_site,"Identity, LG Electronics affiliation, research history, ECCV title, and prior publication list.",
cai_1cqvt79,Sangmin Han,https://openaccess.thecvf.com/content/CVPR2025/html/Jeong_Latent_Space_Super-Resolution_for_Higher-Resolution_Image_Generation_with_Diffusion_Models_CVPR_2025_paper.html,official_proceedings,CVPR 2025 LSRNA author order places Sangmin Han after the first author.,
cai_1cqvt79,Sangmin Han,https://openaccess.thecvf.com/content/CVPR2025/html/Kim_ORIDa_Object-centric_Real-world_Image_Composition_Dataset_CVPR_2025_paper.html,official_proceedings,CVPR 2025 ORIDa author order places Sangmin Han after the first author.,
cai_1cqvt79,Sangmin Han,,qa_action,,Repaired broken CVF URL for LSRNA to the live official CVPR 2025 proceedings record.
cai_1cqvt79,Sangmin Han,,qa_action,,Accepted complete zero review: source notes identify an authoritative official publication list/full record reviewed through the cutoff; no eligible first-listed prior was found.
cai_2jvtue,Sangmin Hong,https://sangminhong.github.io/,official_personal_site,"Identity, SNU Computer Vision Lab affiliation, research area, and publication list.",
cai_2jvtue,Sangmin Hong,https://cv.snu.ac.kr/index.php/students/,official_institutional_profile,SNU CVLab directory identifies Sangmin Hong and his computer-vision research.,
cai_2jvtue,Sangmin Hong,https://openaccess.thecvf.com/content/CVPR2023/html/Hong_ACL-SPC_Adaptive_Closed-Loop_System_for_Self-Supervised_Point_Cloud_Completion_CVPR_2023_paper.html,official_proceedings,CVPR 2023 ACL-SPC author order lists Sangmin Hong second.,
cai_2jvtue,Sangmin Hong,https://openaccess.thecvf.com/content/CVPR2024/html/Yavartanoo_CNC-Net_Self-Supervised_Learning_for_CNC_Machining_Operations_CVPR_2024_paper.html,official_proceedings,CVPR 2024 CNC-Net author order lists Sangmin Hong second.,
cai_2jvtue,Sangmin Hong,,qa_action,,Accepted complete zero review: source notes identify an authoritative official publication list/full record reviewed through the cutoff; no eligible first-listed prior was found.
cai_1t1e77d,Sangwon Baik,https://tlb-miss.github.io/,official_personal_site,"Identity, SNU affiliation/advisor, and complete publication listing.",
cai_1t1e77d,Sangwon Baik,https://openaccess.thecvf.com/content/ICCV2025/html/Baik_Learning_3D_Object_Spatial_Relationships_from_Pre-trained_2D_Diffusion_Models_ICCV_2025_paper.html,official_proceedings,ICCV 2025 proceedings list Sangwon Baik first and SNU affiliation.,
cai_1t1e77d,Sangwon Baik,https://openaccess.thecvf.com/content/ICCV2025/papers/Baik_Learning_3D_Object_Spatial_Relationships_from_Pre-trained_2D_Diffusion_Models_ICCV_2025_paper.pdf,official_proceedings_pdf,Official ICCV PDF confirms author order and publication venue/date.,
cai_1s7xdxh,Sangwoo (Jason) Jo,https://github.com/jasonjo97,official_personal_profile,"Identity, Korea University PhD affiliation, and official PCFlow repository link.",
cai_1s7xdxh,Sangwoo (Jason) Jo,https://aii.korea.ac.kr/publications.html,official_institutional_publications,Korea University AI Imaging Lab publication page lists the ECCV 2026 paper and author order; notes prior-to-2026 records are on Google Scholar.,
cai_1s7xdxh,Sangwoo (Jason) Jo,https://kr.linkedin.com/in/sangwoojo,self_reported_profile,Author states ECCV 2026 is a first publication during the PhD; CVPR 2024 item is explicitly a workshop paper.,
cai_40wpfu,Sehyun Lee,https://sailab.kaist.ac.kr/en/members,official_institutional_profile,Official SAIL@KAIST members directory identifies Sehyun Lee and KAIST affiliation.,
cai_40wpfu,Sehyun Lee,https://openaccess.thecvf.com/content/ICCV2025/papers/Kwon_Granular_Concept_Circuits_Toward_a_Fine-Grained_Circuit_Discovery_for_Concept_ICCV_2025_paper.pdf,official_proceedings_pdf,"ICCV 2025 paper lists Dahee Kwon first and Sehyun Lee second, both marked equal contribution, with KAIST affiliation.",
cai_40wpfu,Sehyun Lee,https://proceedings.neurips.cc/paper_files/paper/2023/hash/6274172f7d981a8d58bbfd52342a9d1f-Abstract-Conference.html,official_proceedings,NeurIPS 2023 record lists Byeongchan Lee first and Sehyun Lee second.,
cai_40wpfu,Sehyun Lee,https://sailab.kaist.ac.kr/en/publications,official_institutional_publication_list,Official SAIL@KAIST publications page provides the lab publication record used to verify the candidate’s prior works and author order.,
cai_40wpfu,Sehyun Lee,,qa_action,,Repaired stale SAIL profile URL to the live official SAIL@KAIST members directory.
cai_40wpfu,Sehyun Lee,,qa_action,,Accepted complete zero review: source notes identify an authoritative official publication list/full record reviewed through the cutoff; no eligible first-listed prior was found.
cai_40wpfu,Sehyun Lee,,qa_action,,Added live official SAIL@KAIST publications page to support the exhaustive publication-list review after replacing a stale profile URL.
cai_1bw2xeo,Seo-Yeon Choi,https://jbnu.macs.or.kr/en/people/,official_institutional_profile,Official JBNU MACS Lab directory identifies Seo-Yeon Choi as a master's student in computer science.,
cai_1bw2xeo,Seo-Yeon Choi,https://eccv.ecva.net/virtual/2026/poster/5444,official_proceedings,Official ECVA record identifies Seo-Yeon Choi as first author of the ECCV 2026 candidate paper.,
cai_38vyss,Seohyun Lee,https://www.seohyunleee.com/,official_personal_site,"Official profile establishes Seohyun Lee's KAIST identity, KAIST email, and multimodal/video research.",
cai_38vyss,Seohyun Lee,https://mlv.kaist.ac.kr/people,official_institutional_profile,KAIST MLV Lab directory identifies Seohyun Lee as a KAIST master's student working on multimodal/video understanding.,
cai_38vyss,Seohyun Lee,https://mlv.kaist.ac.kr/publications,official_institutional_publications,Official MLV list records Seohyun Lee first on VideoSearch-R1 (ECCV 2026) and later coauthorships.,
cai_38vyss,Seohyun Lee,https://eccv.ecva.net/virtual/2026/poster/5813,official_proceedings,Official ECVA record identifies Seohyun Lee as first author of the ECCV 2026 candidate paper.,
cai_1u82pxo,Seok-Young Kim,https://seokyoung.com/,official_personal_site,"Official profile establishes Seok-Young Kim's KAIST UVR identity, research area, and first-author ECCV 2026 DeWorldSG.",
cai_1u82pxo,Seok-Young Kim,https://seokyoung.com/cv/,official_cv,Official CV gives KAIST education and publication history; listed prior works are outside the eligible venue/type scope.,
cai_1u82pxo,Seok-Young Kim,https://eccv.ecva.net/virtual/2026/poster/3937,official_proceedings,Official ECVA record identifies Seok-Young Kim as first author of the ECCV 2026 candidate paper.,
cai_1u82pxo,Seok-Young Kim,,qa_action,,Repaired stale CV URL to the live official CV directory.
cai_mfsxnt,Seokha Moon,https://moonseokha.github.io/,official_personal_site,"Official profile establishes Seokha Moon's Korea University identity, email, and autonomous-driving research.",
cai_mfsxnt,Seokha Moon,https://moonseokha.github.io/VisionTrap/,official_personal_project,Official project page identifies Seokha Moon as first author of VisionTrap and gives Korea University affiliation.,
cai_mfsxnt,Seokha Moon,https://www.ecva.net/papers/eccv_2024/papers_ECCV/papers/01005.pdf,official_proceedings,"Official ECCV proceedings PDF lists Seokha Moon first on VisionTrap, ECCV 2024, with Korea University affiliation.",
cai_kh2ms1,Seokhee Jin,https://sung0503.github.io/TPB/,official_personal_project,Official TPB project page identifies Seokhee Jin as first/equal-contributing author and gives KT Corporation/POSTECH affiliations for the ECCV candidate.,
cai_kh2ms1,Seokhee Jin,https://sites.google.com/view/jungseulok,official_institutional_profile,Official POSTECH advisor page lists Seokhee Jin among Machine Learning Lab alumni as an MS student graduating Spring 2026.,
cai_kh2ms1,Seokhee Jin,https://openreview.net/forum?id=qBeCCzD3Ij,official_proceedings,"Official OpenReview record identifies Seokhee Jin as a coauthor of Active Prompt Learning with Vision-Language Model Priors (TMLR 2025), which is outside the fixed venue scope.",
cai_kh2ms1,Seokhee Jin,https://eccv.ecva.net/virtual/2026/poster/4284,official_proceedings,Official ECVA record identifies Seokhee Jin as first author of the ECCV 2026 candidate paper.,
cai_mpz21o,Seokju Yun,https://davian.kaist.ac.kr/people,official_institutional_profile,"KAIST DAVIAN lists Seokju Yun, KAIST email, and research areas.",
cai_mpz21o,Seokju Yun,https://www.uos.ac.kr/eng/web/bbs/uosen_not01/294?baCommSelec=false&baNotice=false&baOpenDay=false&baUse=true&bcId=uosen_not01&cp=4&sortDirection=DESC&sortOrder=BA_REGDATE,official_institutional_news,University of Seoul identifies Seokju Yun in the Youngmin Ro team whose SoMA paper was accepted to CVPR 2025.,
cai_mpz21o,Seokju Yun,https://eccv.ecva.net/virtual/2026/poster/4586,official_eccv_record,ECCV 2026 official poster record identifies the candidate's paper and first author.,
cai_mpz21o,Seokju Yun,https://openaccess.thecvf.com/content/CVPR2025/html/Yun_SoMA_Singular_Value_Decomposed_Minor_Components_Adaptation_for_Domain_Generalizable_CVPR_2025_paper.html,official_proceedings,CVF proceedings verify SoMA as CVPR 2025 and list Seokju Yun first.,
cai_xku1g9,SeokYeong Lee,https://kr.linkedin.com/in/seokyeong-lee-852a96191,professional_profile,"Profile identifies SeokYeong Lee at KAIST and lists MAIR, MAIR++, AAAI, and PLOT publication history.",
cai_xku1g9,SeokYeong Lee,https://openaccess.thecvf.com/content/CVPR2023/html/Choi_MAIR_Multi-View_Attention_Inverse_Rendering_With_3D_Spatially-Varying_Lighting_Estimation_CVPR_2023_paper.html,official_proceedings,CVF proceedings verify MAIR as CVPR 2023 and list SeokYeong Lee second.,
cai_xku1g9,SeokYeong Lee,https://eccv.ecva.net/virtual/2026/poster/4690,official_eccv_record,ECCV 2026 official poster record identifies the candidate's PLOT paper and first author.,
cai_xku1g9,SeokYeong Lee,,qa_action,,Removed evidence row 'MAIR: Multi-View Attention Inverse Rendering With 3D Spatially-Varying Lighting Estimation': authorship basis explicitly states author is not first-listed; evidence_rows is restricted to first-listed eligible works.
cai_1yx3xks,Seonghak Lee,https://lseonghak.github.io/website/,official_personal_site,Personal site identifies Seonghak Lee at Chung-Ang University and lists URHead and prior publication history.,
cai_1yx3xks,Seonghak Lee,https://eccv.ecva.net/virtual/2026/poster/4747,official_eccv_record,ECCV 2026 official poster record identifies URHead and Seonghak Lee as first author.,
cai_19esvks,Seonghwan Park,https://shpark97.github.io/,official_personal_site,"Official site identifies Seonghwan Park at KETI/POSTECH and lists the ECCV 2026, NeurIPS 2025, and ICLR 2025 publications.",
cai_19esvks,Seonghwan Park,https://eccv.ecva.net/virtual/2026/poster/5630,official_eccv_record,ECCV 2026 official poster record identifies the candidate paper and first author.,
cai_19esvks,Seonghwan Park,https://proceedings.neurips.cc/paper_files/paper/2025/hash/084de6d7423c3b7af111e091799e4074-Abstract-Conference.html,official_proceedings,NeurIPS proceedings verify the 2025 main-conference paper and list Seonghwan Park first.,
cai_19esvks,Seonghwan Park,https://openreview.net/attachment?id=2OegVbwvY2&name=pdf,official_openreview_proceedings,OpenReview verifies ZIP as an ICLR 2025 conference paper and lists Seonghwan Park first.,
cai_1a61p0s,Seonghyun Jin,https://jinotter3.github.io/,official_personal_site,Personal site identifies Seonghyun Jin as a KAIST AI integrated MS/PhD student and lists FILT3R.,
cai_1a61p0s,Seonghyun Jin,https://bispl-website.github.io/people/,official_institutional_lab_profile,"KAIST BISPL people page lists Seonghyun Jin, KAIST email, and SNU background.",
cai_1a61p0s,Seonghyun Jin,https://eccv.ecva.net/virtual/2026/poster/4732,official_eccv_record,ECCV 2026 official poster record identifies FILT3R and Seonghyun Jin as first author.,
cai_12g2vk1,Seongmin Jung,https://seongminjung.github.io/,official_personal_profile,Identifies Seongmin Jung as an SNU Robot Vision Lab master's student and lists PanoGrounder with Jung first.,
cai_12g2vk1,Seongmin Jung,https://eccv.ecva.net/virtual/2026/poster/4323,official_conference_record,"Official ECCV 2026 record for PanoGrounder, the candidate paper.",
cai_12g2vk1,Seongmin Jung,https://arxiv.org/abs/2512.20907,official_preprint_record,PanoGrounder author list has Seongmin Jung first and matches the candidate title.,
cai_z352tg,Seongyu Kim,https://seongyukim.github.io/,official_personal_profile,Identifies Seongyu Kim as a KAIST M.S./Ph.D. student and lists See & Sniff with Kim first plus later CVPR papers.,
cai_z352tg,Seongyu Kim,https://mm.kaist.ac.kr/projects/SeeandSniff/,official_institutional_project,KAIST Multimodal AI Lab project page for See & Sniff and its author/team context.,
cai_z352tg,Seongyu Kim,https://eccv.ecva.net/virtual/2026/poster/4376,official_conference_record,"Official ECCV 2026 record for See & Sniff, the candidate paper.",
cai_z352tg,Seongyu Kim,https://openaccess.thecvf.com/content/CVPR2025/html/Ryu_Seeing_Speech_and_Sound_Distinguishing_and_Locating_Audio_Sources_in_Visual_Scenes_CVPR_2025_paper.html,official_proceedings,"CVPR 2025 Seeing Speech and Sound lists Hyeonggon Ryu first and Seongyu Kim second, so it is not first-listed for Kim.",
cai_1b0qrk4,Seonho Lee,https://glanceyes.github.io/,official_personal_profile,Identifies Seonho Lee's Sogang/KAIST background and vision-language research profile.,
cai_1b0qrk4,Seonho Lee,https://sites.google.com/view/cvml-kaist/publications,official_institutional_lab,KAIST CVML publication list records Seonho Lee on Fine-Grained Image-Text Correspondence (CVPR 2025) as a non-first author.,
cai_1b0qrk4,Seonho Lee,https://eccv.ecva.net/virtual/2026/poster/5958,official_conference_record,"Official ECCV 2026 record for Remembering Across Blocks, the candidate paper.",
cai_1b0qrk4,Seonho Lee,https://openaccess.thecvf.com/content/CVPR2025/html/Choi_Fine-Grained_Image-Text_Correspondence_with_Cost_Aggregation_for_Open-Vocabulary_Part_Segmentation_CVPR_2025_paper.html,official_proceedings,Official CVPR 2025 record lists Jiho Choi first and Seonho Lee second.,
cai_10dcrrm,Seonmi Park,https://seonmip.github.io/,official_personal_profile,"Identifies Seonmi Park as a GIST Ph.D. student and lists OnOff (ECCV 2026) and KineTy (ECCV 2024), both Park first-listed.",
cai_10dcrrm,Seonmi Park,https://eccv.ecva.net/virtual/2026/poster/3674,official_conference_record,"Official ECCV 2026 record for OnOff, the candidate paper.",
cai_10dcrrm,Seonmi Park,https://www.ecva.net/papers/eccv_2024/papers_ECCV/papers/05000.pdf,official_proceedings,Official ECCV 2024 proceedings PDF for KineTy; author list begins Seonmi Park and the work is a main-conference paper.,
cai_10dcrrm,Seonmi Park,,qa_action,,"{""action"":""normalized_count_confidence"",""from"":""lower_bound"",""to"":""partial"",""reason"":""Allowed confidence vocabulary and conservative completeness rule.""}"
cai_1j0rfa6,Seulgi Jeong,https://eccv.ecva.net/virtual/2026/poster/5686,official_conference_record,Official ECCV 2026 record identifies candidate H-Adapter first author Seulgi Jeong and SNOW Corporation affiliation.,
cai_1j0rfa6,Seulgi Jeong,https://openaccess.thecvf.com/content/ICCV2025W/P13N/papers/Jeong_MINDiff_Mask-Integrated_Negative_Attention_for_Controlling_Overfitting_in_Text-to-Image_Personalization_ICCVW_2025_paper.pdf,official_workshop_proceedings,Official ICCV 2025 workshop paper identifies a first-author Seulgi Jeong affiliated with Kyungpook National University; workshop status makes it ineligible.,
cai_1j0rfa6,Seulgi Jeong,https://sanghunpark.github.io/resume/,official_personal_profile,"Coauthor's official resume lists H-Adapter with Seulgi Jeong first and SNOW-related research context, but does not uniquely resolve Jeong's identity.",
cai_1j0rfa6,Seulgi Jeong,,qa_action,,"{""action"":""normalized_count_confidence"",""from"":""low"",""to"":""unresolved"",""reason"":""Allowed confidence vocabulary and conservative completeness rule.""}"
cai_1j0rfa6,Seulgi Jeong,,review_status,,identity_unresolved_prior_work_incomplete
cai_1lzj1na,Seunghun Baek,https://habaek4.github.io/,official_personal_profile,Identifies Seunghun Baek at POSTECH and gives matching research interests and ECCV 2026 context.,
cai_1lzj1na,Seunghun Baek,https://habaek4.github.io/assets/pdf/CV.pdf,official_personal_cv,"Lists Seunghun Baek's publications and author order, including the pre-cutoff CVPR 2025 Mark4D record where he is fifth-listed.",
cai_1lzj1na,Seunghun Baek,https://eccv.ecva.net/virtual/2026/poster/3678,official_proceedings,Official ECVA record for the matching ECCV candidate paper and poster 3678.,
cai_1e8w2lv,Seunghyeon Kim,https://ace.postech.ac.kr/people,official_institutional_profile,POSTECH lab page lists Seunghyeon Kim and his POSTECH email address.,
cai_1e8w2lv,Seunghyeon Kim,https://arxiv.org/abs/2510.04547,official_preprint_record,"Official arXiv record gives the matching vision-encoder quantization title, Seunghyeon Kim as first author, and 2025-10-06 date.",
cai_1e8w2lv,Seunghyeon Kim,https://eccv.ecva.net/virtual/2026/poster/5152,official_proceedings,Official ECVA record for the matching ECCV candidate paper and poster 5152.,
cai_hebl81,Seunghyun Shin,https://www.seunghyunshin.com/,official_personal_profile,"Identifies Seunghyun Shin at GIST and lists TriMotion, CVPR 2024 Close Imitation, and ICCV 2025 Video Color Grading.",
cai_hebl81,Seunghyun Shin,https://openaccess.thecvf.com/content/CVPR2024/html/Shin_Close_Imitation_of_Expert_Retouching_for_Black-and-White_Photography_CVPR_2024_paper.html,official_proceedings,Official CVF record lists Seunghyun Shin first for the CVPR 2024 paper.,
cai_hebl81,Seunghyun Shin,https://openaccess.thecvf.com/content/ICCV2025/html/Shin_Video_Color_Grading_via_Look-Up_Table_Generation_ICCV_2025_paper.html,official_proceedings,Official CVF record lists Seunghyun Shin first for the ICCV 2025 paper.,
cai_hebl81,Seunghyun Shin,https://eccv.ecva.net/virtual/2026/poster/3398,official_proceedings,Official ECVA record for the matching TriMotion ECCV candidate paper and poster 3398.,
cai_hebl81,Seunghyun Shin,,qa_action,,"{""action"":""normalized_count_confidence"",""from"":""high"",""to"":""partial"",""reason"":""Allowed confidence vocabulary and conservative completeness rule.""}"
cai_mphq7f,SeungJun Tak,https://sites.google.com/view/taks-personal-page/,official_personal_profile,"Identifies SeungJun Tak at Sungkyunkwan University, research interests, and matching SLAM/LiDAR topic.",
cai_mphq7f,SeungJun Tak,https://lair.skku.edu/publication,official_institutional_publication_record,SKKU lab page lists Real-Time LiDAR Gaussian Splatting SLAM with SeungJun Tak first and ECCV 2026 venue.,
cai_mphq7f,SeungJun Tak,https://eccv.ecva.net/virtual/2026/poster/3180,official_proceedings,Official ECVA record for the matching ECCV candidate paper and poster 3180.,
cai_1itydzn,Seungyeon Lee,https://openreview.net/profile?id=~Seungyeon_Lee1,official_institutional_profile,OpenReview profile identifies Seungyeon Lee as a Kyungpook National University PhD student with confirmed KNU email and timeline.,
cai_1itydzn,Seungyeon Lee,https://eccv.ecva.net/virtual/2026/poster/4769,official_proceedings,"Official ECVA record gives the matching paper title, venue, poster number, and Seungyeon Lee first-listed.",
cai_1nugdnl,Shingeon Kim,https://ais.snu.ac.kr/members/ShingeonKim.html,official_institutional_profile,"Official SNU AISys Lab profile identifies Shingeon Kim, SNU ECE affiliation, research area, and STARLINC ECCV 2026 publication.",
cai_3e36ya,Siwoo Lim,https://siw00-lim.github.io/,official_personal_site,"Official site identifies Siwoo Lim as a KAIST integrated PhD student and lists TanGO, GADA, and InSpace with author order and venues.",
cai_9kzriy,Sojung An,https://utl.korea.ac.kr/team/,official_institutional_profile,Official Korea University UTL page identifies Sojung An as a PhD student and gives her Korea University affiliation/email.,
cai_9kzriy,Sojung An,https://utl.korea.ac.kr/publications/,official_institutional_publications,Official UTL publication list records Sojung An's ECCV LoCA paper and her earlier workshop/journal works with author order and venues.,
cai_r6mnbm,Soobin Park,https://parksoobin1219.github.io/SA-V2V/,official_project_page,Official SA-V2V project page lists Soobin Park first and Sookmyung Women's University affiliation.,
cai_r6mnbm,Soobin Park,https://ipa.korea.ac.kr/pub.html,official_institutional_publications,Official Korea University IPA publication page records the CVPR/ICCV projects and Soobin Park's non-first author positions.,
cai_r6mnbm,Soobin Park,https://shhh0620.github.io/IDS/,official_project_page,Official CVPR 2025 IDS project page lists Soobin Park third with Sookmyung Women's University affiliation.,
cai_r6mnbm,Soobin Park,https://jwonkm.github.io/DRF/,official_project_page,Official ICCV 2025 DRF project page lists Soobin Park fourth with Sookmyung Women's University affiliation.,
cai_12jd1n6,Soyeon Kim,https://sail.kaist.ac.kr/en/people/soyeon-kim,official_institutional_profile,"Official KAIST SAIL profile identifies Soyeon Kim, KAIST affiliation, research interests, and publication list including Diffusion Integrated Gradients ECCV 2026.",
cai_12jd1n6,Soyeon Kim,https://xai.kaist.ac.kr/research/publication/?page=2,official_institutional_publications,Official KAIST/XAIC publication list records Soyeon Kim's earlier non-scoped HCII work and related publication context.,
cai_1q5lcj,Suhyeon Ha,https://suhyeonha.github.io/,official_personal_site,"Identity, KAIST affiliation, research history, ECCV 2026 APT authorship, and publication list.",
cai_1q5lcj,Suhyeon Ha,https://sgvr.kaist.ac.kr/member/suhyeon-ha/,official_institutional_profile,KAIST SGVR profile identifies Suhyeon Ha in computer vision.,
cai_1yvzovh,Sung-Hoon Yoon,https://scholar.dgist.ac.kr/browse-researcher?filter_field_1=nstscs_top_code&filter_field_2=nstscs_mid_code&filter_type_1=equals&filter_type_2=equals&filter_value_1=EE&filter_value_2=EE02&offset=12&page=2&query=&starts_with=,official_institutional_profile,DGIST directory identifies Sung-Hoon Yoon and research area.,
cai_1yvzovh,Sung-Hoon Yoon,https://vi.kaist.ac.kr/assets/docs/Prof_Kuk-Jin_Yoon_CV.pdf,official_lab_cv,KAIST VILab CV records Sung-Hoon Yoon as a KAIST PhD candidate/alumnus.,
cai_1yvzovh,Sung-Hoon Yoon,https://www.ecva.net/papers/eccv_2024/papers_ECCV/html/4729_ECCV_2024_paper.php,official_proceedings,"Official ECVA metadata gives author order for a prior ECCV paper; Sung-Hoon Yoon is third, not first.",
cai_t65o4r,Sunggu Kyung,https://eccv.ecva.net/Conferences/2026/AcceptedPapers,official_conference_record,Official ECCV accepted-paper list gives candidate title and Sunggu Kyung as first author.,
cai_t65o4r,Sunggu Kyung,https://www.researchgate.net/profile/Sunggu-Kyung,institution_linked_publication_profile,Profile links Sunggu Kyung to University of Ulsan/Asan Medical Center and medical-imaging publications/collaborators.,
cai_1wmyvnw,SungHun Kim,https://singkru.github.io/,official_institutional_lab_page,Korea University lab page identifies SungHun Kim and lists Q-TriM.,
cai_1wmyvnw,SungHun Kim,https://arxiv.org/abs/2607.03825,official_preprint_record,Q-TriM record identifies SungHun Kim as first author; publication is post-cutoff and not counted.,
cai_11rcyvl,Sungjune Kim,https://sungjune-kim.github.io/,official_personal_site,"Identity, Korea University affiliation, ECCV 2026 candidate title, and publication list.",
cai_11rcyvl,Sungjune Kim,https://sungjune-kim.github.io/assets/files/curriculum_vitae.pdf,official_cv,Official CV confirms Korea University education and prior CVPR/ECCV first-author papers.,
cai_11rcyvl,Sungjune Kim,https://openaccess.thecvf.com/content/CVPR2024/html/Kim_Higher-order_Relational_Reasoning_for_Pedestrian_Trajectory_Prediction_CVPR_2024_paper.html,official_proceedings,CVPR 2024 metadata lists Sungjune Kim first and Korea University affiliation.,
cai_11rcyvl,Sungjune Kim,https://www.ecva.net/papers/eccv_2024/papers_ECCV/html/7336_ECCV_2024_paper.php,official_proceedings,ECVA metadata lists Sungjune Kim first for ECCV 2024.,
cai_1qjm8mt,Sungwoong Yune,https://castlab.kaist.ac.kr/team/sungwoong-yune/,official_institutional_profile,KAIST profile identifies Sungwoong Yune and lists FastSTAR at ECCV 2026.,
cai_1qjm8mt,Sungwoong Yune,https://eccv.ecva.net/virtual/2026/poster/5679,official_proceedings,ECCV poster record identifies the candidate paper and author.,
cai_r292ys,Sunyoung Jung,https://sunyj-hxppy.github.io/,official_personal_site,"Identity, Yonsei affiliation, research area, ECCV 2026 paper, and publication history.",
cai_r292ys,Sunyoung Jung,https://sites.google.com/yonsei.ac.kr/micv/members,official_institutional_profile,Yonsei MICV members page lists Sunyoung Jung as a PhD student in AI with diffusion-model research.,
cai_r292ys,Sunyoung Jung,https://eccv.ecva.net/virtual/2026/poster/3621,official_proceedings,ECCV poster record identifies the candidate paper.,
cai_hwa1vk,Suwoong Yeom,https://github.com/YeomSuWoong,official_personal_profile,"Identity, Sogang affiliation, lab, and ORCID link.",
cai_hwa1vk,Suwoong Yeom,https://arxiv.org/abs/2604.00538,official_preprint_record,"TRiGS record lists Suwoong Yeom first; dated 2026-04-01, after cutoff and not countable.",
cai_hwa1vk,Suwoong Yeom,https://eccv.ecva.net/virtual/2026/poster/5074,official_proceedings,ECCV poster record identifies the candidate paper.,
cai_1054qqb,Suyoung Yang,https://eccv.ecva.net/Conferences/2026/AcceptedPapers,official_conference_listing,Official ECCV listing confirms the candidate title and Suyoung Yang authorship.,
cai_1054qqb,Suyoung Yang,https://eccv.ecva.net/virtual/2026/poster/5723,official_proceedings,ECCV poster record identifies the candidate paper.,
cai_1054qqb,Suyoung Yang,,review_status,,identity_unresolved_prior_work_incomplete
cai_1cjlfph,Taeho Kang,https://tho-kn.github.io/,official_personal_site,"Identity, SNU affiliation, research profile, ECCV 2026 title, and CVPR 2024 prior-paper listing.",
cai_1cjlfph,Taeho Kang,https://openaccess.thecvf.com/content/CVPR2024/html/Kang_Attention-Propagation_Network_for_Egocentric_Heatmap_to_3D_Pose_Lifting_CVPR_2024_paper.html,official_proceedings,"CVF proceedings page verifies CVPR 2024 venue, date, title, and Taeho Kang as first-listed author.",
cai_1cjlfph,Taeho Kang,https://eccv.ecva.net/virtual/2026/poster/4552,official_proceedings,ECCV poster record identifies the candidate paper.,
cai_kxnc4p,Taehoon Kim,https://sites.google.com/vilab.cau.ac.kr/thkim/home,institutional_profile,Official CAU VILab profile identifies Taehoon Kim and lists the ECCV 2026 candidate paper and CAU affiliation.,
cai_kxnc4p,Taehoon Kim,https://openaccess.thecvf.com/content/ICCV2025/html/Kim_Beyond_Spatial_Frequency_Pixel-wise_Temporal_Frequency-based_Deepfake_Video_Detection_ICCV_2025_paper.html,official_proceedings,Official ICCV 2025 proceedings list Beyond Spatial Frequency: Pixel-wise Temporal Frequency-based Deepfake Video Detection with Taehoon Kim first.,
cai_1ek7qzh,Taehun Kong,https://kr.linkedin.com/in/taehun-kong-0521973bb,identity_profile,"Identity-linked profile associates Taehun Kong with LG Electronics, prior KAIST KCVL study, STVFocus ECCV 2026 first authorship, and ICRA 2026 first authorship.",
cai_1ek7qzh,Taehun Kong,https://sites.google.com/view/tkkim/publications,institutional_publication_list,Official Tae-Kyun Kim lab publication list records Learning Adaptive Pseudo-Label Selection for Semi-Supervised 3D Object Detection by T. Kong and T-K. Kim at ICRA 2026.,
cai_1ek7qzh,Taehun Kong,https://arxiv.org/abs/2509.23880,official_preprint,"Primary paper record gives the title and author order Taehun Kong, Tae-Kyun Kim.",
cai_1ek7qzh,Taehun Kong,,qa_action,,"{""action"":""removed_evidence_row"",""title"":""Learning Adaptive Pseudo-Label Selection for Semi-Supervised 3D Object Detection"",""venue"":""ICRA"",""reason"":""ICRA 2026 work is post-cutoff under the audit instructions, regardless of the shard date label.""}"
cai_pp6710,Taeryung Lee,https://taeryunglee.github.io/,official_personal_profile,Official SNU profile identifies Taeryung Lee and lists SIGNER at ECCV 2026 and Human Part-wise 3D Motion Context Learning for Sign Language Recognition at ICCV 2023.,
cai_pp6710,Taeryung Lee,https://openaccess.thecvf.com/content/ICCV2023/html/Lee_Human_Part-Wise_3D_Motion_Context_Learning_for_Sign_Language_Recognition_ICCV_2023_paper.html,official_proceedings,Official CVF proceedings list Human Part-wise 3D Motion Context Learning for Sign Language Recognition with Taeryung Lee first.,
cai_pp6710,Taeryung Lee,https://taeryunglee.github.io/asset/cv.pdf,official_cv,"Official CV identifies SNU affiliation, ICCV 2023 first-author paper, ICLR 2023 non-first paper, and CVPR 2024 workshop item.",
cai_1q7jif8,Taewon Seo,https://taewon-seo.github.io/,official_personal_profile,Official DGIST ISL profile identifies Taewon Seo and lists the ECCV 2026 candidate paper with Seo first.,
cai_jh8r6a,Taewook Kang,https://twkang43.github.io/,official_personal_profile,"Official SNU profile identifies Taewook Kang and lists Domain Arithmetic at ECCV 2026 with Kang first, plus later ICML 2026 and out-of-scope works.",
cai_jh8r6a,Taewook Kang,https://snumprlab.github.io/pub.html,institutional_publication_list,"Official SNU lab publication page lists Domain Arithmetic as ECCV 2026 and SCALE as ICML 2026, both after the cutoff for this audit.",
cai_1s5beor,Taeyeon Kim,https://xodus777.github.io/,official_personal_site,"Identity, KAIST affiliation, MorphGS title, and publication history match the ECCV candidate.",
cai_1s5beor,Taeyeon Kim,https://ecva.net/virtual/2026/poster/4778,official_proceedings,ECVA record identifies Taeyeon Kim as first author of MorphGS with KAIST affiliation.,
cai_1s5beor,Taeyeon Kim,https://aiassociation.kr/data/%5B%ED%95%A9%EB%B3%B8%5D%20%ED%95%9C%EA%B5%AD%EC%9D%B8%EA%B3%B5%EC%A7%80%EB%8A%A5%ED%95%99%ED%9A%8C-2024%20%ED%95%98%EA%B3%84%ED%95%99%EC%88%98%ED%9A%8C%20%EB%85%BC%EB%AC%B8%EC%A7%91.pdf,official_proceedings,Official Korean AI Association proceedings list Taeyeon Kim's 2024 domestic conference work.,
cai_wa4xuq,Tomislav Dobrički,https://openreview.net/profile?id=~Tomislav_Dobri%C4%8Dki1,official_profile,OpenReview profile identifies Tomislav Dobrički as a Chung-Ang University PhD student and links his institutional email.,
cai_wa4xuq,Tomislav Dobrički,https://journal-home.s3.ap-northeast-2.amazonaws.com/site/ictc2022/contents/ICTC2022_Advance_Program_r2.pdf,official_conference_program,ICTC 2022 official program lists Tomislav Dobrički with Chung-Ang University.,
cai_wa4xuq,Tomislav Dobrički,https://ecva.net/virtual/2026/poster/3364,official_proceedings,ECVA record identifies Tomislav Dobrički as first author of the ECCV candidate paper.,
cai_1ojpzxs,Wongyun Yu,https://wongyun-yu.github.io/,official_personal_site,"Identity, POSTECH affiliation, CV/robotics profile, and publication history match the ECCV candidate.",
cai_1ojpzxs,Wongyun Yu,https://wongyun-yu.github.io/cv.pdf?v=2,official_cv,Official CV lists ICCV 2025 and IEEE Access 2023 works and author order.,
cai_1ojpzxs,Wongyun Yu,https://openaccess.thecvf.com/content/ICCV2025/html/Yu_Axis-level_Symmetry_Detection_with_Group-Equivariant_Representation_ICCV_2025_paper.html,official_proceedings,CVF proceedings list Wongyun Yu first for the ICCV 2025 paper and show POSTECH affiliation.,
cai_1ojpzxs,Wongyun Yu,https://doi.org/10.1109/ACCESS.2023.3325392,official_publisher,IEEE DOI record identifies the 2023 IEEE Access paper by Won-Gyun Yu and Yong Seok Heo.,
cai_3qeim2,Wonjin Cho,https://likesnu.snu.ac.kr/usr/article/articleDetail.do?article_id=SNUA_000000035194624&lang=en,official_institutional_record,SNU LikeSNU record identifies Wonjin Cho as an SNU author on Zero-shot Quantization: A Comprehensive Survey.,
cai_3qeim2,Wonjin Cho,https://www.ijcai.org/proceedings/2025/1167.pdf,official_proceedings,"IJCAI 2025 official paper lists Minjun Kim, Jaehyeon Choi, Jongkeun Lee, Wonjin Cho, and U Kang in that order with SNU affiliations.",
cai_3qeim2,Wonjin Cho,https://ecva.net/virtual/2026/poster/4699,official_proceedings,ECVA record identifies Wonjin Cho as first author of the ECCV candidate paper.,
cai_1x65kxi,WonJun Moon,https://wjun0830.github.io/,official_personal_site,"Identity, Sungkyunkwan University history, ECCV candidate title, and publication history match the queue candidate.",
cai_1x65kxi,WonJun Moon,https://openaccess.thecvf.com/content/CVPR2023/html/Moon_Query-Dependent_Video_Representation_for_Moment_Retrieval_and_Highlight_Detection_CVPR_2023_paper.html,official_proceedings,CVF proceedings list WonJun Moon first for the CVPR 2023 paper.,
cai_1x65kxi,WonJun Moon,https://ojs.aaai.org/index.php/AAAI/article/download/25284/25056,official_proceedings,AAAI proceedings list WonJun Moon first for the AAAI 2023 paper and identify Sungkyunkwan University.,
cai_1x65kxi,WonJun Moon,https://ecva.net/virtual/2026/poster/3321,official_proceedings,ECVA record identifies WonJun Moon as first author of the ECCV candidate paper.,
cai_1x65kxi,WonJun Moon,,qa_action,,"{""action"":""removed_evidence_row"",""title"":""Minority-Oriented Vicinity Expansion with Attentive Aggregation for Video Long-Tailed Recognition"",""venue"":""AAAI"",""reason"":""Venue AAAI is outside the fixed venue scope.""}"
cai_7bajau,Woo Jae Kim,https://wkim97.github.io/,official_personal_profile,Identifies Woo Jae Kim at KAIST and lists research/publication history matching the ECCV candidate.,
cai_7bajau,Woo Jae Kim,https://wkim97.github.io/resources/cv.pdf,official_personal_cv,"Lists the candidate's dated publication record and author order, including CVPR 2023 and later works.",
cai_7bajau,Woo Jae Kim,https://eccv.ecva.net/virtual/2026/poster/5012,official_conference_record,"Official ECCV 2026 record for RoME, first-listed Woo Jae Kim with KAIST affiliation.",
cai_6zg8qo,Wooseok Jang,https://woo1726.github.io/,official_personal_profile,"Identifies Wooseok Jang at KAIST, lists the ECCV queue title and dated publication history including ICLR 2024 and ICCV 2023.",
cai_6zg8qo,Wooseok Jang,https://eccv.ecva.net/virtual/2026/poster/3136,official_conference_record,Official ECCV 2026 record for Repurposing Geometric Foundation Models for Multi-view Diffusion.,
cai_1tvgayn,Xiangyu Sun,https://iris.skku.edu/authors/xiangyu-sun/,official_institutional_lab,Official SKKU IRIS Lab author page for Xiangyu Sun with 3D reconstruction research context.,
cai_1tvgayn,Xiangyu Sun,https://arxiv.org/abs/2508.03643,official_preprint_record,"Official preprint record lists Xiangyu Sun on Uni3R, establishing topic/collaborator continuity; Sun is not first-listed on this work.",
cai_1tvgayn,Xiangyu Sun,https://eccv.ecva.net/virtual/2026/poster/4942,official_conference_record,Official ECCV 2026 record for Raymap-Guided Coupling for Drift-Robust Unposed Feed-Forward 3D Reconstruction.,
cai_9o9eef,Yeeun Choi,https://choi-yeeun.github.io/,official_personal_profile,Identifies Yeeun Choi at Yonsei University and lists the ECCV 2026 queue title plus ICCV 2025 authorship order.,
cai_9o9eef,Yeeun Choi,https://arxiv.org/abs/2509.12145,official_preprint_record,"Official preprint record for the ICCV 2025 streaming-video paper; Yeeun Choi is fourth-listed, not first.",
cai_9o9eef,Yeeun Choi,https://eccv.ecva.net/virtual/2026/poster/5468,official_conference_record,Official ECCV 2026 record for Keep It Simple: Multi-Key Episodic Memory Retrieval for Ultra-Long Video Understanding.,
cai_9o9eef,Yeeun Choi,,qa_action,,"{""action"":""downgraded_zero_review"",""reason"":""No authoritative exhaustive publication record supporting a complete zero was identified.""}"
cai_jx2bx,Yeeun Seong,https://cilabs.kaist.ac.kr/members/ph-d,official_institutional_lab,Official KAIST CI Lab PhD-student page lists Yeeun Seong.,
cai_jx2bx,Yeeun Seong,https://cilabs.kaist.ac.kr/research/publications,official_institutional_publications,Official KAIST CI Lab publication list gives RainODE author order and equal-contribution note.,
cai_jx2bx,Yeeun Seong,https://eccv.ecva.net/virtual/2026/poster/4156,official_conference_record,Official ECCV 2026 record for RainODE: Continuous-Time Precipitation Forecasting with Latent Neural ODEs.,
cai_14sbmjs,Yejee Shin,https://yonsei.elsevierpure.com/en/publications/anatomical-consistency-and-adaptive-prior-informed-transformation/,official_institutional_repository,"Yonsei repository identifies Yejee Shin first, with Yonsei affiliation and matching MRI/diffusion research.",
cai_14sbmjs,Yejee Shin,https://openaccess.thecvf.com/content/CVPR2025/html/Shin_Anatomical_Consistency_and_Adaptive_Prior-informed_Transformation_for_Multi-contrast_MR_Image_Synthesis_via_Diffusion_Model_CVPR_2025_paper.html,official_proceedings,"CVPR 2025 official CVF record verifies title, venue, author order, and publication.",
cai_14sbmjs,Yejee Shin,https://eccv.ecva.net/virtual/2026/poster/5224,official_conference_record,ECCV record identifies Yejee Shin first on the candidate paper.,
cai_1vznhth,Yeobin Hong,https://yeobinhong.github.io/,official_personal_site,"Official profile identifies Yeobin Hong, KAIST AI education, research area, and ECCV 2026 publication list.",
cai_1vznhth,Yeobin Hong,https://eccv.ecva.net/virtual/2026/poster/4456,official_conference_record,ECCV record identifies Yeobin Hong first on InverseCrafter.,
cai_zv9xh,Yeonghwan Song,https://jeanyson.github.io/lab/members/,official_institutional_profile,Official GIST ViRL Lab page lists Yeonghwan Song as an integrated graduate student and gives a GIST email.,
cai_zv9xh,Yeonghwan Song,https://jeanyson.github.io/lab/publications/,official_lab_publications,Official GIST lab publication list records Yeonghwan Song first on ICCV 2023 and second on CVPR 2025.,
cai_zv9xh,Yeonghwan Song,https://openaccess.thecvf.com/content/ICCV2023/html/Song_Unsupervised_Object_Localization_with_Representer_Point_Selection_ICCV_2023_paper.html,official_proceedings,"ICCV 2023 official CVF record verifies the paper title, venue, and Yeonghwan Song first-listed authorship.",
cai_zv9xh,Yeonghwan Song,https://eccv.ecva.net/virtual/2026/poster/3308,official_conference_record,ECCV record identifies Yeonghwan Song first on Anti-Prompt.,
cai_2nl7la,YeonGyu Han,https://eccv.ecva.net/virtual/2026/poster/3700,official_conference_record,ECCV record identifies YeonGyu Han first on DRPO and the candidate paper.,
cai_2nl7la,YeonGyu Han,https://www.snuh.org/global/en/about/newsView.do?bbs_no=7074,official_institutional_context,"SNUH official page documents the hospital's Healthcare AI research center, but does not uniquely identify YeonGyu Han.",
cai_2nl7la,YeonGyu Han,,qa_action,,"{""action"":""normalized_count_confidence"",""from"":""none"",""to"":""unresolved"",""reason"":""Allowed confidence vocabulary and conservative completeness rule.""}"
cai_2nl7la,YeonGyu Han,,review_status,,identity_unresolved_prior_work_incomplete
cai_xr8msq,Yeonkyeong Lee,https://eccv.ecva.net/virtual/2026/poster/5142,official_conference_record,ECCV record identifies Yeonkyeong Lee first on Keep-or-Drop? and Kakao affiliation.,
cai_xr8msq,Yeonkyeong Lee,https://www.kakaocorp.com/page/,official_company_site,Kakao official site verifies the affiliated organization.,
cai_xr8msq,Yeonkyeong Lee,https://arxiv.org/abs/2608.24293,official_preprint_record,"August 2026 KATok preprint names Yeonkyeong Lee first, but is after the cutoff and does not establish pre-cutoff prior work.",
cai_xr8msq,Yeonkyeong Lee,,qa_action,,"{""action"":""normalized_count_confidence"",""from"":""none"",""to"":""unresolved"",""reason"":""Allowed confidence vocabulary and conservative completeness rule.""}"
cai_xr8msq,Yeonkyeong Lee,,review_status,,identity_unresolved_prior_work_incomplete
cai_ghq2dv,Yeonwoo Cha,https://yeonwoo378.github.io/,official_personal_profile,"Identity, KAIST affiliation, exact ECCV title, and publication list with author order and venue labels.",
cai_ghq2dv,Yeonwoo Cha,https://eccv.ecva.net/virtual/2026/poster/3225,official_conference_record,ECCV 2026 queue paper/poster record for Training-Free Refinement of Flow Matching with Divergence-based Sampling.,
cai_ghq2dv,Yeonwoo Cha,https://proceedings.iclr.cc/paper_files/paper/2026/hash/623e5a86fcedca573d33390dd1173e6b-Abstract-Conference.html,official_proceedings,FlowBind is an ICLR 2026 conference paper; proceedings are after the audit cutoff and excluded.,
cai_kvpogs,Yewon Han,https://arxiv.org/abs/2603.14825,official_preprint_record,Yewon Han first-listed; Seoul National University Graduate School of Data Science affiliation; exact paper title.,
cai_kvpogs,Yewon Han,https://www.linkedin.com/posts/yewon-han-a6b979204_two-birds-one-projection-harmonizing-safety-activity-7475920698826305537-PnQO,author_profile_post,Self-authored identification of Yewon Han and the exact paper as her first PhD paper.,
cai_kvpogs,Yewon Han,https://eccv.ecva.net/virtual/2026/poster/4820,official_conference_record,ECCV 2026 queue paper/poster record.,
cai_5z4jk6,Yihalem Yimolal Tiruneh,https://vision.unist.ac.kr/member.html,official_institutional_profile,"Identity, UNIST affiliation, MS status, and 3D computer-vision research area.",
cai_5z4jk6,Yihalem Yimolal Tiruneh,https://vision.unist.ac.kr/index.html,official_lab_publications,Exact FlexiAvatar ECCV 2026 title and first-listed author order.,
cai_5z4jk6,Yihalem Yimolal Tiruneh,https://eccv.ecva.net/virtual/2026/poster/3675,official_conference_record,ECCV 2026 queue paper/poster record.,
cai_1q2hmkp,Yirum Kim,https://k2room.github.io/,official_personal_profile,"Identity, GIST affiliation, exact ECCV title, complete listed publication record, and author order.",
cai_1q2hmkp,Yirum Kim,https://eccv.ecva.net/virtual/2026/poster/4307,official_conference_record,ECCV 2026 queue paper/poster record for OP3DSG.,
cai_1q2hmkp,Yirum Kim,https://arxiv.org/abs/2602.04152,official_preprint_record,MA3DSG first-listed author Yirum Kim and February 2026 preprint; the ICRA 2026 proceedings/conference is after cutoff and excluded.,
cai_wf4ulq,YongHoon Kang,https://scholarx.skku.edu/item/3a0a8fcd-c172-4ccf-a013-3fbb42ac06ec,official_institutional_repository,YongHoon Kang first-listed author and Sungkyunkwan affiliation on a federated-learning publication.,
cai_wf4ulq,YongHoon Kang,https://eccv.ecva.net/virtual/2026/poster/4293,official_conference_record,ECCV 2026 queue paper/poster record for Prevention over Correction.,
cai_wf4ulq,YongHoon Kang,https://dblp.org/pid/418/9667.html,bibliographic_metadata,"Author-index continuity for Yonghoon Kang and the non-scope Information Sciences publication; used as corroboration, not sole identity proof.",
cai_9prqnf,Yoonhyung Park,https://arxiv.org/abs/2607.00302,official_preprint_record,Official arXiv record lists Yoonhyung Park first on Wake up for Touch.,
cai_9prqnf,Yoonhyung Park,http://mmai.ewha.ac.kr/splash/,official_project_page,Ewha project page is associated with the candidate tactile-alignment work but lacks sufficient person-level identity evidence.,
cai_9prqnf,Yoonhyung Park,https://pure.ewha.ac.kr/en/publications/cardiovascular-disease-risk-factors-and-obesity-levels-in-korean-/,official_institutional_publication,Unrelated Ewha same-name record demonstrates identity ambiguity.,
cai_9prqnf,Yoonhyung Park,,review_status,,identity_unresolved_prior_work_incomplete
cai_tbnw12,Yoonseok Choi,https://yoonseokchoi-ai.github.io/,official_personal_site,Identifies Yoonseok Choi at Yonsei MILAB and lists publication history.,
cai_tbnw12,Yoonseok Choi,https://yoonseokchoi-ai.github.io/cv/cv_yoonseokchoi_2026_3_24.pdf,official_cv,Official CV confirms Yonsei research identity and publication record.,
cai_tbnw12,Yoonseok Choi,https://eccv.ecva.net/virtual/2026/poster/3862,official_conference_record,Official ECCV record identifies the candidate DRIFT paper.,
cai_1yvwds7,Youbin Kim,https://github.com/Ubin108/Group3D,official_project_repository,Lists Youbin Kim first and Sungkyunkwan University affiliation.,
cai_1yvwds7,Youbin Kim,https://benhenryl.github.io/Metalens-Transformer/,official_project_page,"Lists Youbin Kim as Sungkyunkwan University coauthor, not first author.",
cai_1yvwds7,Youbin Kim,https://hogunpark.com/,official_collaborator_site,Collaborator site lists same Group3D author/title record.,
cai_13hpuu3,Youngho Kim,https://vi.kaist.ac.kr/pages/people/,official_institutional_profile,KAIST VILab identifies Youngho Kim and affiliation.,
cai_13hpuu3,Youngho Kim,https://arxiv.org/abs/2607.15699,official_preprint_record,Lists Youngho Kim first on GoStop.,
cai_13hpuu3,Youngho Kim,https://github.com/kmax2001/GoSTOP,official_project_repository,Links kmax2001 project identity to GoStop.,
cai_14hrbwy,Youngjun Lee,https://www.kaistdmlab.org/members,official_institutional_profile,Identifies Youngjun Lee as KAIST DMLab InnoCore Postdoc.,
cai_14hrbwy,Youngjun Lee,https://www.kaistdmlab.org/news-1/categories/paper-accept,official_lab_publication_news,Lists Youngjun Lee first on CURE and records lab publication history.,
cai_14hrbwy,Youngjun Lee,https://openreview.net/pdf/86d3293ab2d788dc7a7a4cd22a101eba7e501237.pdf,official_proceedings,Official ICLR 2025 PDF lists Youngjun Lee first on RA-TTA and KAIST affiliation.,
cai_14hrbwy,Youngjun Lee,https://proceedings.mlr.press/v235/kim24ai.html,official_proceedings,"Official ICML 2024 record lists Youngjun Lee fourth, not first.",
cai_112zspb,Youngsik Yun,https://bbangsik13.github.io/,official_personal_site,"Identity, Yonsei affiliation, research area, and ECCV candidate paper match.",
cai_112zspb,Youngsik Yun,https://yonsei.elsevierpure.com/en/publications/compensating-spatiotemporally-inconsistent-observations-for-onlin-2/,official_institutional_publication,"Yonsei/ElsevierPure metadata gives SIGGRAPH 2025 date, author order with Youngsik Yun first, and proceeding status.",
cai_112zspb,Youngsik Yun,https://www.siggraph.org/wp-content/uploads/2025/08/Conference-Papers.html,official_conference_program,SIGGRAPH 2025 conference program lists the verified work and author order.,
cai_112zspb,Youngsik Yun,https://eccv.ecva.net/virtual/2026/poster/3745,official_conference_page,Official ECCV page identifies the candidate paper and author; 2026 is after cutoff.,
cai_uw6q6r,Youngwan Lee,https://youngwanlee.github.io/,official_personal_site,"Identity, ETRI/KAIST affiliations, research interests, and complete publication list.",
cai_uw6q6r,Youngwan Lee,https://openaccess.thecvf.com/content_CVPR_2020/html/Lee_CenterMask_Real-Time_Anchor-Free_Instance_Segmentation_CVPR_2020_paper.html,official_proceedings,"CVF metadata lists Youngwan Lee first on CenterMask, CVPR 2020.",
cai_uw6q6r,Youngwan Lee,https://openaccess.thecvf.com/content/CVPR2022/html/Lee_MPViT_Multi-Path_Vision_Transformer_for_Dense_Prediction_CVPR_2022_paper.html,official_proceedings,"CVF metadata lists Youngwan Lee first on MPViT, CVPR 2022.",
cai_uw6q6r,Youngwan Lee,https://openreview.net/forum?id=7sn6Vxp92xV,official_proceedings,Official ICLR record for Exploring the Role of Mean Teachers; author site records Youngwan Lee equal-first.,
cai_uw6q6r,Youngwan Lee,https://eccv.ecva.net/virtual/2026/poster/5663,official_conference_page,Official ECCV page identifies candidate; 2026 is after cutoff.,
cai_12ozdml,Yu-Ji Kim,https://ug-kim.github.io/,official_personal_site,"Identity, POSTECH affiliation, advisor, candidate paper, and publication author order.",
cai_12ozdml,Yu-Ji Kim,https://drsplat.github.io/,official_project_page,Dr. Splat CVPR 2025 page lists Yu-Ji Kim as non-first author.,
cai_12ozdml,Yu-Ji Kim,https://uniform-attention.github.io/,official_project_page,ICCV 2023 project page corresponds to the non-first Yu-Ji Kim work.,
cai_12ozdml,Yu-Ji Kim,https://hdr-plenoxels.github.io/,official_project_page,ECCV 2022 project page records Kim Jun-Seong first and Yu-Ji Kim equal-contributing second.,
cai_12ozdml,Yu-Ji Kim,https://eccv.ecva.net/virtual/2026/poster/4036,official_conference_page,Official ECCV page identifies candidate; 2026 is after cutoff.,
cai_12ozdml,Yu-Ji Kim,,qa_action,,"{""action"":""downgraded_zero_review"",""reason"":""No authoritative exhaustive publication record supporting a complete zero was identified.""}"
cai_12hulj8,Yuhwan Jeong,https://jeongyh98.github.io/,official_personal_site,"Identity, KAIST affiliation, education, candidate paper, complete publication list and author-order markers.",
cai_12hulj8,Yuhwan Jeong,https://openaccess.thecvf.com/content/ICCV2025/papers/Jeong_Robust_Adverse_Weather_Removal_via_Spectral-based_Spatial_Grouping_ICCV_2025_paper.pdf,official_proceedings,CVF paper lists Yuhwan Jeong first/equal-first on ICCV 2025 work.,
cai_12hulj8,Yuhwan Jeong,https://www.ecva.net/papers/eccv_2024/papers_ECCV/papers/08432.pdf,official_proceedings,ECCV 2024 paper lists Yuhwan Jeong first/equal-first.,
cai_12hulj8,Yuhwan Jeong,https://openaccess.thecvf.com/content/ICCV2023/papers/Cho_Non-Coaxial_Event-Guided_Motion_Deblurring_with_Spatial_Alignment_ICCV_2023_paper.pdf,official_proceedings,"CVF paper lists Yuhwan Jeong second, not first; therefore not an eligible first-listed prior.",
cai_12hulj8,Yuhwan Jeong,https://eccv.ecva.net/virtual/2026/poster/3978,official_conference_page,Official ECCV page identifies candidate; 2026 is after cutoff.,
cai_12hulj8,Yuhwan Jeong,,qa_action,,"{""action"":""removed_evidence_row"",""title"":""Non-coaxial event-guided motion deblurring with spatial alignment"",""venue"":""ICCV"",""reason"":""Author is explicitly non-first-listed; only first-listed eligible works may appear in evidence_rows.""}"
cai_4y45ro,Yujin Bae,https://rp.kaist.ac.kr/english/sub040201/index/page/3,official_institutional_profile,KAIST Robotics Program identifies Yujin Bae and computer-vision/motion-generation research.,
cai_4y45ro,Yujin Bae,https://eccv.ecva.net/virtual/2026/poster/5287,official_conference_page,Official ECCV page identifies Ego-Human Motion Prediction with 3D-Aware LLM and Yujin Bae; 2026 is after cutoff.,
cai_1p4okou,Yunkyu Lee,https://yklcs.com/,official_personal_profile,Identifies Lucas Yunkyu Lee as a POSTECH computer-science student and lists his publications.,
cai_1p4okou,Yunkyu Lee,https://eccv.ecva.net/virtual/2026/poster/5065,official_conference_record,"Official ECCV 2026 record for CLDefocus, the queue-matching paper with Yunkyu Lee first and POSTECH affiliation.",
cai_1p4okou,Yunkyu Lee,,qa_action,,"{""action"":""normalized_count_confidence"",""from"":""low"",""to"":""partial"",""reason"":""Allowed confidence vocabulary and conservative completeness rule.""}"
cai_1f7fb09,Yunseo Yang,https://vi.kaist.ac.kr/pages/people/,official_institutional_profile,Official KAIST VILab page lists Yunseo Yang and KAIST contact information.,
cai_1f7fb09,Yunseo Yang,https://openreview.net/forum?id=E0Blq76A6g,official_proceedings,"Official ICCV 2023/OpenReview record lists Jihun Kim, Hyeokjun Kwon, Yunseo Yang, Kuk-Jin Yoon; Yang is not first-listed.",
cai_1f7fb09,Yunseo Yang,https://openreview.net/pdf/26afa69e0c70599af069b4e1fd67c5256d02890a.pdf,official_proceedings,"Official ICLR 2023 record lists Daehee Park, Hobin Ryu, Yunseo Yang, Jegyeong Cho, Jiwon Kim, Kuk-Jin Yoon; Yang is not first-listed.",
cai_1f7fb09,Yunseo Yang,https://openaccess.thecvf.com/content/ICCV2025/html/Jeong_Robust_Adverse_Weather_Removal_via_Spectral-based_Spatial_Grouping_ICCV_2025_paper.html,official_proceedings,Official ICCV 2025 record lists Yuhwan Jeong first and Yunseo Yang second; Yang is not first-listed.,
cai_1f7fb09,Yunseo Yang,https://openaccess.thecvf.com/content/CVPR2026/html/Cho_DSERT-RoLL_Robust_Multi-Modal_Perception_for_Diverse_Driving_Conditions_with_Stereo_CVPR_2026_paper.html,official_proceedings,Official CVPR 2026 record lists Hoonhee Cho first and Yunseo Yang fourth; publication is after the audit cutoff.,
cai_1f7fb09,Yunseo Yang,https://eccv.ecva.net/virtual/2026/poster/4019,official_conference_record,"Official ECCV 2026 record for PriSplat, the queue-matching paper with Yunseo Yang first and KAIST affiliation.",
cai_1f7fb09,Yunseo Yang,,qa_action,,"{""action"":""normalized_count_confidence"",""from"":""low"",""to"":""partial"",""reason"":""Allowed confidence vocabulary and conservative completeness rule.""}"
cai_19fod1y,Yunseok Yang,https://pure.jbnu.ac.kr/en/publications/ra-distill-relational-alignment-distillation-based-on-gram-matrix/,official_institutional_profile,"Official JBNU portal lists Yunseok Yang first, Jeonbuk National University affiliation, and publication date November 2025 for RA-Distill.",
cai_19fod1y,Yunseok Yang,https://ynskyang.github.io/pdf-omni-page/,official_personal_project_page,Official project page lists Yunseok Yang first and Jeonbuk National University for PDF-Omni/ECCV 2026.,
cai_19fod1y,Yunseok Yang,https://eccv.ecva.net/virtual/2026/poster/4884,official_conference_record,"Official ECCV 2026 record for PDF-Omni, the queue-matching paper with Yunseok Yang first and Jeonbuk National University affiliation.",
cai_19fod1y,Yunseok Yang,,qa_action,,"{""action"":""normalized_count_confidence"",""from"":""low"",""to"":""partial"",""reason"":""Allowed confidence vocabulary and conservative completeness rule.""}"
cai_1r1aqg,Yunsung Lee,https://alohays.github.io/cv/,official_personal_cv,"Official CV identifies Yunsung Lee, MaumAI role/contact, and dated publication list through 2026.",
cai_1r1aqg,Yunsung Lee,https://openaccess.thecvf.com/content/CVPR2023/html/Go_Towards_Practical_Plug-and-Play_Diffusion_Models_CVPR_2023_paper.html,official_proceedings,Official CVPR 2023 record lists Hyojun Go first and Yunsung Lee second (equal-contribution note does not change first-listed statistic).,
cai_1r1aqg,Yunsung Lee,https://proceedings.neurips.cc/paper_files/paper/2023/hash/56a7b9a07ae01ddea762dcc51280298b-Abstract.html,official_proceedings,Official NeurIPS 2023 record lists Hyojun Go first and Yunsung Lee third; Yunsung is not first-listed.,
cai_1r1aqg,Yunsung Lee,https://openaccess.thecvf.com/content_CVPR_2020/papers/Lee_Reference-Based_Sketch_Image_Colorization_Using_Augmented-Self_Reference_and_Dense_Semantic_CVPR_2020_paper.pdf,official_proceedings,"Official CVPR 2020 paper lists Junsoo Lee and Eungyeup Kim first/equal, with Yunsung Lee third.",
cai_1r1aqg,Yunsung Lee,https://eccv.ecva.net/virtual/2026/poster/4934,official_conference_record,"Official ECCV 2026 record for Not All Prediction Targets Keep Training-Free Diffusion Guidance on the Manifold, the queue-matching paper with Yunsung Lee first and Maum AI affiliation.",
cai_135jdof,Geunhyuk Youk,https://kaist-viclab.github.io/,identity_profile,The ECCV record and KAIST VICLab publication list identify Geunhyuk Youk at KAIST in the same video-restoration research group.,
cai_14z01lt,Hyesong Choi,https://openaccess.thecvf.com/content/ICCV2023/html/Choi_Environment_Agnostic_Representation_for_Visual_Reinforcement_Learning_ICCV_2023_paper.html,identity_profile,The ECCV record and official ICCV 2023 proceedings identify Hyesong Choi with Ewha affiliation in the same vision research area.,
cai_12x2ya,Bryan Sangwoo Kim,https://bryanswkim.github.io/,identity_profile,The personal CV and homepage explicitly connect Bryan Sangwoo Kim at KAIST AI with the ECCV paper Tiled Prompts and list the complete pre-cutoff publication record.,
cai_1gmil2t,,https://rootyjeon.github.io/,identity_profile,The personal homepage explicitly connects Byungwoo Jeon at KAIST with the ECCV paper SpatialBoost and lists the full pre-cutoff publication record.,
cai_4234nl,Chaesong Park,https://parkchaesong.github.io/,identity_profile,The personal homepage identifies Chaesong Park as an SNU Robot Vision Lab PhD candidate and lists both the ECCV paper OmniDS and the pre-cutoff publication record.,
cai_efi1pk,Changyeon Won,https://scholar.gist.ac.kr/handle/local/21806,identity_profile,The ECCV record identifies Changyeon Won at GIST and the GIST institutional repository records the same author as first-listed on an ECCV 2022 paper.,
cai_18x3r1d,Dogyun Park,https://mlv.korea.edu/people,identity_profile,The Korea University lab roster identifies Dogyun Park and the official ICLR 2024 proceedings list the same name with Korea University affiliation.,
cai_1s3524l,Mingi Kwon,https://sites.google.com/view/mingikwon,identity_profile,The personal homepage identifies Mingi Kwon with Yonsei University and lists the ECCV paper JAM-Flow plus the publication history through the cutoff.,
cai_ro66h9,Boseung Jeong,https://boseungjeong.github.io/,identity_profile,The personal CV identifies Boseung Jeong as a POSTECH CV Lab PhD candidate,
cai_1yyss68,Byeonggyu Park,https://bingurrr.github.io/,identity_profile,The academic portfolio identifies Byeonggyu Park with the ECCV paper and an earlier first-listed IROS paper on the same non-line-of-sight localization topic.,
cai_12doui9,Saad Wazir,https://sites.google.com/view/saad-wazir?authuser=0,identity_profile,The personal homepage identifies Saad Wazir at KAIST AI2 Lab and lists both CVPR 2025 and ECCV 2026; the KAIST lab publication list independently records the CVPR paper.,
cai_e8zy4y,,https://hchoi256.github.io/,identity_profile,The personal homepage identifies Hojun Choi at KAIST AI and lists both ECCV 2026 first-listed papers and the complete preceding publication list.,
cai_135jdof,Geunhyuk Youk,https://kaist-viclab.github.io/,identity_link_source,Official CVPR proceedings list Geunhyuk Youk first; KAIST VICLab ties the author to the ECCV candidate context.,
cai_135jdof,Geunhyuk Youk,https://openaccess.thecvf.com/content/CVPR2024/html/Youk_FMA-Net_Flow-Guided_Dynamic_Filtering_and_Iterative_Feature_Refinement_with_Multi-Attention_CVPR_2024_paper.html,official_work_source,Official CVPR proceedings list Geunhyuk Youk first; KAIST VICLab ties the author to the ECCV candidate context.,
cai_14z01lt,Hyesong Choi,https://openaccess.thecvf.com/content/ICCV2023/html/Choi_Environment_Agnostic_Representation_for_Visual_Reinforcement_Learning_ICCV_2023_paper.html,identity_link_source,Official ICCV proceedings list Hyesong Choi first with Ewha W. University affiliation.,
cai_14z01lt,Hyesong Choi,https://openaccess.thecvf.com/content/ICCV2023/html/Choi_Environment_Agnostic_Representation_for_Visual_Reinforcement_Learning_ICCV_2023_paper.html,official_work_source,Official ICCV proceedings list Hyesong Choi first with Ewha W. University affiliation.,
cai_12x2ya,Bryan Sangwoo Kim,https://bryanswkim.github.io/,identity_link_source,Official NeurIPS paper lists Bryan Sangwoo Kim first. The personal CV connects this record to the ECCV candidate and shows it is the only pre-cutoff eligible first-listed paper.,
cai_12x2ya,Bryan Sangwoo Kim,https://papers.nips.cc/paper_files/paper/2025/file/b66d8cbb01ac8212830068f3d75b4c5c-Paper-Conference.pdf,official_work_source,Official NeurIPS paper lists Bryan Sangwoo Kim first. The personal CV connects this record to the ECCV candidate and shows it is the only pre-cutoff eligible first-listed paper.,
cai_4234nl,Chaesong Park,https://parkchaesong.github.io/,identity_link_source,The SNU-affiliated personal publication list records Chaesong Park first on ICCV 2025 and identifies the same person as first-listed author of the ECCV 2026 paper.,
cai_4234nl,Chaesong Park,https://parkchaesong.github.io/,official_work_source,The SNU-affiliated personal publication list records Chaesong Park first on ICCV 2025 and identifies the same person as first-listed author of the ECCV 2026 paper.,
cai_efi1pk,Changyeon Won,https://scholar.gist.ac.kr/handle/local/21806,identity_link_source,GIST institutional repository lists Changyeon Won first and records the publication as ECCV 2022.,
cai_efi1pk,Changyeon Won,https://scholar.gist.ac.kr/handle/local/21806,official_work_source,GIST institutional repository lists Changyeon Won first and records the publication as ECCV 2022.,
cai_18x3r1d,Dogyun Park,https://mlv.korea.edu/people,identity_link_source,Official ICLR 2024 proceedings list Dogyun Park first with Korea University affiliation; the Korea University lab roster confirms the ECCV candidate identity.,
cai_18x3r1d,Dogyun Park,https://proceedings.iclr.cc/paper_files/paper/2024/file/7fb7f5b61223470e807d3cd3271811a4-Paper-Conference.pdf,official_work_source,Official ICLR 2024 proceedings list Dogyun Park first with Korea University affiliation; the Korea University lab roster confirms the ECCV candidate identity.,
cai_1s3524l,Mingi Kwon,https://sites.google.com/view/mingikwon,identity_link_source,The Yonsei-affiliated coauthor CV lists Mingi Kwon first on ECCV 2024; Mingi Kwon's personal homepage identifies the same Yonsei researcher and the ECCV 2026 candidate paper.,
cai_1s3524l,Mingi Kwon,https://joonyoung-cv.github.io/assets/jylee_cv.pdf,official_work_source,The Yonsei-affiliated coauthor CV lists Mingi Kwon first on ECCV 2024; Mingi Kwon's personal homepage identifies the same Yonsei researcher and the ECCV 2026 candidate paper.,
cai_ro66h9,Boseung Jeong,https://boseungjeong.github.io/,identity_link_source,The POSTECH candidate's CV lists Boseung Jeong first on CVPR 2025 and ties the same researcher to the ECCV 2026 paper.,
cai_ro66h9,Boseung Jeong,https://boseungjeong.github.io/assets/pdf/BoseungJeong_CV_.pdf,official_work_source,The POSTECH candidate's CV lists Boseung Jeong first on CVPR 2025 and ties the same researcher to the ECCV 2026 paper.,
cai_1yyss68,Byeonggyu Park,https://bingurrr.github.io/,identity_link_source,The personal academic portfolio identifies Byeonggyu Park first on IROS 2025 and on the ECCV 2026 non-line-of-sight localization paper.,
cai_1yyss68,Byeonggyu Park,https://bingurrr.github.io/,official_work_source,The personal academic portfolio identifies Byeonggyu Park first on IROS 2025 and on the ECCV 2026 non-line-of-sight localization paper.,
cai_12doui9,Saad Wazir,https://sites.google.com/view/saad-wazir?authuser=0,identity_link_source,KAIST AI2 Lab lists Saad Wazir first on CVPR 2025; the personal homepage identifies the same researcher as the ECCV 2026 candidate.,
cai_12doui9,Saad Wazir,https://www.ai2lab.kaist.ac.kr/publication,official_work_source,KAIST AI2 Lab lists Saad Wazir first on CVPR 2025; the personal homepage identifies the same researcher as the ECCV 2026 candidate.,
