comparison_key,canonical_ror_id,canonical_organization,country_code,country_name,resolution_method,evidence_url,evidence_note
shanghai jiaotong university,https://ror.org/0220qvk04,Shanghai Jiao Tong University,CN,China,manual_verified_alias,https://global.sjtu.edu.cn/en/,Official name verifies spacing and capitalization variants in ECVA.
the hong kong university of science and technology,https://ror.org/00q4vv597,Hong Kong University of Science and Technology,HK,Hong Kong,manual_verified_alias,https://hkust.edu.hk/about,Official name includes leading The; ROR canonical display omits the article.
the chinese university of hong kong,https://ror.org/00t33hh48,Chinese University of Hong Kong,HK,Hong Kong,manual_verified_alias,https://cuhk.edu.hk/english/aboutus/university-intro.html,Official name includes leading The; ROR canonical display omits the article.
university of the chinese academy of sciences,https://ror.org/05qbk4x57,University of Chinese Academy of Sciences,CN,China,manual_verified_alias,https://english.ucas.edu.cn/,Official name verifies the article-only ECVA variant.
shanghai ai laboratory,https://ror.org/03wkvpx79,Shanghai Artificial Intelligence Laboratory,CN,China,manual_verified_alias,https://www.shlab.org.cn/,Official site uses the expanded English name and Shanghai AI Lab abbreviation.
university of illinois at urbana champaign,https://ror.org/047426m28,University of Illinois Urbana-Champaign,US,United States,manual_verified_alias,https://illinois.edu/about/,Official site verifies the at/without-at name variant.
the chinese university of hong kong shenzhen,https://ror.org/02d5ks197,"Chinese University of Hong Kong, Shenzhen",CN,China,manual_verified_alias,https://www.cuhk.edu.cn/en,Official site verifies article and punctuation variants.
technische universitat munchen,https://ror.org/02kkvpp62,Technical University of Munich,DE,Germany,manual_verified_alias,https://www.tum.de/en/contact-boxes,Official site identifies the English canonical name for the German-language variant.
the hong kong polytechnic university,https://ror.org/0030zas98,Hong Kong Polytechnic University,HK,Hong Kong,manual_verified_alias,https://www.polyu.edu.hk/en/about-polyu/,Official name includes leading The; ROR canonical display omits the article.
pengcheng laboratory,https://ror.org/03qdqbt06,Peng Cheng Laboratory,CN,China,manual_verified_alias,https://pcl.ac.cn/,Official Chinese institution site supports the spacing and capitalization variants; ROR supplies the English display.
university of texas at austin,https://ror.org/00hj54h04,The University of Texas at Austin,US,United States,manual_verified_alias,https://www.utexas.edu/about-texas,Official name includes leading The.
sung kyun kwan university,https://ror.org/04q78tk20,Sungkyunkwan University,KR,South Korea,manual_verified_alias,https://www.skku.kr/eng/,Official name verifies the spacing variant.
karlsruher institut fur technologie,https://ror.org/04t3en479,Karlsruhe Institute of Technology,DE,Germany,manual_verified_alias,https://www.kit.edu/kit/english/index.php,Official English page identifies the German source name as Karlsruhe Institute of Technology (KIT).
university of california at merced,https://ror.org/00d9ah105,"University of California, Merced",US,United States,manual_verified_alias,https://brand.ucmerced.edu/university-name,"Official brand guidance gives the legal name University of California, Merced."
university of massachusetts at amherst,https://ror.org/0072zz521,University of Massachusetts Amherst,US,United States,manual_verified_alias,https://www.umass.edu/brand/book/editorial-style-guide/university-massachusetts-amherst-our-name-print-and-online,Official style guide lists University of Massachusetts Amherst as the canonical institutional name.
beijing university of post and telecommunications,https://ror.org/04w9fbh59,Beijing University of Posts and Telecommunications,CN,China,manual_verified_alias,https://sem.bupt.edu.cn/__local/D/D5/17/3E86F4C3F4F53F21A638CC46336_8A912C6B_A8DA4B.pdf,Official BUPT English profile uses Beijing University of Posts and Telecommunications.
beijing university of post and telecommunication,https://ror.org/04w9fbh59,Beijing University of Posts and Telecommunications,CN,China,manual_verified_alias,https://sem.bupt.edu.cn/__local/D/D5/17/3E86F4C3F4F53F21A638CC46336_8A912C6B_A8DA4B.pdf,Official BUPT English profile uses Beijing University of Posts and Telecommunications.
hochschule esslingen,https://ror.org/056cezx90,Esslingen University of Applied Sciences,DE,Germany,manual_verified_alias,https://www.hs-esslingen.de/en/university/profile/vision,Official English site identifies Hochschule Esslingen as Esslingen University of Applied Sciences.
the australian national university,https://ror.org/019wvm592,Australian National University,AU,Australia,manual_verified_alias,https://services.anu.edu.au/marketing-outreach/storytelling-writing/writing-style-guide,Official style guide identifies The Australian National University as the formal source name; ROR display omits the article.
china university of geoscience,https://ror.org/04gcegc37,China University of Geosciences,CN,China,manual_verified_alias,https://en.cug.edu.cn/About/Overview.htm,Official English site uses the plural institutional name China University of Geosciences.
china university of mining technology beijing,https://ror.org/003ncxf91,China University of Mining and Technology - Beijing,CN,China,manual_verified_alias,https://english.cumtb.edu.cn/ABOUT_CUMTB1.htm,Official English profile uses China University of Mining and Technology-Beijing.
rheinisch westfalische technische hochschule aachen,https://ror.org/04xfq0f34,RWTH Aachen University,DE,Germany,manual_verified_alias,https://www.rwth-aachen.de/,Official English-facing institutional site uses RWTH Aachen University for the German legal name.
hanyang universty,https://ror.org/046865y68,Hanyang University,KR,South Korea,manual_verified_alias,https://www.hanyang.ac.kr/web/eng,Official English site uses Hanyang University; source is a single-character typo.
hong kong polytechinic university,https://ror.org/0030zas98,Hong Kong Polytechnic University,HK,Hong Kong,manual_verified_alias,https://www.polyu.edu.hk/en/about-polyu/,Official site uses The Hong Kong Polytechnic University; ROR display omits the article and source has a spelling typo.
national centre for scientific research demokritos,https://ror.org/038jp4m40,"National Centre of Scientific Research \"Demokritos\"",GR,Greece,manual_verified_alias,https://www.demokritos.gr/about-us/,Official site identifies National Centre of Scientific Research Demokritos; source differs only by preposition and quotation styling.
universitat stuttgart,https://ror.org/04vnq7t77,University of Stuttgart,DE,Germany,manual_verified_alias,https://www.uni-stuttgart.de/en/university/,Official English site uses University of Stuttgart for the German name.
shenzhen institute of advanced technology,https://ror.org/04gh4er46,Shenzhen Institutes of Advanced Technology,CN,China,manual_verified_alias,https://english.siat.ac.cn/about/,Official English profile uses the plural Shenzhen Institutes of Advanced Technology.
technical university munich,https://ror.org/02kkvpp62,Technical University of Munich,DE,Germany,manual_verified_alias,https://www.tum.de/en/about-tum,Official English site uses Technical University of Munich; source omits of.
technische universitat graz,https://ror.org/00d7xrm67,Graz University of Technology,AT,Austria,manual_verified_alias,https://www.tugraz.at/en/home/,Official English site identifies Technische Universität Graz as Graz University of Technology.
university of tennessee knoxville,https://ror.org/020f3ap87,"University of Tennessee, Knoxville",US,United States,manual_verified_alias,https://brand.utk.edu/standards/editorial/referring-to-the-institution/,"Official style guidance requires University of Tennessee, Knoxville and rejects at Knoxville; the display name intentionally follows the institution rather than the older ROR label."
antgroup,https://ror.org/00g5w7n47,Ant Group (China),CN,China,manual_verified_alias,https://www.antgroup.com/en/news-media/press-releases/1751248800000,Official company release uses Ant Group; source differs only by casing and spacing.
national tsinghua university,https://ror.org/00zdnkx70,National Tsing Hua University,TW,Taiwan,manual_verified_alias,https://www.nthu.edu.tw/about/nthuIntro/en,Official English site uses National Tsing Hua University; source is a spacing variant.
chongqing university of post and telecommunications,https://ror.org/03dgaqz26,Chongqing University of Posts and Telecommunications,CN,China,manual_verified_alias,https://software-en.cqupt.edu.cn/,Official English site uses Chongqing University of Posts and Telecommunications.
universitat des saarlandes,https://ror.org/01jdpyv68,Saarland University,DE,Germany,manual_verified_alias,https://www.uni-saarland.de/en/university/about.html,Official English site uses Saarland University for Universität des Saarlandes.
khalifa university of science technology,https://ror.org/05hffr360,Khalifa University of Science and Technology,AE,United Arab Emirates,manual_verified_alias,https://www.ku.ac.ae/press-kit,Official university press kit uses Khalifa University of Science and Technology; source omits and.
stony brook univerisity,https://ror.org/05qghxh33,Stony Brook University,US,United States,manual_verified_alias,https://www.stonybrook.edu/sbu-brand/content/editorial-style-guide.php,Official style guide uses Stony Brook University; source is a transposition typo.
sun yat sen univerisity,https://ror.org/0064kty71,Sun Yat-sen University,CN,China,manual_verified_alias,https://www.sysu.edu.cn/sysuen/,Official English site uses Sun Yat-sen University; source is a transposition typo.
the university of british columbia,https://ror.org/03rmrcq20,University of British Columbia,CA,Canada,manual_verified_alias,https://www.ubc.ca/about/,Official site uses The University of British Columbia; ROR display omits the article.
the university of southern queensland,https://ror.org/04sjbnx57,University of Southern Queensland,AU,Australia,manual_verified_alias,https://www.unisq.edu.au/contact,Official site identifies University of Southern Queensland; ROR display omits the article.
the university of warwick,https://ror.org/01a77tt86,University of Warwick,GB,United Kingdom,manual_verified_alias,https://warwick.ac.uk/about/brand/brand-guidelines/our-name/,Official brand guidance uses The University of Warwick; ROR display omits the article.
institute for computer science ai and technology,,"Institute for Computer Science, Artificial Intelligence and Technology",BG,Bulgaria,manual_verified_no_ror,https://insait.ai/,Official institute name is commonly abbreviated INSAIT; Luc Van Gool's ECVA records match this Sofia-based institute and the pinned ROR release has no matching record.
northwestern polytechnical university xi an,https://ror.org/01y0j0j86,Northwestern Polytechnical University,CN,China,manual_verified_alias,https://en.nwpu.edu.cn/,Official English site uses Northwestern Polytechnical University and lists Xi'an as its campus city.
tu berlin,https://ror.org/03v4gjf40,Technische Universität Berlin,DE,Germany,manual_verified_alias,https://www.tu.berlin/en/studying/study-programs,Official English site identifies TU Berlin as Technische Universität Berlin; this prevents the incorrect fuzzy match to Freie Universität Berlin.
university of maryland at college park,https://ror.org/047s2c258,"University of Maryland, College Park",US,United States,manual_verified_alias,https://ora.umd.edu/sites/default/files/2024-02/ds2-current.pdf,Official institutional disclosure uses University of Maryland at College Park; ROR provides the canonical display punctuation.
university of texas at dallas,https://ror.org/049emcs32,The University of Texas at Dallas,US,United States,manual_verified_alias,https://www.utdallas.edu/communications/media-relations/,Official media guide specifies The University of Texas at Dallas as the full name.
christian albrechts universitat kiel,https://ror.org/04v76ef78,Kiel University,DE,Germany,manual_verified_alias,https://www.uni-kiel.de/en/university/profile,Official English profile identifies Christian-Albrechts-Universität zu Kiel as Kiel University.
city university of hong kong dg,,"City University of Hong Kong (Dongguan)",CN,China,manual_verified_no_ror,https://www.cityu-dg.edu.cn/en/admissions,"CityU (DG) is the official abbreviation for City University of Hong Kong (Dongguan), an independent legal institution in Dongguan; it must not be merged with the Hong Kong parent university."
czech technical university of prague,https://ror.org/03kqpb082,Czech Technical University in Prague,CZ,Czechia,manual_verified_alias,https://www.cvut.cz/en/why-study-at-ctu,Official English site uses Czech Technical University in Prague.
deutsches zentrum fur neurodegenerative erkrankungen e v,https://ror.org/043j0f473,German Center for Neurodegenerative Diseases,DE,Germany,manual_verified_alias,https://www.dzne.de/en/news/press-releases/press/new-european-alliance-formed-to-tackle-urgent-challenge-of-neurodegenerative-diseases/,Official English site uses German Center for Neurodegenerative Diseases (DZNE).
huazhong university of sceince and technology,https://ror.org/00p991c53,Huazhong University of Science and Technology,CN,China,manual_verified_alias,https://english.hust.edu.cn/info/1007/2064.htm,Official English site uses Huazhong University of Science and Technology; source has a transposition typo.
johannes gutenberg universitat mainz,https://ror.org/023b0x485,Johannes Gutenberg University Mainz,DE,Germany,manual_verified_alias,https://universitaet.uni-mainz.de/en/,Official English site uses Johannes Gutenberg University Mainz.
kunmimg university of science and technology,https://ror.org/00xyeez13,Kunming University of Science and Technology,CN,China,manual_verified_alias,https://english.kust.edu.cn/info/1012/1198.htm,Official English profile uses Kunming University of Science and Technology; source has a transposition typo.
memorial sloan kettering cancer centre,https://ror.org/02yrq0923,Memorial Sloan Kettering Cancer Center,US,United States,manual_verified_alias,https://www.mskcc.org/about,Official site uses Memorial Sloan Kettering Cancer Center; source uses British spelling.
th university of hong kong,https://ror.org/02zhqgq86,University of Hong Kong,HK,Hong Kong,manual_verified_alias,https://www.hku.hk/en/about-hku/university-identity/introduction,Official visual-identity guidance uses The University of Hong Kong; source is an article typo and ROR display omits it.
the hebrew university of jerusalem,https://ror.org/03qxff017,Hebrew University of Jerusalem,IL,Israel,manual_verified_alias,https://en.huji.ac.il/Constitution,Official constitution names The Hebrew University of Jerusalem; ROR display omits the article.
the university of new south wales,https://ror.org/03r8z3t63,University of New South Wales,AU,Australia,manual_verified_alias,https://www.unsw.edu.au/assurance-integrity/legal-compliance/access-to-information,Official legal-compliance page identifies University of New South Wales as the prescribed name; UNSW Sydney is its business name.
university of california reverside,https://ror.org/03nawhv43,"University of California, Riverside",US,United States,manual_verified_alias,https://brand.ucr.edu/sites/default/files/2020-12/UC-Riverside-Stylebook.pdf,"Official style guide uses University of California, Riverside; source misspells Riverside."
university of colorado at boulder,https://ror.org/02ttsq026,University of Colorado Boulder,US,United States,manual_verified_alias,https://www.colorado.edu/imc/guidelines/editorial-style-guide/campus-college-school-names,Official style guide names University of Colorado Boulder and disallows commas or hyphens in full campus names.
university of illinois at chicago,https://ror.org/02mpq6x41,University of Illinois Chicago,US,United States,manual_verified_alias,https://www.uic.edu/about/,Official institutional site uses University of Illinois Chicago.
university of witwatersrand,https://ror.org/03rp50x72,"University of the Witwatersrand, Johannesburg",ZA,South Africa,manual_verified_alias,https://www.wits.ac.za/site-assets/small-footer/terms-and-conditions-of-use/,"Official site identifies University of the Witwatersrand, Johannesburg; source omits the article and location."
yonsei univercity,https://ror.org/01wjejq96,Yonsei University,KR,South Korea,manual_verified_alias,https://www.yonsei.ac.kr/en_sc/index.do,Official English site uses Yonsei University; source has a spelling typo.
swiss federal institute of technology lausanne,https://ror.org/02s376052,École Polytechnique Fédérale de Lausanne,CH,Switzerland,manual_verified_alias,https://www.epfl.ch/en/,Official site identifies EPFL and its French institutional name; ROR supplies the canonical French display.
aerospace information reseach institute,https://ror.org/0419fj215,Aerospace Information Research Institute of the Chinese Academy of Sciences,CN,China,manual_verified_alias,https://english.aircas.ac.cn/about/,Official English site uses Aerospace Information Research Institute of the Chinese Academy of Sciences; source has a spelling typo and omits CAS.
astar,https://ror.org/036wvzt09,"Agency for Science, Technology and Research",SG,Singapore,manual_verified_alias,https://www.a-star.edu.sg/,"Official agency site uses Agency for Science, Technology and Research; source is its acronym."
northwest polytechnical university,https://ror.org/01y0j0j86,Northwestern Polytechnical University,CN,China,manual_verified_alias,https://en.nwpu.edu.cn/,Official university site confirms the standard English name.
northwestern polytechnical univ,https://ror.org/01y0j0j86,Northwestern Polytechnical University,CN,China,manual_verified_alias,https://en.nwpu.edu.cn/,Official university site confirms the abbreviated source form.
huazhong univ of sci and tech,https://ror.org/00p991c53,Huazhong University of Science and Technology,CN,China,manual_verified_alias,https://www.hust.edu.cn/,Official university site confirms the abbreviated source form.
tongji unviersity,https://ror.org/03rc6as71,Tongji University,CN,China,manual_verified_alias,https://www.tongji.edu.cn/,Official university site confirms the spelling correction.
xiamen unviersity,https://ror.org/00mcjh785,Xiamen University,CN,China,manual_verified_alias,https://www.xmu.edu.cn/,Official university site confirms the spelling correction.
south university of science and technology,https://ror.org/049tv2d57,Southern University of Science and Technology,CN,China,manual_verified_alias,https://www.sustech.edu.cn/,Official university site confirms the official English name.
shanghaitech,https://ror.org/030bhh786,ShanghaiTech University,CN,China,manual_verified_alias,https://www.shanghaitech.edu.cn/,Official university site confirms the short source form.
china university of mining technology xuzhou,https://ror.org/01xt2dr21,China University of Mining and Technology,CN,China,manual_verified_alias,https://www.cumt.edu.cn/,Official university site confirms the Xuzhou campus qualifier.
jiangxi university of economic and finance,https://ror.org/03efmyj29,Jiangxi University of Finance and Economics,CN,China,manual_verified_alias,https://www.jxufe.edu.cn/,Official university site confirms the English name variant.
shanghai artificial intelligence lab,https://ror.org/03wkvpx79,Shanghai Artificial Intelligence Laboratory,CN,China,manual_verified_alias,https://www.shlab.org.cn/,Official laboratory site confirms the expanded name.
institute of artificial intelligence huazhong university of science and technology,https://ror.org/00p991c53,Huazhong University of Science and Technology,CN,China,manual_verified_alias,https://www.hust.edu.cn/,The source names a HUST internal institute and is normalized to its parent university.
n a,,,,,source_missing_affiliation,,ECVA source uses N/A rather than an affiliation; no organization is inferred.
china,,,,,not_institution,,Country alone is not an institutional affiliation.
independent,,,,,not_institution,,Source explicitly declares no institution.
independent reseacher,,,,,not_institution,,Source typo for independent researcher; no institution is asserted.
independent research,,,,,not_institution,,Source declares independent research without an institution.
independent researcher,,,,,not_institution,,Source explicitly declares no institution.
nanjing,,,,,not_institution,,City alone is not an institutional affiliation.
student,,,,,not_institution,,Role alone is not an institutional affiliation.
individual,,,,,not_institution,,Standalone individual label is not an institutional affiliation.
faculty,,,,,not_institution,,Generic role label is not an institutional affiliation.
lan mengcheng,,,,,not_institution,,Personal name alone is not an institutional affiliation.
south korea,,,,,not_institution,,Country alone is not an institutional affiliation.
无,,,,,source_missing_affiliation,,The source uses the Chinese no-affiliation marker; no organization is inferred.
stealth,,,,,not_institution,,Generic stealth label does not identify an institution.
stealth startup,,,,,not_institution,,Generic stealth-startup label does not identify an institution.
stealth startup ex nvidia,,,,,not_institution,,Stealth-startup and former-employer text does not state a current institution.
technology,,,,,not_institution,,A malformed HTML entity in the raw source leaves Technology as an orphaned fragment; the complete Ulsan National Institute of Science and Technology affiliation is retained separately.
department of computer science,,,,,incomplete_affiliation,,A department is named without a parent institution and cannot be normalized safely.
computer science department school of computer science,,,,,incomplete_affiliation,,Nested department and school labels omit the parent institution.
college of information science and engineering,,,,,incomplete_affiliation,,A college is named without a parent institution and cannot be normalized safely.
pattern recognition center,,,,,incomplete_affiliation,,A generic center label omits a host institution and cannot be normalized safely.
ai innovation center,,,,,incomplete_affiliation,,A generic center label omits a host institution and cannot be normalized safely.
sn4 apd 7ek,,,,,incomplete_affiliation,,The source segment is an opaque identifier rather than an identifiable organization.
rwanda space agency,,Rwanda Space Agency,RW,Rwanda,manual_verified_no_ror,https://space.gov.rw/,Official Rwanda Space Agency site verifies the named national space agency; the raw organization name directly identifies Rwanda.
shenzhen loop area institute,,Shenzhen Loop Area Institute,CN,China,manual_verified_no_ror,https://www.slai.edu.cn/en,Official institute site uses Shenzhen Loop Area Institute and the raw name directly specifies Shenzhen.
shanda ai research tokyo,,Shanda AI Research Tokyo,JP,Japan,manual_verified_no_ror,https://jp.shanda.com/,Official Shanda site verifies the corporate identity and Tokyo address; the raw affiliation directly specifies Tokyo.
ai vietnam,,AI Vietnam,VN,Vietnam,manual_verified_no_ror,https://www.aivietnam.vn/,Official AI Vietnam page verifies the organization and the raw name directly identifies Vietnam.
uii america,,UII America Inc.,US,United States,manual_verified_no_ror,https://eu.united-imaging.com/en/careers/join-us-social/medical-imaging--computer-vision-and-software-engineering,Official United Imaging page identifies UII America as a subsidiary and the raw affiliation directly names its US site.
quanzhou university of information engineering quanzhou,,Quanzhou University of Information Engineering,CN,China,manual_verified_no_ror,https://english.qzuie.edu.cn/index.php?c=show&id=1&s=news,Official university site confirms the exact institution and raw affiliation directly specifies Quanzhou.
pioneer centre for ai,,Pioneer Centre for AI,DK,Denmark,manual_verified_no_ror,https://www.aicentre.dk/,Official center site identifies the Copenhagen-hosted research center; no local ROR record is selected.
national center of technology innovation for electronic design automation,,National Center of Technology Innovation for Electronic Design Automation,CN,China,manual_verified_no_ror,https://www.nctieda.com/en/Introduction.html,Official center site identifies the named organization and its Southeast University lead host; no local ROR record is selected.
china information security research institute,,China Information Security Research Institute Co. Ltd.,CN,China,manual_verified_no_ror,https://www.cecc.org.cn/company/mindex/mid/682919,Official organization page confirms the exact Chinese research-institute identity.
beijing institute of remote sensing equipment,,Beijing Institute of Remote Sensing Equipment,CN,China,manual_verified_no_ror,https://ggzyfw.beijing.gov.cn/ztxxtbr/20260609/5565445.html,Official Beijing government page confirms the named research institution.
casi vision technology co ltd luoyang,,CASI Vision Technology Co. Ltd.,CN,China,manual_verified_no_ror,https://www.casivision.com/,Official company page confirms the exact company; raw affiliation directly specifies Luoyang.
antlab,https://ror.org/05apxxy63,Korea Advanced Institute of Science and Technology,KR,South Korea,manual_verified_alias,https://an.kaist.ac.kr/,"Official ANLAB page identifies the laboratory as a KAIST unit, so the standalone unit label is normalized to its official university parent."
spc ras,https://ror.org/0028hwj42,St. Petersburg Research Center of the Russian Academy of Sciences,RU,Russia,manual_verified_alias,https://spcras.ru/en/center/documents/,Official SPC RAS page verifies the named research center and local ROR record.
visualailab,https://ror.org/00hx57361,Princeton University,US,United States,manual_verified_alias,https://visualai.princeton.edu/,Official Princeton Visual AI Lab page identifies the laboratory as a Princeton University unit.
nairl,,National AI Research Lab,KR,South Korea,manual_verified_no_ror,https://nairl.kr/news/nairl-innovation-showcase-2026/,Official NAIRL material verifies the named Korean research laboratory; no local ROR record is selected.
school of artificial intelligence and computer science school of software,https://ror.org/02afcvw97,Nantong University,CN,China,manual_verified_alias,https://en.ntu.edu.cn/2025/0228/c2106a260319/page.htm,Official Nantong University material identifies the exact school as its internal unit.
school of information science and engineering,https://ror.org/01mkqqe32,Lanzhou University,CN,China,manual_verified_alias,https://xxxyen.lzu.edu.cn/introduction/index.html,The sole ECCV raw affiliation pairs this school with Lanzhou University and the official school page verifies its university host.
msu institute for artificial intelligence,https://ror.org/010pmpe69,Lomonosov Moscow State University,RU,Russia,manual_verified_alias,https://pubs.rsc.org/en/content/articlehtml/2025/cp/d5cp00090d,The raw affiliation pairs the institute with Lomonosov Moscow State University and the cited affiliation corroborates the parent.
guangdong artificial intelligence and digital economy laboratory guangzhou,,Guangdong Artificial Intelligence and Digital Economy Laboratory (Guangzhou),CN,China,manual_verified_no_ror,https://en.pazhoulab.com/,Official Pazhou Lab material verifies the exact Guangzhou institution; no local ROR record is selected.
greater bay area national technology innovation center,,Guangdong-Hong Kong-Macao Greater Bay Area National Technology Innovation Center,CN,China,manual_verified_no_ror,https://www.gba-ncti.org.cn/,Official center site verifies the exact Guangzhou institution; no local ROR record is selected.
donghai lab,,Donghai Laboratory,CN,China,manual_verified_no_ror,https://www.ezhejiang.gov.cn/2022-05/18/c_754981.htm,Official Zhejiang government material identifies Donghai Laboratory in Zhoushan; no local ROR record is selected.
donghailab,,Donghai Laboratory,CN,China,manual_verified_no_ror,https://www.ezhejiang.gov.cn/2022-05/18/c_754981.htm,Source spelling variant of the official Donghai Laboratory name.
iaar,,Institute for Advanced Algorithms Research Shanghai,CN,China,manual_verified_no_ror,https://www.iaar.ac.cn/,Official IAAR site verifies the named Shanghai research institute; no local ROR record is selected.
ideas research institute,,IDEAS Research Institute,PL,Poland,manual_verified_no_ror,https://www.ideas.edu.pl/en/,Official IDEAS site verifies the named Warsaw research institute; no local ROR record is selected.
institute of ai for industries,,Institute of AI for Industries Chinese Academy of Sciences,CN,China,manual_verified_no_ror,https://iaii.cas.cn/tzgg/202605/t20260510_8199027.html,Official CAS material verifies the named institute; no local ROR record is selected.
national key laboratory of science and technology on information system security,,National Key Laboratory of Science and Technology on Information System Security,CN,China,manual_verified_no_ror,https://jcs.iie.ac.cn/xxaqxben/ch/reader/view_abstract.aspx?file_no=20250106&flag=1&journal_id=xxaqxben,Official laboratory material verifies the exact organization; no child ROR record is selected.
autonomous computing systems lab,https://ror.org/024kbgz78,Gwangju Institute of Science and Technology,KR,South Korea,manual_verified_alias,https://acsl.gist.ac.kr/,Official ACSL page identifies the laboratory as a GIST unit.
china railway siyuan survey and design group co ltd,,China Railway Siyuan Survey and Design Group Co. Ltd.,CN,China,manual_verified_no_ror,https://www.crfsdi.com.cn/,Official company site verifies the exact organization; no local ROR record is selected.
cheshire high school,,Cheshire High School,US,United States,manual_verified_no_ror,https://www.cheshire.k12.ct.us/schools/cheshire-high-school/,Official Cheshire Public Schools page identifies the named school; no local ROR record is selected.
qiyuan lab,,QiYuan Laboratory,CN,China,manual_verified_no_ror,https://nlp.csai.tsinghua.edu.cn/staff/,Official Tsinghua staff material identifies the named QiYuan laboratory; no local ROR record is selected.
qiyuanlab,,QiYuan Laboratory,CN,China,manual_verified_no_ror,https://nlp.csai.tsinghua.edu.cn/staff/,Source spelling variant of the QiYuan laboratory name verified by official Tsinghua staff material.
zhongke fiveages hangzhou intelligent technology co ltd,,Zhongke Diwuji (Hangzhou) Intelligent Technology Co. Ltd.,CN,China,manual_verified_no_ror,https://jxj.beijing.gov.cn/ztzl/ywzt/hbjh/hbdt/hbdt/202608/t20260804_4807739.html,Official Beijing government material names the exact Chinese legal entity; the English canonical form is a direct transliteration.
beijing meitu home technology co ltd,,Beijing Meitu Home Technology Co. Ltd.,CN,China,manual_verified_no_ror,https://martech.meitu.com/,Official Meitu domain names the exact Chinese legal entity.
xiaomi technology wuhan,,Xiaomi Technology (Wuhan) Co. Ltd.,CN,China,manual_verified_no_ror,https://jxj.wuhan.gov.cn/xwzx_9/whjx/202606/t20260625_2803290.html,Official Wuhan government material names the exact legal entity.
cm zijin innovation research institute,,China Mobile Zijin (Jiangsu) Innovation Research Institute Co. Ltd.,CN,China,manual_verified_no_ror,https://invest.nanjing.gov.cn/gkml/202404/t20240416_4210382.html,Official Nanjing government material names the exact legal entity.
tsinghua universityedit profile zijie zhao firstname zijie professional first name and optionally your middle initial used in publications more information here la,https://ror.org/03cve4549,Tsinghua University,CN,China,manual_verified_alias,https://www.tsinghua.edu.cn/en/,The source appends profile-editor UI text to an explicit Tsinghua University affiliation; only the institution is normalized.
thu school of biomedical engineering,https://ror.org/03cve4549,Tsinghua University,CN,China,manual_verified_alias,https://www.tsinghua.edu.cn/en/,The named School of Biomedical Engineering is normalized to its explicit Tsinghua University host.
insait,,"Institute for Computer Science, Artificial Intelligence and Technology (INSAIT)",BG,Bulgaria,manual_verified_no_ror,https://insait.ai/what-is-insait/,Official INSAIT page verifies the named Sofia University institute; no matching organization exists in the pinned ROR index.
ispras,https://ror.org/017ef8252,Institute for System Programming,RU,Russia,manual_verified_alias,https://www.ispras.ru/en/,Official ISPRAS page verifies the Institute for System Programming identity and the pinned ROR record.
institute of foundation models,,Institute of Foundation Models,AE,United Arab Emirates,manual_verified_no_ror,https://ifm.ai/,Official IFM page verifies the MBZUAI-associated institute; no matching organization exists in the pinned ROR index.
github shizhezhou io hunan university,https://ror.org/05htk5m33,Hunan University,CN,China,manual_verified_alias,https://www-en.hnu.edu.cn/,Personal-site text is discarded and the explicit Hunan University institution is retained; the pinned ROR record verifies the canonical institution.
mpi for psycholinguistics,https://ror.org/00671me87,Max Planck Institute for Psycholinguistics,NL,Netherlands,manual_verified_alias,https://www.mpi.nl/,Official institute site verifies the expanded canonical name and pinned ROR record.
mines paristech,https://ror.org/04y8cs423,École Nationale Supérieure des Mines de Paris,FR,France,manual_verified_alias,https://www.minesparis.psl.eu/,Official institute site verifies the canonical organization and pinned ROR record.
minesparis psl,https://ror.org/04y8cs423,École Nationale Supérieure des Mines de Paris,FR,France,manual_verified_alias,https://www.minesparis.psl.eu/,Official institute site verifies the MinesParis PSL variant and pinned ROR record.
ncsr demokritos,https://ror.org/038jp4m40,"National Centre of Scientific Research ""Demokritos""",GR,Greece,manual_verified_alias,https://www.demokritos.gr/,Official institute site verifies the NCSR Demokritos canonical name and pinned ROR record.
pengcheng lab,https://ror.org/03qdqbt06,Peng Cheng Laboratory,CN,China,manual_verified_alias,https://pcl.ac.cn/,Official laboratory site verifies the abbreviated source name and pinned ROR record.
pengcheng laborotory,https://ror.org/03qdqbt06,Peng Cheng Laboratory,CN,China,manual_verified_alias,https://pcl.ac.cn/,Official laboratory site verifies the source spelling typo and pinned ROR record.
pengcheng national laboratory,https://ror.org/03qdqbt06,Peng Cheng Laboratory,CN,China,manual_verified_alias,https://pcl.ac.cn/,Official laboratory site verifies the source name variant and pinned ROR record.
zhongguancun lab,,Zhongguancun Laboratory,CN,China,manual_verified_no_ror,https://www.zgc-lab.com/,Official laboratory site verifies the abbreviated source name and no matching organization exists in the pinned ROR index.
zhongguancun laboratory,,Zhongguancun Laboratory,CN,China,manual_verified_no_ror,https://www.zgc-lab.com/,Official laboratory site verifies the canonical source name and no matching organization exists in the pinned ROR index.
st petersburg state polytechnical university,https://ror.org/02x91aj62,Peter the Great St. Petersburg Polytechnic University,RU,Russia,manual_verified_alias,https://english.spbstu.ru/,Official university site verifies the historical-name variant and pinned ROR record.
telecom paristech,https://ror.org/01naq7912,Télécom Paris,FR,France,manual_verified_alias,https://www.telecom-paris.fr/en/,Official site verifies the Telecom ParisTech variant and pinned ROR record.
tu graz,https://ror.org/00d7xrm67,Graz University of Technology,AT,Austria,manual_verified_alias,https://www.tugraz.at/en/home,Official site verifies the TU Graz shorthand and pinned ROR record.
universitat zurich,https://ror.org/02crff812,University of Zurich,CH,Switzerland,manual_verified_alias,https://www.uzh.ch/en.html,Official site verifies the German-language source name and pinned ROR record.
university of suniversity of southern californiaouthern california,https://ror.org/03taz7m60,University of Southern California,US,United States,manual_verified_alias,https://www.usc.edu/,Source is a duplicated-string corruption of University of Southern California; the pinned ROR record verifies the canonical institution.
university of tromsø,https://ror.org/00wge5k78,UiT The Arctic University of Norway,NO,Norway,manual_verified_alias,https://en.uit.no/,Official site verifies the University of Tromsø canonical institution and pinned ROR record.
carnegie mellon univsersity,https://ror.org/05x2bcf33,Carnegie Mellon University,US,United States,manual_verified_alias,https://www.cmu.edu/policies/articles-of-incorporation/articles-of-incorporation.pdf,Official articles of incorporation give Carnegie Mellon University as the corporate name; source has a transposition typo.
centrale supelec,https://ror.org/019tcpt25,CentraleSupélec,FR,France,manual_verified_alias,https://www.centralesupelec.fr/en/,Official institutional site uses CentraleSupélec; source omits the accent.
centre of research and technology hellas,https://ror.org/03bndpq63,Centre for Research and Technology Hellas,GR,Greece,manual_verified_alias,https://www.certh.gr/5B4D1A98.en.aspx,Official CERTH profile uses Centre for Research and Technology Hellas; source substitutes of for for.
chang zhou university,https://ror.org/04ymgwq66,Changzhou University,CN,China,manual_verified_alias,https://eng.cczu.edu.cn/,Official English institutional site uses Changzhou University; source splits Changzhou into two words.
chinese academy of science,https://ror.org/034t30j35,Chinese Academy of Sciences,CN,China,manual_verified_alias,https://english.cas.cn/,Official academy site uses Chinese Academy of Sciences (CAS); source drops the plural s.
city st geroge s university of london,https://ror.org/047ybhc09,"City St George's, University of London",GB,United Kingdom,manual_verified_alias,https://www.citystgeorges.ac.uk/about/merger-st-georges,Official institution states City St George's University of London is its post-merger name; source misspells George and encodes the apostrophe.
czech technical univeresity in prague,https://ror.org/03kqpb082,Czech Technical University in Prague,CZ,Czechia,manual_verified_alias,https://www.cvut.cz/en/contacts,Official contact page gives Czech Technical University in Prague; source has a transposition typo.
czech technical university prague,https://ror.org/03kqpb082,Czech Technical University in Prague,CZ,Czechia,manual_verified_alias,https://www.cvut.cz/en/contacts,Official contact page gives Czech Technical University in Prague; source substitutes a comma for in.
electronics and telecommunication research institute,https://ror.org/03ysstz10,Electronics and Telecommunications Research Institute,KR,South Korea,manual_verified_alias,https://etri.re.kr/engcon/sub1/sub1_02.etri,Official ETRI profile uses Electronics and Telecommunications Research Institute; source drops the plural s.
german aerospace center,https://ror.org/04bwf3e34,German Aerospace Center (DLR),DE,Germany,manual_verified_alias,https://www.dlr.de/en/dlr/about-us,Official DLR site identifies the German Aerospace Center as DLR; ROR records its German legal name.
german climate computing center,https://ror.org/03ztgj037,German Climate Computing Centre,DE,Germany,manual_verified_alias,https://www.dkrz.de/en/about-en/vacancies/vacancies,Official DKRZ English site uses German Climate Computing Centre; source uses the US spelling Center.
harbin istitute of technology,https://ror.org/01yqg2h08,Harbin Institute of Technology,CN,China,manual_verified_alias,https://en.hit.edu.cn/,Official English site uses Harbin Institute of Technology; source omits n in Institute.
ke holdings,,KE Holdings Inc.,CN,China,manual_verified_no_ror,https://investors.ke.com/,Official investor-relations site identifies KE Holdings Inc. and its China-based Beike platform; the pinned ROR release has no record for this company and the fuzzy Japanese KI Holdings candidate is rejected.
zurich university of applied sciences,https://ror.org/05pmsvm27,ZHAW Zurich University of Applied Sciences,CH,Switzerland,manual_verified_alias,https://www.zhaw.ch/en/about-us,Official ZHAW site explicitly identifies itself as Zurich University of Applied Sciences; this corrects the unrelated fuzzy ROR candidates.
kaist ai,https://ror.org/05apxxy63,Korea Advanced Institute of Science and Technology,KR,South Korea,manual_verified_alias,https://kaist.ac.kr/en/html/kaist/01.html,Official KAIST page expands KAIST as Korea Advanced Institute of Science and Technology; source is a parent-institution shorthand.
yonsei univ,https://ror.org/01wjejq96,Yonsei University,KR,South Korea,manual_verified_alias,https://www.yonsei.ac.kr/en_sc/index.do,Official English site uses Yonsei University; source abbreviates University.
gwangju institute of science and technology gist,https://ror.org/024kbgz78,Gwangju Institute of Science and Technology,KR,South Korea,manual_verified_alias,https://www.gist.ac.kr/en/main.html,Official GIST site identifies GIST as Gwangju Institute of Science and Technology.
korea institute of science and technology,https://ror.org/05kzfa883,Korea Institute of Science and Technology,KR,South Korea,manual_verified_alias,https://www.kist.re.kr/kist_school_eng/aboutusIntroduce.do,Official KIST site uses Korea Institute of Science and Technology; this full-name alias resolves the ROR alias collision.
korea institute of science and technology kist,https://ror.org/05kzfa883,Korea Institute of Science and Technology,KR,South Korea,manual_verified_alias,https://www.kist.re.kr/kist_school_eng/aboutusIntroduce.do,Official KIST site confirms the full name and acronym together.
unist korea,https://ror.org/017cjz748,Ulsan National Institute of Science and Technology,KR,South Korea,manual_verified_alias,https://www.unist.ac.kr/unist/introduction/history.do,Official UNIST history page uses Ulsan National Institute of Science and Technology; Korea is a location qualifier.
ulsan national institute of science and amp,https://ror.org/017cjz748,Ulsan National Institute of Science and Technology,KR,South Korea,manual_verified_alias,https://www.unist.ac.kr/unist/introduction/history.do,HTML entity corruption leaves this institution-specific key; official source confirms UNIST canonical name.
university of tokyo,https://ror.org/057zh3y96,The University of Tokyo,JP,Japan,manual_verified_alias,https://www.u-tokyo.ac.jp/en/about/about.html,Official page identifies The University of Tokyo; applies only to the isolated source segment.
utokyo,https://ror.org/057zh3y96,The University of Tokyo,JP,Japan,manual_verified_alias,https://www.u-tokyo.ac.jp/en/,Official site uses UTokyo as institutional short form.
hkust gz,https://ror.org/050h0vm43,The Hong Kong University of Science and Technology (Guangzhou),CN,China,manual_verified_alias,https://hkust.edu.hk/news/hkustgz-formally-established,Official HKUST announcement names HKUST(GZ) and identifies it as legally independent from HKUST.
department of computer science and engineering hong kong university of science and technology,https://ror.org/00q4vv597,Hong Kong University of Science and Technology,HK,Hong Kong,manual_verified_alias,https://hkust.edu.hk/about,Department prefix is unambiguously attached to the official parent institution.
indian institute of science,https://ror.org/04dese585,Indian Institute of Science Bangalore,IN,India,manual_verified_alias,https://www.iisc.ac.in/about/,Official site uses Indian Institute of Science Bengaluru.
indian institute of science bengaluru,https://ror.org/04dese585,Indian Institute of Science Bangalore,IN,India,manual_verified_alias,https://www.iisc.ac.in/about/,Official site uses Indian Institute of Science Bengaluru.
mohamed bin zayed university of artificial intelligence mbzuai,https://ror.org/0258gkt32,Mohamed bin Zayed University of Artificial Intelligence,AE,United Arab Emirates,manual_verified_alias,https://mbzuai.ac.ae/about-us,Full name plus its institutional acronym is one organization.
national taiwan u of science and technology,https://ror.org/00q09pe49,National Taiwan University of Science and Technology,TW,Taiwan,manual_verified_alias,https://www.ntust.edu.tw/?Lang=en,Official NTUST site verifies the abbreviated source name.
national chiao tung university,https://ror.org/00se2k293,National Yang Ming Chiao Tung University,TW,Taiwan,manual_verified_alias,https://www.nycu.edu.tw/nycu/en/app/artwebsite/view?id=514&module=artwebsite&serno=fbc75f28-6872-4171-8eba-7ef4257e5bbe,Official NYCU history records its 2021 merger and successor name.
institute of automation chinese academy of sciences,https://ror.org/022c3hy66,Institute of Automation,CN,China,manual_verified_alias,https://english.ia.cas.cn/au/bi/,Official CASIA page names Institute of Automation of the Chinese Academy of Sciences.
institute of automation chinese academy of science chinese academy of sciences,https://ror.org/022c3hy66,Institute of Automation,CN,China,manual_verified_alias,https://english.ia.cas.cn/au/bi/,Duplicated CAS wording variant of the official institute.
institute of automation chinese academy of science,https://ror.org/022c3hy66,Institute of Automation,CN,China,manual_verified_alias,https://english.ia.cas.cn/au/bi/,Singular science variant of the official institute.
institute of automation cas,https://ror.org/022c3hy66,Institute of Automation,CN,China,manual_verified_alias,https://english.ia.cas.cn/au/bi/,CAS abbreviation variant of the official institute.
institute of automation chinese academic of science,https://ror.org/022c3hy66,Institute of Automation,CN,China,manual_verified_alias,https://english.ia.cas.cn/au/bi/,Academic Academy typo variant of the official institute.
institute of automation chinese avademy of sciences,https://ror.org/022c3hy66,Institute of Automation,CN,China,manual_verified_alias,https://english.ia.cas.cn/au/bi/,Academy typo variant of the official institute.
institute of automation of the chinese academy of sciences,https://ror.org/022c3hy66,Institute of Automation,CN,China,manual_verified_alias,https://english.ia.cas.cn/au/bi/,Official article and preposition variant.
chinese academy of sciences institute of automation,https://ror.org/022c3hy66,Institute of Automation,CN,China,manual_verified_alias,https://english.ia.cas.cn/au/bi/,Inverted CAS and institute order variant.
institute of automation chinese academy of sciences casia,https://ror.org/022c3hy66,Institute of Automation,CN,China,manual_verified_alias,https://english.ia.cas.cn/au/bi/,CASIA acronym variant of the official institute.
institute of computing technology chinese academy of sciences,https://ror.org/0090r4d87,Institute of Computing Technology,CN,China,manual_verified_alias,https://english.ict.cas.cn/about/,Official ICT page names Institute of Computing Technology Chinese Academy of Sciences.
institute of software chinese academy of sciences,https://ror.org/033dfsn42,Institute of Software,CN,China,manual_verified_alias,https://english.is.cas.cn/,Official Institute of Software CAS site.
aerospace information research institute chinese academy of sciences,https://ror.org/0419fj215,Aerospace Information Research Institute,CN,China,manual_verified_alias,https://english.aircas.ac.cn/about/Profile/,Official AIRCAS profile names Aerospace Information Research Institute of CAS.
shenzhen institutes of advanced technology chinese academy of sciences,https://ror.org/04gh4er46,Shenzhen Institutes of Advanced Technology,CN,China,manual_verified_alias,https://english.siat.ac.cn/about/,Official SIAT page uses the plural canonical name.
shenzhen institute of advanced technology chinese academy of sciences,https://ror.org/04gh4er46,Shenzhen Institutes of Advanced Technology,CN,China,manual_verified_alias,https://english.siat.ac.cn/about/,Singular source variant; official SIAT name is plural.
shenzhen institutes of advanced technology chinese academy of sciences chinese academy of sciences,https://ror.org/04gh4er46,Shenzhen Institutes of Advanced Technology,CN,China,manual_verified_alias,https://english.siat.ac.cn/about/,Duplicated CAS suffix variant.
technology and engineering center for space utilization chinese academy of sciences,https://ror.org/00cn03n83,Technology and Engineering Center for Space Utilization,CN,China,manual_verified_alias,https://english.csu.cas.cn/explore/,Official CSU overview names the CAS center.
technology and engineering center for space utilization chinese academy of sciences csu,https://ror.org/00cn03n83,Technology and Engineering Center for Space Utilization,CN,China,manual_verified_alias,https://english.csu.cas.cn/explore/,CSU acronym variant.
shenyang institute of automation chinese academy of sciences,https://ror.org/00ft6nj33,Shenyang Institute of Automation,CN,China,manual_verified_alias,https://english.sia.cas.cn/,Official SIA site names Shenyang Institute of Automation Chinese Academy of Sciences.
institute of microelectronics of chinese academy of sciences,https://ror.org/02s6gs133,Institute of Microelectronics,CN,China,manual_verified_alias,https://english.ime.cas.cn/au/Overview/,Official IME overview names the CAS institute.
institute of microelectronics of the chinese academy of sciences,https://ror.org/02s6gs133,Institute of Microelectronics,CN,China,manual_verified_alias,https://english.ime.cas.cn/au/Overview/,Leading article variant.
institute of physics chinese academy of sciences,https://ror.org/05cvf7v30,Institute of Physics,CN,China,manual_verified_alias,https://english.iop.cas.cn/au/,Official IOP page names Institute of Physics Chinese Academy of Sciences.
institute of semiconductors chinese academy of sciences beijing china,https://ror.org/048dd0611,Institute of Semiconductors,CN,China,manual_verified_alias,https://english.semi.cas.cn/,Official Institute of Semiconductors CAS site with location suffix removed from canonical identity.
iie cas,https://ror.org/04r53se39,Institute of Information Engineering,CN,China,manual_verified_alias,https://english.cas.cn/research/institutes/,CAS institutes directory lists Institute of Information Engineering and local ROR acronym IIE agrees.
computer network information center chinese academy of sciences,https://ror.org/01s0wyf50,Computer Network Information Center,CN,China,manual_verified_alias,https://english.cnic.cas.cn/nws/202106/t20210608_271760.html,Official CNIC profile explicitly names Computer Network Information Center of CAS.
computer network information center cnic of the chinese academy of sciences cas,https://ror.org/01s0wyf50,Computer Network Information Center,CN,China,manual_verified_alias,https://english.cnic.cas.cn/nws/202106/t20210608_271760.html,CNIC and CAS expanded acronym variant.
baai 北京人工智能研究院,https://ror.org/016a74861,Beijing Academy of Artificial Intelligence,CN,China,manual_verified_alias,https://www.baai.ac.cn/en/about-us,Official BAAI page states Beijing Academy of Artificial Intelligence and abbreviation BAAI.
beijing institute for artificial general intelligence bigai,https://ror.org/02kw1ws04,Beijing Institute for General Artificial Intelligence,CN,China,manual_verified_alias,https://www.bigai.ai/about/,Official BIGAI page uses Beijing Institute for General Artificial Intelligence.
institute of artificial intelligence hefei comprehensive national science center,,"Institute of Artificial Intelligence, Hefei Comprehensive National Science Center",CN,China,manual_verified_no_ror,https://iai.ustc.edu.cn/iai/,Official institute site verified; no matching organization in the pinned local ROR index.
shanghai innovation institute,,Shanghai Innovation Institute,CN,China,manual_verified_no_ror,https://www.sii.edu.cn/yw/,Official SII site verified; no matching local ROR record.
shanghai innovation instituion,,Shanghai Innovation Institute,CN,China,manual_verified_no_ror,https://www.sii.edu.cn/yw/,Institution spelling typo; no matching local ROR record.
shanghai innovation institution,,Shanghai Innovation Institute,CN,China,manual_verified_no_ror,https://www.sii.edu.cn/yw/,Institution and Institute typo; no matching local ROR record.
uc berkeley,https://ror.org/01an7q238,"University of California, Berkeley",US,United States,manual_verified_alias,https://identity.berkeley.edu/language/university-references/,Official Berkeley identity guidance accepts UC Berkeley as the institutional reference.
uc san diego,https://ror.org/0168r3w48,University of California San Diego,US,United States,manual_verified_alias,https://brand.ucsd.edu/_files/brand-downloads/UCSanDiego-BrandGuidelines-2022-07-27.pdf,Official naming guide identifies UC San Diego as the preferred institutional name.
purdue university,https://ror.org/02dqehb95,Purdue University West Lafayette,US,United States,manual_verified_alias,https://www.purdue.edu/gradschool/about/,Official Purdue source identifies the West Lafayette institutional entity.
rutgers university,https://ror.org/05vt9qd57,"Rutgers, The State University of New Jersey",US,United States,manual_verified_alias,https://www.rutgers.edu/about-rutgers,Official Rutgers source gives the parent institutional identity.
rutgers university new brunswick,https://ror.org/05vt9qd57,"Rutgers, The State University of New Jersey",US,United States,manual_verified_alias,https://www.rutgers.edu/about-rutgers,Official Rutgers source identifies New Brunswick as a flagship location within the parent institution.
university at buffalo,https://ror.org/01y64my43,"University at Buffalo, State University of New York",US,United States,manual_verified_alias,https://www.buffalo.edu/brand/identity/Naming/our-name.html,Official naming guide identifies University at Buffalo as the formal academic name.
university of maryland,https://ror.org/047s2c258,"University of Maryland, College Park",US,United States,manual_verified_alias,https://brand.umd.edu/editorial-style-guidelines,Official editorial guide identifies University of Maryland College Park and accepts University of Maryland in context.
ohio state university columbus,https://ror.org/00rs6vg23,The Ohio State University,US,United States,manual_verified_alias,https://www.osu.edu/about/columbus,Official source identifies Columbus as the main campus.
northeastern university china,https://ror.org/03awzbc87,Northeastern University,CN,China,manual_verified_alias,https://english.neu.edu.cn/About_NEU/About_NEU.htm,Official university source places this explicitly China-qualified source name in Shenyang.
northeastern university at qinhuangdao campus,https://ror.org/03awzbc87,Northeastern University,CN,China,manual_verified_alias,https://english.neu.edu.cn/About_NEU/About_NEU.htm,Official university source identifies the Qinhuangdao campus.
ethz eth zurich,https://ror.org/05a28rw58,ETH Zurich,CH,Switzerland,manual_verified_alias,https://ethz.ch/en/the-eth-zurich.html,ETHZ and ETH Zurich are equivalent institutional forms.
tu munich,https://ror.org/02kkvpp62,Technical University of Munich,DE,Germany,manual_verified_alias,https://www.tum.de/en/about-tum,Official institution name variant.
tu munich germany,https://ror.org/02kkvpp62,Technical University of Munich,DE,Germany,manual_verified_alias,https://www.tum.de/en/about-tum,Country-qualified source variant.
university college london university of london,https://ror.org/02jx3x895,University College London,GB,United Kingdom,manual_verified_alias,https://www.london.ac.uk/federation/ucl,UCL is the named University of London federation member.
king s college london university of london,https://ror.org/0220mzb33,King's College London,GB,United Kingdom,manual_verified_alias,https://www.london.ac.uk/federation/kings-college-london,King's is the named University of London federation member.
university of sydney university of sydney,https://ror.org/0384j8v12,The University of Sydney,AU,Australia,manual_verified_alias,https://www.sydney.edu.au/about/,Repeated institution-name source variant.
saarland informatics campus max planck institute,https://ror.org/01w19ak89,Max Planck Institute for Informatics,DE,Germany,manual_verified_alias,https://www.mpi-inf.mpg.de/institute/address,Max Planck Institute for Informatics is located at Saarland Informatics Campus.
mpii sic,https://ror.org/01w19ak89,Max Planck Institute for Informatics,DE,Germany,manual_verified_alias,https://www.mpi-inf.mpg.de/institute/address,MPII is the institute and SIC is the campus consortium.
mpi for informatics,https://ror.org/01w19ak89,Max Planck Institute for Informatics,DE,Germany,manual_verified_alias,https://www.mpi-inf.mpg.de/home,Expanded MPII name.
university of tuebingen,https://ror.org/03a1kwz48,University of Tübingen,DE,Germany,manual_verified_alias,https://uni-tuebingen.de/en/university/profile/,ASCII spelling variant.
universitat tubingen,https://ror.org/03a1kwz48,University of Tübingen,DE,Germany,manual_verified_alias,https://uni-tuebingen.de/en/university/profile/,German-language name variant.
cea list,https://ror.org/000dbcc61,Laboratoire d'Intégration des Systèmes et des Technologies,FR,France,manual_verified_alias,https://list.cea.fr/en/cea-list-the-ideal-partner-for-digital-innovation-projects/,Official CEA-List page and ROR canonical display.
department of computer science eth zurich,https://ror.org/05a28rw58,ETH Zurich,CH,Switzerland,manual_verified_alias,https://ethz.ch/en/the-eth-zurich.html,Department is rolled up to the named parent institution.
department of computer science ethz eth zurich,https://ror.org/05a28rw58,ETH Zurich,CH,Switzerland,manual_verified_alias,https://ethz.ch/en/the-eth-zurich.html,Department plus acronym and expansion is rolled up to ETH Zurich.
school of mathematics and statistics university of melbourne,https://ror.org/01ej9dk98,The University of Melbourne,AU,Australia,manual_verified_alias,https://about.unimelb.edu.au/,Named school is rolled up to its parent university.
faculty of engineering university of sydney,https://ror.org/0384j8v12,The University of Sydney,AU,Australia,manual_verified_alias,https://www.sydney.edu.au/about/,Named faculty is rolled up to its parent university.
xi an university of electronic science and technology,https://ror.org/05s92vm98,Xidian University,CN,China,manual_verified_alias,https://aai.xidian.edu.cn/en/centers_ijrc.html,Official Xidian source and local ROR identify the University of Electronic Science and Technology at Xi'an form.
xi dian univerisity,https://ror.org/05s92vm98,Xidian University,CN,China,manual_verified_alias,https://aai.xidian.edu.cn/en/centers_ijrc.html,Single-character typo of the official Xidian University name.
tsinghua,https://ror.org/03cve4549,Tsinghua University,CN,China,manual_verified_alias,https://www.tsinghua.edu.cn/en/About/General_Information.htm,Standalone ECCV source shorthand is verified against the official Tsinghua University name.
ewha women s university,https://ror.org/053fp5c05,Ewha Womans University,KR,South Korea,manual_verified_alias,https://www.ewha.ac.kr/ewhaen/index.do,Official English site identifies Ewha Womans University and resolves the possessive spelling variant.
ewha w university,https://ror.org/053fp5c05,Ewha Womans University,KR,South Korea,manual_verified_alias,https://www.ewha.ac.kr/ewhaen/index.do,Official English site identifies Ewha Womans University and source short form is unambiguous.
northwest university xi an,https://ror.org/00z3td547,Northwest University,CN,China,manual_verified_alias,https://en.nwu.edu.cn/,Official Northwest University source identifies the Xi'an campus context.
sun yat sen university china,https://ror.org/0064kty71,Sun Yat-sen University,CN,China,manual_verified_alias,https://www.sysu.edu.cn/en/,Official English site identifies Sun Yat-sen University and source explicitly says China.
technion israel institute of technology technion,https://ror.org/03qryx823,Technion – Israel Institute of Technology,IL,Israel,manual_verified_alias,https://www.technion.ac.il/en/,Official Technion site verifies repeated canonical and acronym source form.
northwest polytechnical university xi an,https://ror.org/01y0j0j86,Northwestern Polytechnical University,CN,China,manual_verified_alias,https://en.nwpu.edu.cn/,Official university site identifies Northwestern Polytechnical University and its Xi'an campuses.
texas a and m university college station,https://ror.org/01f5ytq51,Texas A&M University,US,United States,manual_verified_alias,https://www.tamu.edu/academics/campuses-locations.html,College Station is the primary Texas A&M campus location qualifier rather than a second institution.
pohang university of science and technology postech,https://ror.org/04xysgw12,Pohang University of Science and Technology,KR,South Korea,manual_verified_alias,https://www.postech.ac.kr/eng/,Official POSTECH site identifies Pohang University of Science and Technology as POSTECH.
khalifa university of science technology and research,https://ror.org/05hffr360,Khalifa University of Science and Technology,AE,United Arab Emirates,manual_verified_alias,https://www.ku.ac.ae/press-kit,Official university press kit identifies Khalifa University of Science and Technology; source adds Research.
korea advanced institute of science and technology kaist,https://ror.org/05apxxy63,Korea Advanced Institute of Science and Technology,KR,South Korea,manual_verified_alias,https://www.kaist.ac.kr/en/html/kaist/0101.html,Official KAIST profile verifies the expanded name and acronym.
university of munich,https://ror.org/05591te55,Ludwig-Maximilians-Universität München,DE,Germany,manual_verified_alias,https://www.lmu.de/en/,Official LMU site verifies University of Munich as the institution's English short form in this ECCV source spelling.
lmu munich,https://ror.org/05591te55,Ludwig-Maximilians-Universität München,DE,Germany,manual_verified_alias,https://www.lmu.de/en/,Official LMU site verifies the LMU Munich institutional short form.
ai graduate school gwangju institute of science and technology gist,https://ror.org/024kbgz78,Gwangju Institute of Science and Technology,KR,South Korea,manual_verified_alias,https://college.gist.ac.kr/aieng/sub01_04.do,Official GIST history identifies the former AI Graduate School under GIST.
department of computer science and engineering sungkyunkwan university suwon 16419 korea,https://ror.org/04q78tk20,Sungkyunkwan University,KR,South Korea,manual_verified_alias,https://www.skku.edu/eng/About/WhySKKU/01.do,Department and address are rolled up to the named Sungkyunkwan University parent.
kalrsruhe institute of technology iar,https://ror.org/04t3en479,Karlsruhe Institute of Technology,DE,Germany,manual_verified_alias,https://www.kit.edu/kit/english/index.php,Source typo and IAR unit are rolled up to Karlsruhe Institute of Technology.
college of william and mary,https://ror.org/03hsf0573,William & Mary,US,United States,manual_verified_alias,https://www.wm.edu/about/,Official institution site identifies the historical College of William and Mary as William & Mary.
washington university saint louis,https://ror.org/01yc7t268,Washington University in St. Louis,US,United States,manual_verified_alias,https://washu.edu/about-washu/,Official university site identifies Washington University in St. Louis; source uses Saint spelling.
ulsan university,https://ror.org/02c2f8975,University of Ulsan,KR,South Korea,manual_verified_alias,https://international.ulsan.ac.kr/international/392,Official university site identifies University of Ulsan; this is distinct from UNIST.
helmholtz zentrum munchen,https://ror.org/00cfam450,Helmholtz Munich,DE,Germany,manual_verified_alias,https://www.helmholtz-munich.de/en,Official Helmholtz Munich site verifies the German source form.
ets montreal,https://ror.org/0020snb74,École de Technologie Supérieure,CA,Canada,manual_verified_alias,https://www.etsmtl.ca/en,Official ETS Montréal site identifies École de Technologie Supérieure.
college of computer science and technology zhejiang university,https://ror.org/00a2xv884,Zhejiang University,CN,China,manual_verified_alias,https://www.zju.edu.cn/english/,Named college is rolled up to Zhejiang University.
department of biomedical engineering and department of electrical and computer engineering national university of singapore singapore,https://ror.org/01tgyzw49,National University of Singapore,SG,Singapore,manual_verified_alias,https://nus.edu.sg/about,Named departments and Singapore address are rolled up to National University of Singapore.
department of computer science and engineering the chinese university of hong kong,https://ror.org/00t33hh48,Chinese University of Hong Kong,HK,Hong Kong,manual_verified_alias,https://www.cse.cuhk.edu.hk/,Named department is rolled up to the Chinese University of Hong Kong parent.
agency for science technology and research a star,https://ror.org/036wvzt09,Agency for Science Technology and Research,SG,Singapore,manual_verified_alias,https://www.a-star.edu.sg/,Official agency site verifies the expanded source form and A*STAR acronym.
national key laboratory of human machine hybrid augmented intelligence national engineering research center for visual information and applications institute of artificial intelligence and robotic,https://ror.org/017zhmm22,Xi'an Jiaotong University,CN,China,manual_verified_alias,https://faculty.xjtu.edu.cn/jxin/zh_CN/zdylm/983777/list/index.htm,Official XJTU faculty affiliation lists the named laboratory and center as XJTU units; source Robotic is corrected to Robotics.
mais and nlpr institute of automation chinese academy of sciences,https://ror.org/022c3hy66,Institute of Automation,CN,China,manual_verified_alias,https://mais.ia.ac.cn/,MAIS and NLPR are Institute of Automation CASIA laboratories; source is rolled up to the named host institute.
national lab of pattern recognition institute of automation chinese academy of sciences,https://ror.org/022c3hy66,Institute of Automation,CN,China,manual_verified_alias,https://nlpr.ia.ac.cn/en/news/1381.html,Official NLPR source states it is affiliated with the Institute of Automation CASIA.
computer vision institute school of computer science and software engineering shenzhen university,https://ror.org/01vy4gh70,Shenzhen University,CN,China,manual_verified_alias,https://security.szu.edu.cn/jgsz/yjs/jsjsjyjs.htm,Named computer vision institute and school are Shenzhen University units.
zhongguancun academy,,Beijing Zhongguancun Academy,CN,China,manual_verified_no_ror,https://www.bza.edu.cn/en,Official academy site identifies Beijing Zhongguancun Academy; no matching organization exists in the pinned ROR release.
international digital economy academy idea,,International Digital Economy Academy,CN,China,manual_verified_no_ror,https://www.idea.edu.cn/about,Official IDEA site identifies the International Digital Economy Academy; no matching organization exists in the pinned ROR release.
school of electronic and computer engineering peking university shenzhen china,https://ror.org/02v51f717,Peking University,CN,China,manual_verified_alias,https://eecs.pku.edu.cn/english/,Named school and Shenzhen location are rolled up to Peking University.
school of electronic and computer engineering peking university,https://ror.org/02v51f717,Peking University,CN,China,manual_verified_alias,https://eecs.pku.edu.cn/english/,Named school is rolled up to Peking University.
uc berkeley bair,https://ror.org/01an7q238,"University of California, Berkeley",US,United States,manual_verified_alias,https://bair.berkeley.edu/,BAIR is a University of California Berkeley research lab and has no separate pinned ROR record.
ai thrust hkust gz,https://ror.org/050h0vm43,The Hong Kong University of Science and Technology (Guangzhou),CN,China,manual_verified_alias,https://hkust-gz.edu.cn/academics/hubs-and-thrust-areas,AI Thrust is an HKUST Guangzhou unit and is rolled up to its named parent institution.
anhui province key laboratory of digital security university of science and technology of china,https://ror.org/04c4dkn09,University of Science and Technology of China,CN,China,manual_verified_alias,https://en.ustc.edu.cn/,Named provincial laboratory is rolled up to the explicit University of Science and Technology of China parent.
pca lab nanjing university of science and technology,https://ror.org/00xp9wg62,Nanjing University of Science and Technology,CN,China,manual_verified_alias,https://teacher.njust.edu.cn/jsj/ggw/list.htm,PCA Lab is a Nanjing University of Science and Technology laboratory; expansion is intentionally not invented.
s lab nanyang technological university college of computing and data science nanyang technological university,https://ror.org/02e7b5302,Nanyang Technological University,SG,Singapore,manual_verified_alias,https://www.ntu.edu.sg/about-us,S-Lab and the named college are rolled up to the repeated Nanyang Technological University parent.
state key laboratory of virtual reality technology and systems beihang university,https://ror.org/00wk2mp56,Beihang University,CN,China,manual_verified_alias,https://ev.buaa.edu.cn/Research/Research_Bases.htm,Named state laboratory is rolled up to the explicit Beihang University parent.
northwestern polytechnical university northwest polytechnical university xi an,https://ror.org/01y0j0j86,Northwestern Polytechnical University,CN,China,manual_verified_alias,https://en.nwpu.edu.cn/,Official university name and Xi'an location match the duplicated ECVA source segment.
east normal china university,https://ror.org/02n96ep67,East China Normal University,CN,China,manual_verified_alias,https://english.ecnu.edu.cn/,Typographical reversal is corrected from East Normal China University.
lund university lund institute of technology,https://ror.org/012a77v79,Lund University,SE,Sweden,manual_verified_alias,https://www.lunduniversity.lu.se/,Lund Institute of Technology is a faculty within Lund University and is rolled up to its parent.
mila,https://ror.org/05c22rx21,Mila - Quebec Artificial Intelligence Institute,CA,Canada,manual_verified_alias,https://mila.quebec/en/,Official Mila site identifies the Montreal AI institute in this ECCV context.
polytechnic institute of turin,https://ror.org/00bgk9508,Politecnico di Torino,IT,Italy,manual_verified_alias,https://www.polito.it/en,English wording maps to the official Italian institution.
riken aip,https://ror.org/03ckxwf91,RIKEN Center for Advanced Intelligence Project,JP,Japan,manual_verified_alias,https://aip.riken.jp/,Official RIKEN AIP site identifies the named RIKEN research center.
the university of hongkong,https://ror.org/02zhqgq86,University of Hong Kong,HK,Hong Kong,manual_verified_alias,https://www.hku.hk/about/facts-figures/,Hongkong spelling and leading article are presentation variants.
universita di modena e reggio emilia,https://ror.org/02d4c4y02,University of Modena and Reggio Emilia,IT,Italy,manual_verified_alias,https://www.unimore.it/en/,Official English name confirms the Italian affiliation.
usi lugano,https://ror.org/03c4atk17,Università della Svizzera italiana,CH,Switzerland,manual_verified_alias,https://www.usi.ch/en,USI Lugano resolves to the university in Lugano Switzerland.
上海交通大学,https://ror.org/0220qvk04,Shanghai Jiao Tong University,CN,China,manual_verified_alias,https://en.sjtu.edu.cn/,Chinese and English institutional names match.
清华大学,https://ror.org/03cve4549,Tsinghua University,CN,China,manual_verified_alias,https://www.tsinghua.edu.cn/en/About/General_Information.htm,Chinese and English institutional names match.
information technology university lahore,https://ror.org/00ngv8j44,Information Technology University,PK,Pakistan,manual_verified_alias,https://itu.edu.pk/,Lahore qualifier matches the official university.
ciirc czech technical university czech technical university of prague,https://ror.org/03kqpb082,Czech Technical University in Prague,CZ,Czechia,manual_verified_alias,https://ciirc.cvut.cz/,CIIRC is a Czech Technical University in Prague unit and is rolled up to its named parent.
concordia university montreal,https://ror.org/0420zvk78,Concordia University,CA,Canada,manual_verified_alias,https://www.concordia.ca/,Explicit Montreal qualifier disambiguates Concordia University.
data61 csiro,https://ror.org/03q397159,Data61,AU,Australia,manual_verified_alias,https://data61.csiro.au/,Data61 is CSIRO's named data and AI research unit and has a pinned ROR record.
indian institute of technology hyderabad,https://ror.org/01j4v3x97,Indian Institute of Technology Hyderabad,IN,India,manual_verified_alias,https://iith.ac.in/,Official IIT Hyderabad site and pinned ROR record.
ntu singapore,https://ror.org/02e7b5302,Nanyang Technological University,SG,Singapore,manual_verified_alias,https://www.ntu.edu.sg/about-us,Singapore qualifier disambiguates NTU as Nanyang Technological University.
polytechnic institute of milan,https://ror.org/01nffqt88,Politecnico di Milano,IT,Italy,manual_verified_alias,https://www.polimi.it/en/the-politecnico/about-polimi,English wording maps to the official Italian institution.
fraunhofer heinrich hertz institute,https://ror.org/02tbr6331,"Fraunhofer Institute for Telecommunications, Heinrich Hertz Institute",DE,Germany,manual_verified_alias,https://www.hhi.fraunhofer.de/en/fraunhofer-hhi.html,Official HHI page identifies Fraunhofer Heinrich-Hertz-Institut and ROR supplies the canonical display.
fraunhofer institute for telecommunications,https://ror.org/02tbr6331,"Fraunhofer Institute for Telecommunications, Heinrich Hertz Institute",DE,Germany,manual_verified_alias,https://www.hhi.fraunhofer.de/en/fraunhofer-hhi.html,Unique HHI institution match in the pinned ROR release.
livia dept of systems engineering ets montreal canada,https://ror.org/0020snb74,École de Technologie Supérieure,CA,Canada,manual_verified_alias,https://www.etsmtl.ca/en/about-ets,LIVIA is a department/lab attribution and ETS Montréal is the resolvable parent institution.
university of british column,https://ror.org/03rmrcq20,University of British Columbia,CA,Canada,manual_verified_alias,https://www.ubc.ca/about/,Obvious Column/Columbia typo is corrected to University of British Columbia.
unc charlotte,https://ror.org/04dawnj30,University of North Carolina at Charlotte,US,United States,manual_verified_alias,https://www.charlotte.edu/about/,Official site identifies UNC Charlotte and its Charlotte North Carolina campus.
texas a and amp,https://ror.org/01f5ytq51,Texas A&M University,US,United States,manual_verified_alias,https://www.tamu.edu/,HTML entity corruption of Texas A&M University.
univeristy of texas at austin,https://ror.org/00hj54h04,The University of Texas at Austin,US,United States,manual_verified_alias,https://www.utexas.edu/about-texas,Typo variant; canonical ROR display includes The.
university of texas austin,https://ror.org/00hj54h04,The University of Texas at Austin,US,United States,manual_verified_alias,https://www.utexas.edu/about-texas,Punctuation and at omission variant of the same institution.
penn state university,https://ror.org/04p491231,Pennsylvania State University,US,United States,manual_verified_alias,https://www.psu.edu/about/mission-and-values,Official Penn State page gives Pennsylvania State University as the parent institution.
nyu new york university,https://ror.org/0190ak572,New York University,US,United States,manual_verified_alias,https://bulletins.nyu.edu/nyu/about/,NYU and New York University are explicitly the same institution.
honda research institution us,https://ror.org/02441en43,"Honda Research Institute, USA",US,United States,manual_verified_alias,https://usa.honda-ri.com/about-us,Official HRI USA page identifies the United States research center.
army research laboratory,https://ror.org/011hc8f90,DEVCOM Army Research Laboratory,US,United States,manual_verified_alias,https://arl.devcom.army.mil/,Official Army site identifies DEVCOM Army Research Laboratory.
mitsubishi electric research laboratories merl,https://ror.org/00e2e3n51,Mitsubishi Electric Research Laboratories,US,United States,manual_verified_alias,https://www.merl.com/company/,Official MERL page identifies the United States subsidiary and research laboratory.
南京大学,https://ror.org/01rxvg760,Nanjing University,CN,China,manual_verified_alias,https://www.nju.edu.cn/en/,Chinese institutional name maps to Nanjing University.
武汉大学,https://ror.org/033vjfk17,Wuhan University,CN,China,manual_verified_alias,https://en.whu.edu.cn/,Chinese institutional name maps to Wuhan University.
深圳大学,https://ror.org/01vy4gh70,Shenzhen University,CN,China,manual_verified_alias,https://en.szu.edu.cn/About/About2.htm,Chinese institutional name maps to Shenzhen University.
univ of sci and tech of china,https://ror.org/04c4dkn09,University of Science and Technology of China,CN,China,manual_verified_alias,https://en.ustc.edu.cn/About.htm,Abbreviated source spelling resolves to USTC.
中国科学院大学,https://ror.org/05qbk4x57,University of Chinese Academy of Sciences,CN,China,manual_verified_alias,https://english.ucas.ac.cn/,Chinese institutional name maps to University of Chinese Academy of Sciences.
eth zurich,https://ror.org/05a28rw58,ETH Zurich,CH,Switzerland,manual_verified_alias,https://ethz.ch/en/the-eth-zurich.html,Official ETH Zurich site verifies the ASCII source form.
german research center for ai,https://ror.org/01ayc5b57,German Research Centre for Artificial Intelligence,DE,Germany,manual_verified_alias,https://www.dfki.de/en/web/about-us,Official DFKI page confirms the English source variant.
inria at univ grenoble alpes,https://ror.org/00n8d6z93,Centre Inria de l'Université Grenoble Alpes,FR,France,manual_verified_alias,https://www.inria.fr/en/centre-grenoble-rhone-alpes,Official Inria page confirms the Grenoble Alpes centre.
universite de toulouse irit,https://ror.org/01ahyrz84,Université de Toulouse,FR,France,manual_verified_alias,https://www.univ-toulouse.fr/,IRIT is normalized to its named university parent.
universitat wurzburg,https://ror.org/00fbnyb24,University of Würzburg,DE,Germany,manual_verified_alias,https://www.uni-wuerzburg.de/en/home/,Official university page confirms the German source form.
technische universitat carolo wilhelmina zu braunschweig,https://ror.org/010nsgg66,Technische Universität Braunschweig,DE,Germany,manual_verified_alias,https://www.tu-braunschweig.de/en/,Official university page confirms the full legal source form.
embry riddle aeronautical university,https://ror.org/010jskt71,Embry-Riddle Aeronautical University,US,United States,manual_verified_alias,https://erau.edu/,Active pinned ROR record and official university site confirm the source form.
university of new mexico,https://ror.org/05fs6jp91,University of New Mexico,US,United States,manual_verified_alias,https://www.unm.edu/,Active Albuquerque ROR record and official university site confirm the source form.
electrical engineering and computer science department university of california berkeley,https://ror.org/01an7q238,University of California Berkeley,US,United States,manual_verified_alias,https://eecs.berkeley.edu/,The named EECS department is normalized to UC Berkeley.
aiml adelaide univerisity,https://ror.org/028g18b61,Australian Institute for Machine Learning,AU,Australia,manual_verified_alias,https://adelaide.edu.au/research/australian-institute-for-machine-learning/about-australian-institute-for-machine-learning/,Official AIML page confirms the source typo and institute identity.
a star centre for frontier ai research cfar,,A*STAR Centre for Frontier AI Research,SG,Singapore,manual_verified_no_ror,https://www.a-star.edu.sg/cfar/,Official A*STAR page confirms CFAR and no pinned ROR record identifies this centre.
seoul city university,https://ror.org/05en5nh73,University of Seoul,KR,South Korea,manual_verified_alias,https://www.uos.ac.kr/en/main.do,Local ECCV context and official site support correction of the erroneous source name.
ben gurion university,https://ror.org/05tkyf982,Ben-Gurion University of the Negev,IL,Israel,manual_verified_alias,https://in.bgu.ac.il/en/Pages/default.aspx,Official university site confirms the short source form.
cuhk mmlab,https://ror.org/00t33hh48,Chinese University of Hong Kong,HK,Hong Kong,manual_verified_alias,https://www.cuhk.edu.hk/english/aboutus/introduction.html,The named MMLab is normalized to its CUHK parent.
department of computer science city university of hong kong,https://ror.org/03q8dnn23,City University of Hong Kong,HK,Hong Kong,manual_verified_alias,https://www.cs.cityu.edu.hk/about-us/department,The named department is normalized to City University of Hong Kong.
the hongkong polytechnic university,https://ror.org/0030zas98,Hong Kong Polytechnic University,HK,Hong Kong,manual_verified_alias,https://www.polyu.edu.hk/en/about-polyu/,Official university site confirms the source spacing variant.
iisc bangalore,https://ror.org/04dese585,Indian Institute of Science Bangalore,IN,India,manual_verified_alias,https://www.iisc.ac.in/about/,Official institute page confirms the source abbreviation.
iit jodhpur,https://ror.org/03yacj906,Indian Institute of Technology Jodhpur,IN,India,manual_verified_alias,https://iitj.ac.in/,Official institute page confirms the source abbreviation.
indian institute of information technology jabalpur,https://ror.org/00gmd7q80,Indian Institute of Information Technology Design and Manufacturing Jabalpur,IN,India,manual_verified_alias,https://www.iiitdmj.ac.in/,Official institute page confirms the formal canonical name.
kaist innocore llm korea advanced institute of science and technology,https://ror.org/05apxxy63,Korea Advanced Institute of Science and Technology,KR,South Korea,manual_verified_alias,https://www.kaist.ac.kr/en/,The named InnoCore unit is normalized to KAIST.
korea advanced institute of science and technology kaist daejeon,https://ror.org/05apxxy63,Korea Advanced Institute of Science and Technology,KR,South Korea,manual_verified_alias,https://www.kaist.ac.kr/en/,The Daejeon location qualifier does not identify a separate institution.
school of computing kaist,https://ror.org/05apxxy63,Korea Advanced Institute of Science and Technology,KR,South Korea,manual_verified_alias,https://www.kaist.ac.kr/en/,The named school is normalized to KAIST.
toyama university,https://ror.org/0445phv87,University of Toyama,JP,Japan,manual_verified_alias,https://www.u-toyama.ac.jp/en/,Official university site confirms the English canonical name.
the university of syndey,https://ror.org/0384j8v12,University of Sydney,AU,Australia,manual_verified_alias,https://www.sydney.edu.au/,Official university site confirms the spelling correction.
university of wollonong,https://ror.org/00jtmb277,University of Wollongong,AU,Australia,manual_verified_alias,https://www.uow.edu.au/,Official university site confirms the spelling correction.
weizmann institute,https://ror.org/0316ej306,Weizmann Institute of Science,IL,Israel,manual_verified_alias,https://www.weizmann.ac.il/pages/the-institute,Official institute page confirms the short source form.
institute for computer science artificial intelligence and technology,,Institute for Computer Science Artificial Intelligence and Technology (INSAIT),BG,Bulgaria,manual_verified_no_ror,https://insait.ai/what-is-insait/,Official INSAIT page confirms this legal institutional name and Sofia University unit relationship.
athena research and innovation centre,https://ror.org/0576by029,Athena Research and Innovation Center In Information Communication and Knowledge Technologies,GR,Greece,manual_verified_alias,https://www.athena-innovation.gr/,Local ROR alias and official center site confirm the source form.
athens university of economics and business,https://ror.org/03s262162,Athens University of Economics and Business,GR,Greece,manual_verified_alias,https://www.aueb.gr/,Local ROR and official university site confirm the source form.
irisa,https://ror.org/00myn0z94,Institut de Recherche en Informatique et Systèmes Aléatoires,FR,France,manual_verified_alias,https://www.irisa.fr/,Official institute site and local ROR acronym confirm IRISA.
moscow state university lomonosov moscow state university,https://ror.org/010pmpe69,Lomonosov Moscow State University,RU,Russia,manual_verified_alias,https://www.msu.ru/en/,Official university site confirms the duplicate source wording.
czech technical university,https://ror.org/03kqpb082,Czech Technical University in Prague,CZ,Czechia,manual_verified_alias,https://www.cvut.cz/en,Official university site confirms the source form.
technical university of wroclaw,https://ror.org/008fyn775,Wrocław University of Science and Technology,PL,Poland,manual_verified_alias,https://pwr.edu.pl/en/,Official university site confirms the English source variant.
wroclaw university of science and technology,https://ror.org/008fyn775,Wrocław University of Science and Technology,PL,Poland,manual_verified_alias,https://pwr.edu.pl/en/,Official university site confirms the ASCII source form.
university of bristo,https://ror.org/0524sp257,University of Bristol,GB,United Kingdom,manual_verified_alias,https://www.bristol.ac.uk/,Official university site confirms the spelling correction.
university of erlangen nuremberg,https://ror.org/00f7hpc57,Friedrich-Alexander-Universität Erlangen-Nürnberg,DE,Germany,manual_verified_alias,https://www.fau.eu/,Local ROR alias and official university site confirm the source form.
university of luxemburg,https://ror.org/036x5ad56,University of Luxembourg,LU,Luxembourg,manual_verified_alias,https://www.uni.lu/en/,Local ROR alias and official university site confirm the spelling correction.
vrije universitiet brussel,https://ror.org/006e5kg04,Vrije Universiteit Brussel,BE,Belgium,manual_verified_alias,https://www.vub.be/en,Local ROR and official university site confirm the spelling correction.
visual recognition group ctu in prague,https://ror.org/03kqpb082,Czech Technical University in Prague,CZ,Czechia,manual_verified_alias,https://www.cvut.cz/en,The named group is normalized to its explicitly named CTU parent.
shenzhen institute for advanced study university of electronic science and technology of china,https://ror.org/04qr3zq92,University of Electronic Science and Technology of China,CN,China,manual_verified_alias,https://sias.uestc.edu.cn/,The named Shenzhen institute is normalized to its explicitly named UESTC parent.
the shenzhen campus of sun yat sen university sun yat sen university,https://ror.org/0064kty71,Sun Yat-sen University,CN,China,manual_verified_alias,https://www.sysu.edu.cn/en/,The campus wording is normalized to its explicitly named parent university.
department of automation ustc,https://ror.org/04c4dkn09,University of Science and Technology of China,CN,China,manual_verified_alias,https://en.auto.ustc.edu.cn/DepartmentofAutomation/list.htm,The named department is normalized to its USTC parent.
mais institute of automation chinese academy of sciences,https://ror.org/022c3hy66,"Institute of Automation, Chinese Academy of Sciences",CN,China,manual_verified_alias,https://english.ia.cas.cn/rd/,MAIS is retained as a subunit qualifier and normalized to CASIA.
rocket force university of engineering,https://ror.org/00gg5zj35,PLA Rocket Force University of Engineering,CN,China,manual_verified_alias,https://ror.org/00gg5zj35,Local pinned ROR has the active exact institution label.
school of cyber science and technology shenzhen campus of sun yat sen university shenzhen 518107 china,https://ror.org/0064kty71,Sun Yat-sen University,CN,China,manual_verified_alias,https://iso.sysu.edu.cn/docs/2024-01/20240111173054055529.pdf,The named school and campus are normalized to Sun Yat-sen University.
state key lab of cad and cg zhejiang university,https://ror.org/00a2xv884,Zhejiang University,CN,China,manual_verified_alias,https://cyber.zju.edu.cn/2012/1121/c40996a1716719/page.htm,The named laboratory is normalized to Zhejiang University.
ucas terminus ai lab ucas,https://ror.org/05qbk4x57,University of Chinese Academy of Sciences,CN,China,manual_verified_alias,https://english.ucas.ac.cn/index.php/about-ucas/introduction,The joint lab is normalized to its named UCAS parent while retaining raw text.
school of computer science and engineering sun yat sen university,https://ror.org/0064kty71,Sun Yat-sen University,CN,China,manual_verified_alias,https://www.sysu.edu.cn/sysuen/Academics/Schools___Departments.htm,The named school is normalized to Sun Yat-sen University.
school of cyber science and technology sun yat sen university,https://ror.org/0064kty71,Sun Yat-sen University,CN,China,manual_verified_alias,https://www.sysu.edu.cn/sysuen/Academics/Schools___Departments.htm,The named school is normalized to Sun Yat-sen University.
shenzhen univeristy,https://ror.org/01vy4gh70,Shenzhen University,CN,China,manual_verified_alias,https://en.szu.edu.cn/About/About2.htm,Official university site confirms the spelling correction.
shanghai artificial intelligence innovation center,https://ror.org/03wkvpx79,Shanghai Artificial Intelligence Laboratory,CN,China,manual_verified_alias,https://www.shlab.org.cn/,Official laboratory site confirms the canonical entity.
state key laboratory of general artificial intelligence bigai,https://ror.org/02kw1ws04,Beijing Institute for General Artificial Intelligence,CN,China,manual_verified_alias,https://www.bigai.ai/,The named laboratory is normalized to BIGAI.
institute of automation university of the chinese academy of sciences,https://ror.org/05qbk4x57,University of Chinese Academy of Sciences,CN,China,manual_verified_alias,https://english.ucas.ac.cn/index.php/about-ucas/introduction,This source names a UCAS institute and is not collapsed into CASIA.
kim jaechul graduate school of ai korea advanced institute of science and technology,https://ror.org/05apxxy63,Korea Advanced Institute of Science and Technology,KR,South Korea,manual_verified_alias,https://gsai.kaist.ac.kr/,The named graduate school is normalized to KAIST.
university of national institute of science and technology,https://ror.org/017cjz748,Ulsan National Institute of Science and Technology,KR,South Korea,manual_verified_alias,https://www.unist.ac.kr/unist/introduction/history.do,Official UNIST history page confirms the source typo correction.
snu cvlab,https://ror.org/04h9pn542,Seoul National University,KR,South Korea,manual_verified_alias,https://cv.snu.ac.kr/,The named computer vision laboratory is normalized to Seoul National University.
soongsil univ,https://ror.org/017xnm587,Soongsil University,KR,South Korea,manual_verified_alias,https://www.ssu.ac.kr/,Official university site confirms the abbreviated source form.
tsukuba university,https://ror.org/02956yf07,University of Tsukuba,JP,Japan,manual_verified_alias,https://www.tsukuba.ac.jp/en/about/,Official university site confirms the source word-order variant.
hokkaido univeristy,https://ror.org/02e16g702,Hokkaido University,JP,Japan,manual_verified_alias,https://www.global.hokudai.ac.jp/,Official university site confirms the spelling correction.
indian institute of information technology bhagalpur,,Indian Institute of Information Technology Bhagalpur,IN,India,manual_verified_no_ror,https://www.iiitbh.ac.in/about-iiitbh,Official institute page confirms the entity; no exact pinned ROR record exists.
university of gueph,https://ror.org/01r7awg59,University of Guelph,CA,Canada,manual_verified_alias,https://www.uoguelph.ca/,Official university site confirms the spelling correction.
department of computer science whiting school of engineering,https://ror.org/00za53h95,Johns Hopkins University,US,United States,manual_verified_alias,https://engineering.jhu.edu/,The named Whiting School department is normalized to Johns Hopkins University.
nyu grossman school of medicine,,NYU Grossman School of Medicine,US,United States,manual_verified_no_ror,https://med.nyu.edu/,Official school site verifies this distinct medical school; no exact pinned ROR record exists.
nwpu,https://ror.org/01y0j0j86,Northwestern Polytechnical University,CN,China,manual_verified_alias,https://en.nwpu.edu.cn/,Official university site confirms the abbreviation.
rocket force university of engneering,https://ror.org/00gg5zj35,PLA Rocket Force University of Engineering,CN,China,manual_verified_alias,https://www.plarfu.edu.cn/,Official university site confirms the spelling correction.
school of computer science and engineering southeast university,https://ror.org/04ct4d772,Southeast University,CN,China,manual_verified_alias,https://www.seu.edu.cn/english/,The named school is normalized to its Southeast University parent.
shandong technology and business university,,Shandong Technology and Business University,CN,China,manual_verified_no_ror,https://www.sdibt.edu.cn/,Official university site verifies the entity; no exact pinned ROR record exists.
shanghai academy of ai for science,,Shanghai Academy of AI for Science,CN,China,manual_verified_no_ror,https://www.saias.cn/,Official academy site verifies the entity; no exact pinned ROR record exists.
nanjing unviersity,https://ror.org/01rxvg760,Nanjing University,CN,China,manual_verified_alias,https://www.nju.edu.cn/en/About.htm,Official university site confirms the spelling correction.
guangzhou maritime university,https://ror.org/03kzcrh59,Guangzhou Maritime University,CN,China,manual_verified_alias,https://www.gzmtu.edu.cn/xxgk/xxzc.htm,Official charter confirms the current name; pinned ROR retains the legacy College display.
university of macao,https://ror.org/01r4q9n85,University of Macau,MO,Macao,manual_verified_alias,https://www.um.edu.mo/,Official university site confirms the source form.
shanghai innovatiuon institute,,Shanghai Innovation Institute,CN,China,manual_verified_no_ror,https://www.sii.edu.cn/rs/list.htm,Official institute page confirms the spelling correction.
school of computer and information technology beijing jiaotong university and beijing key lab of traffic data analysis and mining china,https://ror.org/01yj56c84,Beijing Jiaotong University,CN,China,manual_verified_alias,https://en.bjtu.edu.cn/,The school and named key laboratory are rolled up to their explicitly named university parent.
university heidelberg,https://ror.org/038t36y30,Heidelberg University,DE,Germany,manual_verified_alias,https://www.uni-heidelberg.de/en,Official university site confirms the English source variant.
ferrara university,https://ror.org/041zkgm14,University of Ferrara,IT,Italy,manual_verified_alias,https://www.unife.it/en,Official university site confirms the source word-order variant.
kiel university,https://ror.org/04v76ef78,Christian-Albrechts-Universität zu Kiel,DE,Germany,manual_verified_alias,https://www.uni-kiel.de/en,Official university site confirms the English source form.
radboud university,https://ror.org/016xsfp80,Radboud University Nijmegen,NL,Netherlands,manual_verified_alias,https://www.ru.nl/en,Official university site confirms the source form.
reading university,https://ror.org/05v62cm79,University of Reading,GB,United Kingdom,manual_verified_alias,https://www.reading.ac.uk/,Official university site confirms the source word-order variant.
sapienza university,https://ror.org/02be6w209,Sapienza University of Rome,IT,Italy,manual_verified_alias,https://www.uniroma1.it/en,Official university site confirms the short source form.
universita di torino,https://ror.org/048tbm396,University of Turin,IT,Italy,manual_verified_alias,https://www.unito.it/en,Official university site confirms the Italian source form.
university jean jaures,https://ror.org/04ezk3x31,Université Toulouse-Jean Jaurès,FR,France,manual_verified_alias,https://www.univ-tlse2.fr/home,Official university site confirms the source form.
university of tromso,https://ror.org/00wge5k78,UiT The Arctic University of Norway,NO,Norway,manual_verified_alias,https://en.uit.no/,Official university site confirms the source form.
university hospital of clermont ferrand,https://ror.org/02tcf7a68,Centre Hospitalier Universitaire de Clermont-Ferrand,FR,France,manual_verified_alias,https://www.chu-clermontferrand.fr/,Official hospital site confirms the source form.
physical ai lab rwth aachen,https://ror.org/04xfq0f34,RWTH Aachen University,DE,Germany,manual_verified_alias,https://www.rwth-aachen.de/go/id/a/?lidx=1,The named laboratory is normalized to RWTH Aachen University.
rheinland pfalzische technische universitat,https://ror.org/01qrts582,Rheinland-Pfälzische Technische Universität Kaiserslautern-Landau,DE,Germany,manual_verified_alias,https://rptu.de/en/,Official university site confirms the source form.
technical university of applied sciences augsburg,https://ror.org/016604a03,Technische Hochschule Augsburg,DE,Germany,manual_verified_alias,https://www.tha.de/en/,Official university site confirms the source form.
university of roma la sapienza,https://ror.org/02be6w209,Sapienza University of Rome,IT,Italy,manual_verified_alias,https://www.uniroma1.it/en,Official university site confirms the Italian source form.
university of tubingen imprs is,https://ror.org/03a1kwz48,University of Tübingen,DE,Germany,manual_verified_alias,https://www.uni-tuebingen.de/en/,The named graduate program is normalized to University of Tübingen.
visual computing erlangen friedrich alexander universitaet,https://ror.org/00f7hpc57,Friedrich-Alexander-Universität Erlangen-Nürnberg,DE,Germany,manual_verified_alias,https://www.fau.eu/,The named visual computing unit is normalized to its university parent.
henan univeristy,https://ror.org/003xyzq10,Henan University,CN,China,manual_verified_alias,https://www.henu.edu.cn/,Official university site confirms the spelling correction.
changshu institute of technology,https://ror.org/05g6ben79,Changshu Institute of Technology,CN,China,manual_verified_alias,https://www.cslg.edu.cn/html/article_list_5.html,Official charter confirms the institutional identity.
peking union medical college,https://ror.org/02drdmm93,Chinese Academy of Medical Sciences and Peking Union Medical College,CN,China,manual_verified_alias,https://www.pumc.edu.cn/xxgk/xxgkml/35a118c54bcf460c82ad6a0a604601be.htm,Official charter confirms the canonical institutional identity.
athena reasearch center,https://ror.org/0576by029,Athena Research and Innovation Center In Information Communication and Knowledge Technologies,GR,Greece,manual_verified_alias,https://www.athenarc.gr/,Official center site confirms the spelling correction.
universtity of texas austin,https://ror.org/00hj54h04,The University of Texas at Austin,US,United States,manual_verified_alias,https://www.utexas.edu/,Official university site confirms the spelling correction.
forth,https://ror.org/052rphn09,Foundation for Research and Technology Hellas,GR,Greece,manual_verified_alias,https://www.forth.gr/,Official foundation site and pinned ROR record confirm the source acronym.
czech institute of informatics robotics and cybernetics ciirc ctu,https://ror.org/03kqpb082,Czech Technical University in Prague,CZ,Czechia,manual_verified_alias,https://ciirc.cvut.cz/,The named CIIRC institute is normalized to its CTU parent.
heidelberg university ruprecht karls universitat heidelberg,https://ror.org/038t36y30,Heidelberg University,DE,Germany,manual_verified_alias,https://www.uni-heidelberg.de/en,The German legal-name qualifier is a synonym and not a second institution.
hse university,https://ror.org/055f7t516,National Research University Higher School of Economics,RU,Russia,manual_verified_alias,https://www.hse.ru/en,Official university site confirms the source abbreviation.
multitel research and innovation center,https://ror.org/042e7c302,Multitel,BE,Belgium,manual_verified_alias,https://multitel.be,Official center site confirms the source form.
osnabrueck university germany,https://ror.org/04qmmjx98,Osnabrück University,DE,Germany,manual_verified_alias,https://www.uni-osnabrueck.de/en,Official university site confirms the ASCII source form.
university of amseterdam,https://ror.org/04dkp9463,University of Amsterdam,NL,Netherlands,manual_verified_alias,https://www.uva.nl/en,Official university site confirms the spelling correction.
international digital economy academy,,International Digital Economy Academy,CN,China,manual_verified_no_ror,https://www.idea.edu.cn/about,Official IDEA page verifies International Digital Economy Academy as the organization name; no matching organization exists in the pinned local ROR index.
the international digital economy academy,,International Digital Economy Academy,CN,China,manual_verified_no_ror,https://www.idea.edu.cn/about,Leading-article source variant; official IDEA page verifies the same organization and no matching pinned ROR record exists.
state key laboratory of multimodal artificial intelligence systems mais institute of automation chinese academy of sciences,https://ror.org/022c3hy66,"Institute of Automation, Chinese Academy of Sciences",CN,China,manual_verified_alias,https://mais.ia.ac.cn/,The named MAIS laboratory is a CASIA unit and is normalized to its explicitly named host institute.
bharatgen,,BharatGen,IN,India,manual_verified_no_ror,https://bharatgen.tech/,Official initiative site identifies BharatGen as an India-based public research initiative; no matching organization exists in the pinned local ROR index.
department of computer vision technology vis baidu inc china,https://ror.org/03vs3wt56,Baidu (China),CN,China,manual_verified_alias,https://research.baidu.com/,The VIS Department of Computer Vision Technology is a Baidu unit and the source explicitly identifies Baidu in China.
archimedes research unit,https://ror.org/0576by029,Athena Research and Innovation Center In Information Communication and Knowledge Technologies,GR,Greece,manual_verified_alias,https://archimedesai.gr/en,Official site identifies ARCHIMEDES as an Athena Research Center unit.
archimedes athena r c,https://ror.org/0576by029,Athena Research and Innovation Center In Information Communication and Knowledge Technologies,GR,Greece,manual_verified_alias,https://archimedesai.gr/en,Archimedes is a research unit of Athena Research Center; the abbreviated source form is normalized to its host institute.
buaa iai,https://ror.org/00wk2mp56,Beihang University,CN,China,manual_verified_alias,https://ev.buaa.edu.cn/Schools___Colleges/School_of_Artificial_Intelligence.htm,IAI is a Beihang University artificial-intelligence unit and is normalized to its host university.
china mobile communications group jiangsu co ltd,https://ror.org/05gftfe97,China Mobile (China),CN,China,manual_verified_alias,https://www.chinamobileltd.com/en/,The Jiangsu company is a China Mobile subsidiary and is normalized to its named parent organization.
mathematical institute for data science minds at jhu,https://ror.org/00za53h95,Johns Hopkins University,US,United States,manual_verified_alias,https://www.minds.jhu.edu/about-minds/,MINDS is a Johns Hopkins University institute and is normalized to its host university.
university of arkansas,https://ror.org/05jbt9m15,University of Arkansas at Fayetteville,US,United States,manual_verified_alias,https://brand.uark.edu/graphic-identity/nomenclature.php,Official nomenclature verifies University of Arkansas and the Fayetteville disambiguating institutional form.
wsetlake university,https://ror.org/05hfa4n20,Westlake University,CN,China,manual_verified_alias,https://en.westlake.edu.cn/,Official site confirms the corrected Westlake University spelling.
yunnan key laboratory of artificial intelligence,,Yunnan Key Laboratory of Artificial Intelligence,CN,China,manual_verified_no_ror,https://liip.kust.edu.cn/Index.do,Official laboratory site verifies its identity and Kunming University of Science and Technology host; no matching laboratory record exists in the pinned local ROR index.
northeast university at qinhuangdao campus,https://ror.org/03awzbc87,Northeastern University (China),CN,China,manual_verified_alias,https://www.neu.edu.cn/zhxx1.htm,Official Northeastern University source lists the Qinhuangdao campus; it is normalized to the host university rather than a separate campus ROR.
mintlab department of mechanical engineering korea university,https://ror.org/047dqcg40,Korea University,KR,South Korea,manual_verified_alias,https://mintlab.korea.ac.kr/,Official Korea University MINTLAB site verifies the laboratory and host university.
higher school of economics,https://ror.org/055f7t516,National Research University Higher School of Economics,RU,Russia,manual_verified_alias,https://www.hse.ru/en/info/history,Official history verifies the full institutional name.
ensta paris,https://ror.org/0106ccb15,École Nationale Supérieure de Techniques Avancées Paris,FR,France,manual_verified_alias,https://www.ensta-paris.fr/en/phd-programs,Official ENSTA page verifies the current ENSTA Paris identity.
ctu in prague,https://ror.org/03kqpb082,Czech Technical University in Prague,CZ,Czechia,manual_verified_alias,https://www.cvut.cz/en/,Official CTU site verifies the English institutional name.
tih foundation for iot and ioe,,TIH Foundation for IoT and IoE,IN,India,manual_verified_no_ror,https://tihiitb.org/home/about-us/,Official site identifies TIH-IoT as an IIT Bombay technology innovation hub; no matching organization exists in the pinned local ROR index.
cas ia ac,https://ror.org/022c3hy66,"Institute of Automation, Chinese Academy of Sciences",CN,China,manual_verified_alias,https://english.ia.cas.cn/,Official Institute of Automation site verifies the CAS/IA abbreviation expansion.
cityuhk,https://ror.org/03q8dnn23,City University of Hong Kong,HK,Hong Kong,manual_verified_alias,https://www.cityu.edu.hk/en/,Official university site identifies CityUHK as City University of Hong Kong.
compvis group lmu munich,https://ror.org/05591te55,Ludwig-Maximilians-Universität München,DE,Germany,manual_verified_alias,https://compvis.github.io/,Official CompVis site identifies its LMU Munich host university.
defense innovation institute academy of military science,,Defense Innovation Institute Academy of Military Science PLA,CN,China,manual_verified_no_ror,https://www.dii.ac.cn/,Official institute site identifies the Defense Innovation Institute under the Academy of Military Science; no matching local ROR record exists.
dreese laboratories 395 2015 neil ave columbus oh 43210,,"Dreese Laboratories, The Ohio State University",US,United States,manual_verified_no_ror,https://dreese.osu.edu/,Official Dreese Laboratories site identifies the Ohio State University facility; the address is retained only in raw source text.
dstg,https://ror.org/05ddrvt52,Defence Science and Technology Group,AU,Australia,manual_verified_alias,https://www.dst.defence.gov.au/,Official agency site verifies DSTG as Defence Science and Technology Group.
dzne bonn,https://ror.org/043j0f473,German Center for Neurodegenerative Diseases,DE,Germany,manual_verified_alias,https://www.dzne.de/en/,Official DZNE site verifies the Bonn location as a site qualifier for the German Center for Neurodegenerative Diseases.
ecole des ponts paristech,https://ror.org/02nwvxz07,École nationale des ponts et chaussées,FR,France,manual_verified_alias,https://www.ecoledesponts.fr/,Official school site verifies École des Ponts ParisTech as the canonical institution.
engineering institute of technology,,Engineering Institute of Technology,AU,Australia,manual_verified_no_ror,https://www.eit.edu.au/,Official EIT site verifies the higher-education institution; no matching organization exists in the pinned local ROR index.
ens paris saclay,https://ror.org/00hx6zz33,École Normale Supérieure Paris-Saclay,FR,France,manual_verified_alias,https://ens-paris-saclay.fr/,Official site verifies ENS Paris-Saclay as the institution name.
epfl valais wallis,https://ror.org/02s376052,École Polytechnique Fédérale de Lausanne,CH,Switzerland,manual_verified_alias,https://www.epfl.ch/research/domains/valais/,Official EPFL source identifies Valais Wallis as an EPFL campus/site.
eth ai center,,ETH AI Center,CH,Switzerland,manual_verified_no_ror,https://ai.ethz.ch/,Official AI Center site verifies the ETH Zurich research center; no separate matching local ROR record exists.
fukui university,https://ror.org/00msqp585,University of Fukui,JP,Japan,manual_verified_alias,https://www.u-fukui.ac.jp/eng/,Official English site verifies University of Fukui as the canonical name.
graz university of technology institute of visual computing,https://ror.org/00d7xrm67,Graz University of Technology,AT,Austria,manual_verified_alias,https://www.tugraz.at/institute/icg/home,Official Institute of Computer Graphics and Vision site verifies its Graz University of Technology host.
gustave eiffel univ,https://ror.org/03x42jk29,Université Gustave Eiffel,FR,France,manual_verified_alias,https://www.univ-gustave-eiffel.fr/,Official university site verifies the abbreviated source form.
hefei comprehensive national science center,,Hefei Comprehensive National Science Center,CN,China,manual_verified_no_ror,https://www.hfnc.org.cn/,Official center site verifies the research-center identity; no matching organization exists in the pinned local ROR index.
ho chi minh city university of science vietnam national university,https://ror.org/05jfbgm49,Ho Chi Minh City University of Science,VN,Vietnam,manual_verified_alias,https://hcmus.edu.vn/,Official site verifies the university and Vietnam National University Ho Chi Minh City relationship.
ippt pan,https://ror.org/03fs4aq04,Institute of Fundamental Technological Research,PL,Poland,manual_verified_alias,https://www.ippt.pan.pl/en,Official institute site verifies the IPPT PAN expansion.
isir umr 7222,https://ror.org/05neq8668,Institut Systèmes Intelligents et de Robotique,FR,France,manual_verified_alias,https://www.isir.upmc.fr/,Official ISIR site verifies the UMR 7222 research institute; the unit number remains a raw qualifier.
jain deemed to be university,,JAIN (Deemed-to-be University),IN,India,manual_verified_no_ror,https://www.jainuniversity.ac.in/,Official university site verifies JAIN capitalization and designation; no matching local ROR record exists.
jeounbuk national university,https://ror.org/05q92br09,Jeonbuk National University,KR,South Korea,manual_verified_alias,https://www.jbnu.ac.kr/eng/,Official English site verifies the spelling correction.
jianggangshan university,https://ror.org/04exd0a76,Jinggangshan University,CN,China,manual_verified_alias,https://www.jgsu.edu.cn/,Official university site verifies the spelling correction.
jio university,https://ror.org/03fsd9z73,Jio Institute,IN,India,manual_verified_alias,https://www.jioinstitute.edu.in/,Official institution site verifies Jio Institute as the current official name.
johns hopkins,https://ror.org/00za53h95,Johns Hopkins University,US,United States,manual_verified_alias,https://www.jhu.edu/,Official university site verifies the shortened source form.
key laboratory of new generation artificial intelligence technology and its interdisciplinary applications southeast university ministry of education china,https://ror.org/04ct4d772,Southeast University,CN,China,manual_verified_alias,https://www.seu.edu.cn/,The named Ministry of Education laboratory is normalized to its explicitly named Southeast University host.
korea university sejong campus,https://ror.org/047dqcg40,Korea University,KR,South Korea,manual_verified_alias,https://sejong.korea.ac.kr/eng,Official campus site verifies Korea University Sejong Campus and the Korean Korea University parent.
leibniz institut fur analytische wissenschaften,https://ror.org/02jhqqg57,Leibniz Institute for Analytical Sciences - ISAS,DE,Germany,manual_verified_alias,https://www.isas.de/en,Official ISAS site verifies the German-language institute name.
