comparison_key,canonical_ror_id,canonical_organization,country_code,country_name,parent_organization,resolution_method,evidence_url,evidence_note
tencent,,Tencent,,,Tencent,canonical_parent_country_undetermined,https://www.tencent.com/en-us/,Official Tencent site verifies the corporate identity; source does not state a research site country.
google,,Google,,,Google,canonical_parent_country_undetermined,https://about.google/,Official Google site verifies the corporate identity; source does not state a research site country.
google deepmind,,Google DeepMind,,,Google,canonical_parent_country_undetermined,https://deepmind.google/,Official Google DeepMind site verifies the research organization; source does not state a research site country.
bytedance inc,,ByteDance,,,ByteDance,canonical_parent_country_undetermined,https://www.bytedance.com/en/,Official ByteDance site verifies the corporate identity; source does not state a research site country.
bytedance,,ByteDance,,,ByteDance,canonical_parent_country_undetermined,https://www.bytedance.com/en/,Official ByteDance site verifies the corporate identity; source does not state a research site country.
huawei technologies ltd,,Huawei,,,Huawei,canonical_parent_country_undetermined,https://www.huawei.com/en/,Official Huawei site verifies the corporate identity; source does not state a research site country.
huawei technologies co ltd,,Huawei,,,Huawei,canonical_parent_country_undetermined,https://www.huawei.com/en/,Official Huawei site verifies the corporate identity; source does not state a research site country.
huawei,,Huawei,,,Huawei,canonical_parent_country_undetermined,https://www.huawei.com/en/,Official Huawei site verifies the corporate identity; source does not state a research site country.
nvidia,,NVIDIA,,,NVIDIA,canonical_parent_country_undetermined,https://www.nvidia.com/en-us/about-nvidia/,Official NVIDIA site verifies the corporate identity; source does not state a research site country.
amazon,,Amazon,,,Amazon,canonical_parent_country_undetermined,https://www.aboutamazon.com/,Official Amazon site verifies the corporate identity; source does not state a research site country.
meta,,Meta,,,Meta,canonical_parent_country_undetermined,https://about.meta.com/,Official Meta site verifies the corporate identity; source does not state a research site country.
facebook,,Facebook,,,Meta,canonical_parent_country_undetermined,https://about.meta.com/company-info/,Official Meta company information identifies Facebook within the Meta parent organization; source does not state a research site country.
adobe,,Adobe,,,Adobe,canonical_parent_country_undetermined,https://www.adobe.com/about-adobe.html,Official Adobe site verifies the corporate identity; source does not state a research site country.
adobe systems,,Adobe,,,Adobe,canonical_parent_country_undetermined,https://www.adobe.com/about-adobe.html,Official Adobe site verifies the corporate identity; source does not state a research site country.
adobe research,,Adobe Research,,,Adobe,canonical_parent_country_undetermined,https://research.adobe.com/,Official Adobe Research site verifies the research organization; source does not state a research site country.
microsoft,,Microsoft,,,Microsoft,canonical_parent_country_undetermined,https://www.microsoft.com/en-us/about,Official Microsoft site verifies the corporate identity; source does not state a research site country.
microsoft research,,Microsoft Research,,,Microsoft,canonical_parent_country_undetermined,https://www.microsoft.com/en-us/research/,Official Microsoft Research site verifies the research organization; source does not state a research site country.
microsoft research asia,,Microsoft Research Asia,,,Microsoft,canonical_parent_country_undetermined,https://www.microsoft.com/en-us/research/lab/microsoft-research-asia/,Official Microsoft Research Asia site verifies the research organization; source does not state a research site country.
xiaomi corporation,,Xiaomi,,,Xiaomi,canonical_parent_country_undetermined,https://www.mi.com/global/about/,Official Xiaomi site verifies the corporate identity; source does not state a research site country.
xiaomi,,Xiaomi,,,Xiaomi,canonical_parent_country_undetermined,https://www.mi.com/global/about/,Official Xiaomi site verifies the corporate identity; source does not state a research site country.
kuaishou 快手科技,,Kuaishou,,,Kuaishou,canonical_parent_country_undetermined,https://ir.kuaishou.com/,Official Kuaishou investor site verifies the corporate identity; source does not state a research site country.
kuaishou technology,,Kuaishou,,,Kuaishou,canonical_parent_country_undetermined,https://ir.kuaishou.com/,Official Kuaishou investor site verifies the corporate identity; source does not state a research site country.
kuaishou,,Kuaishou,,,Kuaishou,canonical_parent_country_undetermined,https://ir.kuaishou.com/,Official Kuaishou investor site verifies the corporate identity; source does not state a research site country.
jd com,,JD.com,,,JD.com,canonical_parent_country_undetermined,https://corporate.jd.com/,Official JD.com site verifies the corporate identity; source does not state a research site country.
snap inc,,Snap Inc.,,,Snap Inc.,canonical_parent_country_undetermined,https://snap.com/en-US/,Official Snap site verifies the corporate identity; source does not state a research site country.
vivo mobile communication co ltd,,vivo,,,vivo,canonical_parent_country_undetermined,https://www.vivo.com/en/about-vivo/,Official vivo site verifies the corporate identity; source does not state a research site country.
naver labs europe,,NAVER LABS Europe,,,NAVER,canonical_parent_country_undetermined,https://europe.naverlabs.com/,Official NAVER LABS Europe site verifies the research organization; source does not state a research site country.
samsung,,Samsung,,,Samsung,canonical_parent_country_undetermined,https://www.samsung.com/global/about-us/,Official Samsung site verifies the corporate identity; source does not state a research site country.
sony group corporation,,Sony Group Corporation,,,Sony Group Corporation,canonical_parent_country_undetermined,https://www.sony.com/en/SonyInfo/CorporateInfo/,Official Sony site verifies the corporate identity; source does not state a research site country.
meituan inc,,Meituan,,,Meituan,canonical_parent_country_undetermined,https://about.meituan.com/en/,Official Meituan site verifies the corporate identity; source does not state a research site country.
horizon robotics,,Horizon Robotics,,,Horizon Robotics,canonical_parent_country_undetermined,https://en.horizon.auto/,Official Horizon Robotics site verifies the corporate identity; source does not state a research site country.
qualcomm,,Qualcomm,,,Qualcomm,canonical_parent_country_undetermined,https://www.qualcomm.com/company,Official Qualcomm site verifies the corporate identity; source does not state a research site country.
qualcomm ai research,,Qualcomm AI Research,,,Qualcomm,canonical_parent_country_undetermined,https://www.qualcomm.com/research/artificial-intelligence,Official Qualcomm AI site verifies the research organization; source does not state a research site country.
netflix,,Netflix,,,Netflix,canonical_parent_country_undetermined,https://about.netflix.com/,Official Netflix site verifies the corporate identity; source does not state a research site country.
sensetime,,SenseTime,,,SenseTime,canonical_parent_country_undetermined,https://www.sensetime.com/en,Official SenseTime site verifies the corporate identity; source does not state a research site country.
lg corporation,,LG Corporation,,,LG Corporation,canonical_parent_country_undetermined,https://www.lgcorp.com/,Official LG Corporation site verifies the corporate identity; source does not state a research site country.
alibaba,,Alibaba Group,,,Alibaba Group,canonical_parent_country_undetermined,https://www.alibabagroup.com/en-US/,Official Alibaba Group site verifies the corporate identity; source does not state a research site country.
oppo,,OPPO,,,OPPO,canonical_parent_country_undetermined,https://www.oppo.com/en/,Official OPPO site verifies the corporate identity; source does not state a research site country.
oppo research institute,,OPPO Research Institute,,,OPPO,canonical_parent_country_undetermined,https://www.oppo.com/en/,Official OPPO site verifies the research-unit parent organization; source does not state a research site country.
stability ai,,Stability AI,,,Stability AI,canonical_parent_country_undetermined,https://stability.ai/,Official Stability AI site verifies the corporate identity; source does not state a research site country.
li auto inc,,Li Auto,,,Li Auto,canonical_parent_country_undetermined,https://www.lixiang.com/en,Official Li Auto site verifies the corporate identity; source does not state a research site country.
tencent hunyuan,,Tencent Hunyuan,,,Tencent,canonical_parent_country_undetermined,https://www.tencent.com/tencent-unveils-hunyuan-its-proprietary-large-foundation-model-on-tencent-cloud/,Official Tencent page identifies Hunyuan as its proprietary foundation model.
tencent hunyuan 3d,,Tencent Hunyuan 3D,,,Tencent,canonical_parent_country_undetermined,https://www.tencent.com/en-us/articles/2202235.html,Official Tencent page identifies the Hunyuan 3D engine.
tencent hunyuan3d,,Tencent Hunyuan 3D,,,Tencent,canonical_parent_country_undetermined,https://www.tencent.com/en-us/articles/2202235.html,Official Tencent page spelling variant.
tencent hunyuan foundation model team,,Tencent Hunyuan,,,Tencent,canonical_parent_country_undetermined,https://www.tencent.com/tencent-unveils-hunyuan-its-proprietary-large-foundation-model-on-tencent-cloud/,Official source supports normalizing the foundation-model team label.
tencent hunyuan team,,Tencent Hunyuan,,,Tencent,canonical_parent_country_undetermined,https://www.tencent.com/tencent-unveils-hunyuan-its-proprietary-large-foundation-model-on-tencent-cloud/,Official source supports normalizing the Hunyuan team label.
tencent hy,,Tencent Hunyuan,,,Tencent,canonical_parent_country_undetermined,https://www.tencent.com/index.php/en-us/articles/2202320.html,Official Tencent source identifies Hy as Hunyuan.
tencent ai lab,,Tencent AI Lab,,,Tencent,canonical_parent_country_undetermined,https://ailab.tencent.com/ailab/en/recruit/,Official Tencent AI Lab page identifies the corporate laboratory.
tencent ailab,,Tencent AI Lab,,,Tencent,canonical_parent_country_undetermined,https://ailab.tencent.com/ailab/en/recruit/,Official Tencent AI Lab spelling variant.
tencent arc lab,,Tencent ARC Lab,,,Tencent,canonical_parent_country_undetermined,https://arc.tencent.com/,Official Tencent ARC Lab site identifies the corporate unit.
arc lab tencent pcg,,Tencent ARC Lab,,,Tencent,canonical_parent_country_undetermined,https://arc.tencent.com/,Official Tencent ARC Lab site identifies the corporate unit.
tencent pcg arc lab,,Tencent ARC Lab,,,Tencent,canonical_parent_country_undetermined,https://arc.tencent.com/,Official Tencent ARC Lab site identifies the corporate unit.
tencent pcg,,Tencent Platform & Content Group,,,Tencent,canonical_parent_country_undetermined,https://static.www.tencent.com/storage/uploads/2019/11/09/06f37108e5174fd8b3fcc88a2041fe0b.pdf,Official Tencent announcement defines PCG as Platform and Content Group.
tencent content and platform group,,Tencent Platform & Content Group,,,Tencent,canonical_parent_country_undetermined,https://static.www.tencent.com/storage/uploads/2019/11/09/06f37108e5174fd8b3fcc88a2041fe0b.pdf,Official Tencent announcement defines Platform and Content Group.
tencent youtu,,Tencent Youtu Lab,,,Tencent,canonical_parent_country_undetermined,https://www.tencent.com/en-us/articles/2200933.html,Official Tencent page identifies Tencent YouTu Lab.
tencent youtu lab,,Tencent Youtu Lab,,,Tencent,canonical_parent_country_undetermined,https://www.tencent.com/en-us/articles/2200933.html,Official Tencent page identifies Tencent YouTu Lab.
tencent robotics x,,Tencent Robotics X Lab,,,Tencent,canonical_parent_country_undetermined,https://tairos.tencent.com/,Official Tencent Robotics X site identifies the lab.
tencent robotics x lab,,Tencent Robotics X Lab,,,Tencent,canonical_parent_country_undetermined,https://tairos.tencent.com/,Official Tencent Robotics X site identifies the lab.
tencent jarvis lab,,Tencent Jarvis Research Center,,,Tencent,canonical_parent_country_undetermined,https://jarvislab.tencent.com/index-en.html,Official Tencent Jarvis Research Center site identifies the unit.
tencent institute of games,,Tencent Institute of Games,,,Tencent,canonical_parent_country_undetermined,https://gameinstitute.tencent.com/,Official Tencent Institute of Games site identifies the unit.
tencent qqbrower,,Tencent QQ Browser,,,Tencent,canonical_parent_country_undetermined,https://www.tencent.com/zh-cn/products/qq-browser/,Official Tencent product page identifies QQ Browser and source typo is normalized.
tencent video,,Tencent Video,,,Tencent,canonical_parent_country_undetermined,https://www.tencent.com/products/tencent-video/,Official Tencent product page identifies Tencent Video.
tencent wxg,,Tencent Weixin Group,,,Tencent,canonical_parent_country_undetermined,https://www.tencent.com/who-we-are/,Official Tencent corporate page defines WXG as Weixin Group.
tencent holdings ltd,,Tencent Holdings Limited,,,Tencent,canonical_parent_country_undetermined,https://www.tencent.com/investors/shareholder-information/,Official investor page identifies Tencent Holdings Limited.
tencent technology,,Tencent Technology (Shenzhen) Company Limited,,,Tencent,canonical_parent_country_undetermined,https://static.www.tencent.com/uploads/2024/04/08/e95c902973fc282be3b3e285c6245281.pdf,Official annual report identifies the Tencent Technology group entity.
tencent technology beijing co ltd,,Tencent Technology (Beijing) Company Limited,,,Tencent,canonical_parent_country_undetermined,https://static.www.tencent.com/uploads/2024/04/08/e95c902973fc282be3b3e285c6245281.pdf,Official annual report identifies Tencent Technology Beijing.
tencent technology beijing company limited,,Tencent Technology (Beijing) Company Limited,,,Tencent,canonical_parent_country_undetermined,https://static.www.tencent.com/uploads/2024/04/08/e95c902973fc282be3b3e285c6245281.pdf,Official annual report identifies Tencent Technology Beijing.
tencent technology shanghai co ltd,,Tencent Technology (Shanghai) Company Limited,,,Tencent,canonical_parent_country_undetermined,https://static.www.tencent.com/uploads/2024/04/08/e95c902973fc282be3b3e285c6245281.pdf,Official annual report identifies Tencent Technology Shanghai.
tencent technology shenzhen co ltd,,Tencent Technology (Shenzhen) Company Limited,,,Tencent,canonical_parent_country_undetermined,https://static.www.tencent.com/uploads/2024/04/08/e95c902973fc282be3b3e285c6245281.pdf,Official annual report identifies Tencent Technology Shenzhen.
lightspeed studios,,LightSpeed Studios,,,Tencent,canonical_parent_country_undetermined,https://www.tencent.com/en-us/articles/2201464.html,Official Tencent page identifies LightSpeed Studios as a Tencent developer.
lightspeed,,LightSpeed Studios,,,Tencent,canonical_parent_country_undetermined,https://www.tencent.com/en-us/articles/2201464.html,Official Tencent page identifies LightSpeed Studios as a Tencent developer.
tencent lightspeed studio,,LightSpeed Studios,,,Tencent,canonical_parent_country_undetermined,https://www.tencent.com/en-us/articles/2201464.html,Official Tencent page identifies LightSpeed Studios as a Tencent developer.
tencent lightspeed studios singapore,,LightSpeed Studios,,,Tencent,canonical_parent_country_undetermined,https://www.tencent.com/en-us/articles/2201464.html,Official Tencent page identifies LightSpeed Studios; the site qualifier remains raw.
lightspeed studios tencent america,,LightSpeed Studios,,,Tencent,canonical_parent_country_undetermined,https://www.tencent.com/en-us/articles/2201464.html,Official Tencent page identifies LightSpeed Studios; the site qualifier remains raw.
wechat,,WeChat,,,Tencent,canonical_parent_country_undetermined,https://www.tencent.com/products/weixin-wechat/,Official Tencent product page identifies WeChat as a Tencent service.
wechat team,,WeChat Team,,,Tencent,canonical_parent_country_undetermined,https://www.tencent.com/en-us/articles/2200921.html,Official Tencent release refers to the WeChat team.
tencent wechat,,WeChat,,,Tencent,canonical_parent_country_undetermined,https://www.tencent.com/products/weixin-wechat/,Official Tencent product page identifies WeChat as a Tencent service.
wechat tencent,,WeChat,,,Tencent,canonical_parent_country_undetermined,https://www.tencent.com/products/weixin-wechat/,Official Tencent product page identifies WeChat as a Tencent service.
huawei noah s ark lab,,Huawei Noah's Ark Lab,,,Huawei,canonical_parent_country_undetermined,https://www.huawei.com/en/news/2016/10/huawei-uc-berkeley-strategic-partnership-research-ai,Official Huawei source identifies Noah's Ark Laboratory as its AI research unit.
huawei noah ark lab,,Huawei Noah's Ark Lab,,,Huawei,canonical_parent_country_undetermined,https://www.huawei.com/en/news/2016/10/huawei-uc-berkeley-strategic-partnership-research-ai,Official Huawei source identifies Noah's Ark Laboratory as its AI research unit.
huawei noah ark s lab,,Huawei Noah's Ark Lab,,,Huawei,canonical_parent_country_undetermined,https://www.huawei.com/en/news/2016/10/huawei-uc-berkeley-strategic-partnership-research-ai,Official Huawei source punctuation variant.
noah s ark lab huawei,,Huawei Noah's Ark Lab,,,Huawei,canonical_parent_country_undetermined,https://www.huawei.com/en/news/2016/10/huawei-uc-berkeley-strategic-partnership-research-ai,Official Huawei source identifies the AI research unit.
huawei noah s ark lab montreal,,Huawei Noah's Ark Lab,,,Huawei,canonical_parent_country_undetermined,https://www.huawei.com/en/news/2016/10/huawei-uc-berkeley-strategic-partnership-research-ai,Official Huawei source identifies the research lab; site qualifier remains raw.
huawei technologies,,Huawei Technologies Co. Ltd.,,,Huawei,canonical_parent_country_undetermined,https://www.huawei.com/en/media-center/company-facts,Official Huawei materials identify Huawei Technologies Co. Ltd.
huawei inc,,Huawei,,,Huawei,canonical_parent_country_undetermined,https://www.huawei.com/en/media-center/company-facts,Official Huawei corporate materials identify Huawei.
huawei technologies duesseldorf gmbh,,Huawei Technologies Düsseldorf GmbH,,,Huawei,canonical_parent_country_undetermined,https://www.huawei.com/de/declarations/htdus-lksg,Official Huawei Germany page identifies the local group entity.
huawei zurich research center,,Huawei Zurich Research Center,,,Huawei,canonical_parent_country_undetermined,https://www.huawei.com/ch-en/corporate-information/local-states,Official Huawei Switzerland page identifies the Zurich Research Center within Huawei.
noah s ark huawei paris research center,,Huawei Paris Research Center,,,Huawei,canonical_parent_country_undetermined,https://www.huawei.com/en/news/2024/5/tech-arena-Contests-Europe,Official Huawei page identifies Huawei Paris Research Center.
noah s ark huawei paris research center france,,Huawei Paris Research Center,,,Huawei,canonical_parent_country_undetermined,https://www.huawei.com/en/news/2024/5/tech-arena-Contests-Europe,Official Huawei page identifies Huawei Paris Research Center; country not inferred from the normalized field.
united imaging intelligence,,United Imaging Intelligence,,,United Imaging Group,canonical_parent_country_undetermined,https://global.united-imaging.com/en/investor-relations/faq,Official UIH information identifies United Imaging Intelligence under United Imaging Group.
mininglamp technology,,Mininglamp Technology,,,Mininglamp Technology,canonical_parent_country_undetermined,https://www.mininglamp.com/en/about/,Official company page verifies Mininglamp Technology.
agibot,,AGIBOT Innovation (Shanghai) Technology Co. Ltd.,,,AGIBOT Innovation (Shanghai) Technology Co. Ltd.,canonical_parent_country_undetermined,https://agibot.com/about/news,Official company page verifies the AGIBOT corporate identity.
ororatech gmbh,,OroraTech GmbH,,,OroraTech GmbH,canonical_parent_country_undetermined,https://ororatech.com/company/about-us,Official company page identifies OroraTech GmbH.
honor device co ltd,,HONOR Device Co. Ltd.,,,HONOR Device Co. Ltd.,canonical_parent_country_undetermined,https://agreement.itsec.honor.com/asm/agrFile/getHtmlFile?agrNo=1101&branchId=0&country=global&langCode=en-us,Official HONOR statement identifies the operating company.
lenovo group limited,,Lenovo Group Limited,,,Lenovo Group Limited,canonical_parent_country_undetermined,https://investor.lenovo.com/en/global/home.php,Official investor site identifies Lenovo Group Limited.
china mobile communications group co ltd,,China Mobile Communications Group Co. Ltd.,,,China Mobile,canonical_parent_country_undetermined,https://www.chinamobileltd.com/en/ir/reports/ar2021/sd2021.pdf,Official China Mobile report supports the corporate parent mapping.
galbot,,Galbot,,,Galbot,canonical_parent_country_undetermined,https://www.galbot.com/,Official Galbot site verifies the robotics company identity.
kddi research inc,,KDDI Research Inc.,,,KDDI Corporation,canonical_parent_country_undetermined,https://www.kddi-research.jp/english/labo.html,Official KDDI Research page identifies the subsidiary and KDDI parent.
byd company limited,,BYD Company Limited,,,BYD Company Limited,canonical_parent_country_undetermined,https://www.bydglobal.com/en/CompanyIntro.html,Official BYD profile verifies the corporate identity.
dp technology,,DP Technology,,,DP Technology,canonical_parent_country_undetermined,https://www.dp.tech/en/contact,Official contact page verifies DP Technology.
fusionbrain lab,,FusionBrain Lab,,,FusionBrain Lab,canonical_parent_country_undetermined,https://fusionbrainlab.com/en/,Official FusionBrain Lab site verifies the research-lab identity.
midea group,,Midea Group,,,Midea Group,canonical_parent_country_undetermined,https://www.midea.com.cn/en/about-midea/Innovation/research-centers,Official Midea page identifies Midea Group research operations.
robert bosch gmbh bosch,,Robert Bosch GmbH,,,Robert Bosch GmbH,canonical_parent_country_undetermined,https://www.bosch.com/company/,Official Bosch company page verifies the duplicate source wording.
beijing gigaai technology co ltd,,GigaAI,,,GigaAI,canonical_parent_country_undetermined,https://gigaai.cc/about,Official GigaAI company page verifies the corporate identity.
algolux,,Algolux,,,Daimler Truck,canonical_parent_country_undetermined,https://torc.ai/about-us/,Official Torc page records Algolux acquisition and Daimler Truck ownership.
torc robotics,,Torc Robotics,,,Daimler Truck,canonical_parent_country_undetermined,https://torc.ai/,Official Torc page identifies the Daimler Truck subsidiary.
torc europe gmbh,,Torc Robotics,,,Daimler Truck,canonical_parent_country_undetermined,https://torc.ai/about-us/,Regional legal suffix does not establish a research-site country.
mediatek,,MediaTek Incorporated,,,MediaTek Incorporated,canonical_parent_country_undetermined,https://www.mediatek.com/company/discover,Official company page identifies MediaTek Incorporated.
woven by toyota inc,,Woven by Toyota,,,Toyota Motor Corporation,canonical_parent_country_undetermined,https://www.woven.toyota/jp/company/profile/,Official Woven profile identifies Toyota Motor Corporation ownership.
autodesk,,Autodesk,,,Autodesk,canonical_parent_country_undetermined,https://www.autodesk.com/company,Official Autodesk company page verifies the organization.
applied intuition inc,,Applied Intuition,,,Applied Intuition,canonical_parent_country_undetermined,https://www.appliedintuition.com/company,Official company page verifies Applied Intuition identity.
canva,,Canva,,,Canva,canonical_parent_country_undetermined,https://www.canva.com/about/,Official Canva about page verifies the company identity.
magic leap,,Magic Leap,,,Magic Leap,canonical_parent_country_undetermined,https://www.magicleap.com/company,Official Magic Leap company page verifies the organization.
d robotics,,D-Robotics,,,D-Robotics,canonical_parent_country_undetermined,https://www.d-robotics.cc/,Official D-Robotics site verifies the company identity.
toyota motor europe,,Toyota Motor Europe,,,Toyota Motor Corporation,canonical_parent_country_undetermined,https://www.toyota-europe.com/about-us,Official Toyota Europe page verifies the organization.
advanced micro devices inc,,Advanced Micro Devices Inc.,,,Advanced Micro Devices Inc.,canonical_parent_country_undetermined,https://www.amd.com/en/corporate.html,Official AMD page identifies the company.
aws ai,,Amazon Web Services,,,Amazon,canonical_parent_country_undetermined,https://aws.amazon.com/about-aws/,Official AWS page verifies AWS and Amazon parentage.
baidu online network technology beijing co ltd,,Baidu,,,Baidu,canonical_parent_country_undetermined,https://ir.baidu.com/,Official Baidu investor site verifies the corporate identity.
dji technology co ltd,,DJI,,,DJI,canonical_parent_country_undetermined,https://www.dji.com/company,Official DJI company page verifies the organization.
ibm research,,IBM Research,,,IBM,canonical_parent_country_undetermined,https://research.ibm.com/about,Official IBM Research page verifies the research organization and parent.
luma ai,,Luma AI,,,Luma AI,canonical_parent_country_undetermined,https://lumalabs.ai/about,Official Luma AI page verifies the company identity.
microsoft genai,,Microsoft GenAI,,,Microsoft,canonical_parent_country_undetermined,https://www.microsoft.com/en-us/research/,Official Microsoft research page verifies the research organization.
minimax,,MiniMax,,,MiniMax,canonical_parent_country_undetermined,https://www.minimax.io/about,Official MiniMax page verifies the company identity.
naver,,NAVER,,,NAVER,canonical_parent_country_undetermined,https://www.navercorp.com/en/company/affiliates,Official NAVER page verifies the corporate identity.
robert bosch gmbh,,Robert Bosch GmbH,,,Bosch,canonical_parent_country_undetermined,https://www.bosch.com/company/,Official Bosch company page verifies the corporate identity.
robert bosch llc,,Bosch,,,Bosch,canonical_parent_country_undetermined,https://www.bosch.com/company/,Official Bosch company page verifies the corporate identity.
runway,,Runway,,,Runway,canonical_parent_country_undetermined,https://runwayml.com/about,Official Runway page verifies the company identity.
safe intelligence,,Safe Intelligence,,,Safe Intelligence,canonical_parent_country_undetermined,https://safeintelligence.ai/,Official company site verifies Safe Intelligence identity.
schindler ag,,Schindler,,,Schindler,canonical_parent_country_undetermined,https://group.schindler.com/en/company.html,Official Schindler page verifies the company identity.
siemens ag,,Siemens,,,Siemens,canonical_parent_country_undetermined,https://www.siemens.com/global/en/company/about.html,Official Siemens page verifies the company identity.
uber,,Uber,,,Uber,canonical_parent_country_undetermined,https://www.uber.com/us/en/about/,Official Uber company page verifies the organization.
valeo ai,,Valeo.ai,,,Valeo,canonical_parent_country_undetermined,https://www.valeo.com/en/valeo-ai/,Official Valeo page verifies Valeo.ai as a Valeo organization.
vinai,,VinAI,,,Vingroup,canonical_parent_country_undetermined,https://vinai.io/,Official VinAI site verifies the research organization and Vingroup parent.
xpeng robotics,,XPeng Robotics,,,XPeng,canonical_parent_country_undetermined,https://www.xpeng.com/about,Official XPeng page verifies the corporate identity.
zozo,,ZOZO,,,ZOZO,canonical_parent_country_undetermined,https://corp.zozo.com/en/company/profile/,Official ZOZO profile verifies the organization.
4paradigm,,4Paradigm,,,4Paradigm,canonical_parent_country_undetermined,https://en.4paradigm.com/,Official company site verifies the corporate identity.
inceptio,,Inceptio Technology,,,Inceptio Technology,canonical_parent_country_undetermined,https://en.inceptio.ai/about/,Official company site verifies the autonomous-trucking company identity.
bosch research,,Bosch Research,,,Robert Bosch GmbH,canonical_parent_country_undetermined,https://www.bosch.com/research/,Official Bosch page identifies Bosch Research as its research organization.
bosch center for artificial intelligence,,Bosch Center for Artificial Intelligence (BCAI),,,Robert Bosch GmbH,canonical_parent_country_undetermined,https://www.bosch.com/research/bcai/,Official Bosch page identifies BCAI as its AI center.
ibm research europe,,IBM Research Europe,,,IBM,canonical_parent_country_undetermined,https://research.ibm.com/,Official IBM Research site verifies the research organization.
clo virtual fashion,,CLO Virtual Fashion,,,CLO Virtual Fashion,canonical_parent_country_undetermined,https://clovirtualfashion.com/,Official company site verifies the organization.
midea ai research center,,Midea AI Research Center,,,Midea Group,canonical_parent_country_undetermined,https://www.midea.com.cn/en/about-midea/Innovation/research-centers,Official Midea research-centers page verifies the organization.
nec laboratories america,,NEC Laboratories America Inc.,,,NEC Corporation,canonical_parent_country_undetermined,https://www.nec-labs.com/about-us/,Official NEC Labs page identifies the NEC Corporation research center.
ntt corporation,,NTT Corporation,,,NTT Group,canonical_parent_country_undetermined,https://group.ntt/en/,Official NTT Group site verifies the organization.
twelve labs,,Twelve Labs,,,Twelve Labs,canonical_parent_country_undetermined,https://www.twelvelabs.io/about-us,Official company page verifies the organization.
baidu international technology shenzhen co ltd,,Baidu International Technology (Shenzhen) Co. Ltd.,,,Baidu,canonical_parent_country_undetermined,https://www.baidu.com/,Official Baidu site verifies the corporate parent.
pinterest inc,,Pinterest Inc.,,,Pinterest,canonical_parent_country_undetermined,https://www.pinterest.com/,Official company site verifies the organization.
qihoo 360 ai research,,Qihoo 360 AI Research,,,Qihoo 360 Technology,canonical_parent_country_undetermined,https://www.360.cn/,Official Qihoo 360 site verifies the research organization.
roboflow inc,,Roboflow Inc.,,,Roboflow,canonical_parent_country_undetermined,https://roboflow.com/,Official company site verifies the computer vision company.
turing inc,,Turing Inc.,,,Turing,canonical_parent_country_undetermined,https://www.turing.com/,Official company site verifies the AI company.
vinai research,,VinAI Research,,,Vingroup,canonical_parent_country_undetermined,https://www.vinai.io/,Official VinAI site verifies the research organization and parentage.
visincept,,Visincept,,,Visincept,canonical_parent_country_undetermined,https://visincept.com/en,Official company site verifies the organization.
waabi innovation inc,,Waabi Innovation Inc.,,,Waabi,canonical_parent_country_undetermined,https://www.waabi.ai/,Official company site verifies the autonomous-driving company.
waymo llc,,Waymo LLC,,,Alphabet Inc.,canonical_parent_country_undetermined,https://waymo.com/,Official company site verifies Waymo identity and ownership.
zendar inc,,Zendar Inc.,,,Zendar,canonical_parent_country_undetermined,https://zendar.ai/about,Official company site verifies the organization.
acompany co ltd,,Acompany Co. Ltd.,,,Acompany Co. Ltd.,canonical_parent_country_undetermined,https://acompany.tech/,Official company site verifies the organization.
kling ai,,Kling AI,,,Kling AI,canonical_parent_country_undetermined,https://app.klingai.com/global/,Official site verifies the organization.
pixocial technology,,Pixocial Technology,,,Pixocial Technology,canonical_parent_country_undetermined,https://www.pixocial.com/,Official company site verifies the organization.
xyz robotics,,XYZ Robotics,,,XYZ Robotics,canonical_parent_country_undetermined,https://www.xyzrobotics.com/,Official company site verifies the organization.
zhipu ai,,Zhipu AI,,,Zhipu AI,canonical_parent_country_undetermined,https://www.zhipuai.cn/en/about,Official company site verifies the organization.
byd co ltd,,BYD,,,BYD,canonical_parent_country_undetermined,https://www.bydglobal.com/en/CompanyIntro.html,Official company site verifies the organization.
exawizards inc,,ExaWizards Inc.,,,ExaWizards Inc.,canonical_parent_country_undetermined,https://exawizards.com/en/,Official company site verifies the organization.
honda r and d co ltd,,Honda R&D Co. Ltd.,,,Honda Motor Co. Ltd.,canonical_parent_country_undetermined,https://global.honda/en/RandD/,Official Honda materials identify the R&D organization and parent.
krafton inc,,KRAFTON Inc.,,,KRAFTON Inc.,canonical_parent_country_undetermined,https://www.krafton.com/en/,Official company site verifies the organization.
megvii technology,,Megvii,,,Megvii,canonical_parent_country_undetermined,https://www.megvii.com/en/,Official company site verifies the organization.
mistral ai,,Mistral AI,,,Mistral AI,canonical_parent_country_undetermined,https://mistral.ai/about/,Official company site verifies the organization.
nec corporation,,NEC Corporation,,,NEC Corporation,canonical_parent_country_undetermined,https://www.nec.com/en/global/about/,Official company site verifies the organization.
netease inc,,NetEase Inc.,,,NetEase Inc.,canonical_parent_country_undetermined,https://ir.netease.com/company-profile,Official company site verifies the organization.
nutanix inc,,Nutanix Inc.,,,Nutanix Inc.,canonical_parent_country_undetermined,https://www.nutanix.com/company,Official company site verifies the organization.
state grid corporation of china,,State Grid Corporation of China,,,State Grid Corporation of China,canonical_parent_country_undetermined,https://www.sgcc.com.cn/html/sgcc_main_en/,Official company site verifies the organization.
toyota motor corporation,,Toyota Motor Corporation,,,Toyota Motor Corporation,canonical_parent_country_undetermined,https://global.toyota/en/company/,Official company site verifies the organization.
toyota motor north america,,Toyota Motor North America,,,Toyota Motor Corporation,canonical_parent_country_undetermined,https://global.toyota/en/company/,Official company site verifies the regional subsidiary and parent.
unity technologies,,Unity Technologies,,,Unity Technologies,canonical_parent_country_undetermined,https://unity.com/company,Official company site verifies the organization.
zte corporation,,ZTE Corporation,,,ZTE Corporation,canonical_parent_country_undetermined,https://www.zte.com.cn/global/about,Official company site verifies the organization.
cygames inc,,Cygames Inc.,,,Cygames Inc.,canonical_parent_country_undetermined,https://www.cygames.co.jp/en/,Official company site verifies the organization.
research google,,Google Research,,,Google,canonical_parent_country_undetermined,https://research.google/,Official Google Research site; word-order variant normalized.
google zurich,,Google Research,,,Google,canonical_parent_country_undetermined,https://research.google/,Official Google Research site identifies research locations including Zürich.
nvidia research,,NVIDIA Research,,,NVIDIA,canonical_parent_country_undetermined,https://research.nvidia.com/research-labs,Official NVIDIA Research site identifies NVIDIA Research.
nvidia corp,,NVIDIA Corporation,,,NVIDIA,canonical_parent_country_undetermined,https://investor.nvidia.com/home/default.aspx?page=1,Official NVIDIA investor site identifies NVIDIA Corporation.
nvidia ai technology center nvidia,,NVIDIA AI Technology Center,,,NVIDIA,canonical_parent_country_undetermined,https://blogs.nvidia.com/blog/ugm-indosat-nvidia-ai-technology-center/,Official NVIDIA blog identifies an NVIDIA AI Technology Center.
amazon agi,,Amazon AGI,,,Amazon,canonical_parent_country_undetermined,https://www.amazon.science/blog/amazon-opens-new-ai-lab-in-san-francisco-focused-on-long-term-research-bets,Official Amazon Science identifies its AGI organization.
amazon lab126,,Amazon Lab126,,,Amazon,canonical_parent_country_undetermined,https://assets.amazon.science/66/1f/b9e1bd0448d9a35124c3605f2db8/developing-autonomous-behaviors-for-a-consumer-robot-to-hang-out-near-people-in-the-home.pdf,Official Amazon Science paper identifies Amazon Lab126.
amazon web services,,Amazon Web Services,,,Amazon,canonical_parent_country_undetermined,https://aws.amazon.com/about-aws/,Official AWS page states that Amazon Web Services is part of Amazon.
meta inc,,Meta Platforms Inc.,,,Meta,canonical_parent_country_undetermined,https://about.fb.com/wp-content/uploads/2022/07/2021-Equal-Employment-Opportunity-Report.pdf,Official Meta report identifies Meta Platforms Inc.
meta platform inc,,Meta Platforms Inc.,,,Meta,canonical_parent_country_undetermined,https://about.fb.com/wp-content/uploads/2022/07/2021-Equal-Employment-Opportunity-Report.pdf,Official Meta report identifies Meta Platforms Inc.
meta platforms,,Meta Platforms Inc.,,,Meta,canonical_parent_country_undetermined,https://about.fb.com/wp-content/uploads/2022/07/2021-Equal-Employment-Opportunity-Report.pdf,Official Meta report identifies Meta Platforms Inc.
meta platforms inc,,Meta Platforms Inc.,,,Meta,canonical_parent_country_undetermined,https://about.fb.com/wp-content/uploads/2022/07/2021-Equal-Employment-Opportunity-Report.pdf,Official Meta report identifies Meta Platforms Inc.
meta reality lab,,Meta Reality Labs,,,Meta,canonical_parent_country_undetermined,https://about.fb.com/news/2024/04/celebrating-10-years-of-reality-labs/,Official Meta page identifies Reality Labs as a research and product organization.
meta reality labs,,Meta Reality Labs,,,Meta,canonical_parent_country_undetermined,https://about.fb.com/news/2024/04/celebrating-10-years-of-reality-labs/,Official Meta page identifies Reality Labs as a research and product organization.
meta reality labs research,,Meta Reality Labs Research,,,Meta,canonical_parent_country_undetermined,https://about.fb.com/news/2024/04/celebrating-10-years-of-reality-labs/,Official Meta page identifies Reality Labs Research.
meta reality labs zurich,,Meta Reality Labs Research,,,Meta,canonical_parent_country_undetermined,https://about.fb.com/news/2020/08/introducing-the-new-facebook-reality-labs/,Official Meta page identifies Reality Labs research locations.
meta ai,,Meta AI,,,Meta,canonical_parent_country_undetermined,https://ai.meta.com/about/,Official AI at Meta site identifies Meta AI.
ai at meta,,Meta AI,,,Meta,canonical_parent_country_undetermined,https://ai.meta.com/about/,Official AI at Meta site identifies Meta AI.
fair meta,,Meta FAIR,,,Meta,canonical_parent_country_undetermined,https://ai.meta.com/blog/machine-intelligence-research-new-models/,Official Meta AI page identifies Meta Fundamental AI Research.
meta fair,,Meta FAIR,,,Meta,canonical_parent_country_undetermined,https://ai.meta.com/blog/machine-intelligence-research-new-models/,Official Meta AI page identifies Meta Fundamental AI Research.
meta fair labs,,Meta FAIR,,,Meta,canonical_parent_country_undetermined,https://about.fb.com/news/2022/09/five-years-of-ai-breakthroughs-from-metas-montreal-research-lab/,Official Meta page identifies the Montreal FAIR Lab.
codec avatar lab meta,,Codec Avatars Lab,,,Meta,canonical_parent_country_undetermined,https://www.meta.com/emerging-tech/codec-avatars/,Official Meta page identifies the Codec Avatars lab at Meta Reality Labs Research.
codec avatars lab meta,,Codec Avatars Lab,,,Meta,canonical_parent_country_undetermined,https://www.meta.com/emerging-tech/codec-avatars/,Official Meta page identifies the Codec Avatars lab at Meta Reality Labs Research.
meta superintelligence labs,,Meta Superintelligence Labs,,,Meta,canonical_parent_country_undetermined,https://ai.meta.com/blog/introducing-model-meta-superintelligence-labs/,Official Meta AI page identifies Meta Superintelligence Labs.
microsoft ai,,Microsoft AI,,,Microsoft,canonical_parent_country_undetermined,https://www.microsoft.com/en/ai/,Official Microsoft AI site identifies Microsoft AI.
microsoft health futures,,Microsoft Health Futures,,,Microsoft,canonical_parent_country_undetermined,https://www.microsoft.com/en-us/research/lab/microsoft-health-futures/,Official Microsoft Research page identifies Microsoft Health Futures.
research microsoft,,Microsoft Research,,,Microsoft,canonical_parent_country_undetermined,https://www.microsoft.com/en-us/research,Official Microsoft Research site and word-order variant.
adobe inc,,Adobe,,,Adobe,canonical_parent_country_undetermined,https://www.adobe.com/about-adobe.html,Official Adobe corporate page verifies Adobe.
bytedance seed,,ByteDance Seed,,,ByteDance,canonical_parent_country_undetermined,https://seed.bytedance.com/en/research,Official ByteDance Seed research site identifies the unit.
guangdong oppo mobile telecommunications corp ltd,,OPPO,,,OPPO,canonical_parent_country_undetermined,https://www.oppo.com/en/legal/eudataact/,Official OPPO notice identifies Guangdong OPPO Mobile Telecommunications Corp Ltd as OPPO.
oppo ai cenrer,,OPPO AI Center,,,OPPO,canonical_parent_country_undetermined,https://www.oppo.com/en/newsroom/press/oppo-establishes-ai-center/,Official OPPO announcement verifies OPPO AI Center; source typo normalized.
oppo ai center,,OPPO AI Center,,,OPPO,canonical_parent_country_undetermined,https://www.oppo.com/en/newsroom/press/oppo-establishes-ai-center/,Official OPPO announcement verifies OPPO AI Center.
oppo us research center,,OPPO US Research Center,,,OPPO,canonical_parent_country_undetermined,https://www.oppo.com/en/newsroom/press/oppo-wins-11-awards-at-cvpr-2021/,Official OPPO page identifies OPPO US Research Center within OPPO Research Institute.
xiaomi ev,,Xiaomi EV,,,Xiaomi,canonical_parent_country_undetermined,https://www.mi.com/global/discover/article?id=2319,Official Xiaomi page identifies Xiaomi EV as a Xiaomi business.
alibaba cloud,,Alibaba Cloud,,,Alibaba Group,canonical_parent_country_undetermined,https://home.alibabagroup.com/en-US/document-1491196168867151872,Official Alibaba Group page identifies Alibaba Cloud as its cloud business.
alibaba cloud computing,,Alibaba Cloud,,,Alibaba Group,canonical_parent_country_undetermined,https://home.alibabagroup.com/en-US/document-1491196168867151872,Official Alibaba Group page identifies Alibaba Cloud as its cloud business.
alibaba damo academy,,Alibaba DAMO Academy,,,Alibaba Group,canonical_parent_country_undetermined,https://www.alibabagroup.com/en-US/document-1491841175609409536,Official Alibaba Group release describes DAMO Academy as its research initiative.
alibaba international digital commerce group,,Alibaba International Digital Commerce,,,Alibaba Group,canonical_parent_country_undetermined,https://home.alibabagroup.com/en-US/document-1796329702713982976,Official Alibaba Group release identifies the business group within Alibaba.
alibaba taobao and tmall group,,Taobao and Tmall,,,Alibaba Group,canonical_parent_country_undetermined,https://www.alibabagroup.com/en-US/about-businesses,Official Alibaba Group businesses page lists Taobao and Tmall.
taobao alibaba,,Taobao,,,Alibaba Group,canonical_parent_country_undetermined,https://www.alibabagroup.com/en-US/about-businesses,Official Alibaba Group businesses page lists Taobao.
sensetime research,,SenseTime Research,,,SenseTime,canonical_parent_country_undetermined,https://www.sensetime.com/en/index,Official SenseTime site identifies SenseTime Research.
sensetime group limited,,SenseTime Group,,,SenseTime,canonical_parent_country_undetermined,https://sensetime.com/en/investor,Official SenseTime investor site verifies SenseTime Group.
sensetime group limited sensetime group limited,,SenseTime Group,,,SenseTime,canonical_parent_country_undetermined,https://sensetime.com/en/investor,Official SenseTime investor site verifies SenseTime Group.
sensetime international pte ltd,,SenseTime International,,,SenseTime,canonical_parent_country_undetermined,https://sensetime.com/en/news/3866,Official SenseTime page identifies SenseTime International Pte Ltd.
wechat ai,,WeChat AI,,,Tencent,canonical_parent_country_undetermined,https://static.www.tencent.com/uploads/2022/04/19/e4114e693e75636c18e8170735ed50c6.pdf,Official Tencent R and D material identifies WeChat AI as a Tencent lab.
wechat ai tencent inc,,WeChat AI,,,Tencent,canonical_parent_country_undetermined,https://static.www.tencent.com/uploads/2022/04/19/e4114e693e75636c18e8170735ed50c6.pdf,Official Tencent R and D material identifies WeChat AI as a Tencent lab.
amd,,AMD,,,AMD,canonical_parent_country_undetermined,https://www.amd.com/en/corporate.html,Official AMD page identifies AMD as Advanced Micro Devices.
advanced micro devices,,Advanced Micro Devices,,,AMD,canonical_parent_country_undetermined,https://www.amd.com/en/corporate.html,Official AMD corporate identity.
dolby,,Dolby,,,Dolby,canonical_parent_country_undetermined,https://www.dolby.com/about/support/dolby-offices-worldwide/,Official Dolby page identifies Dolby Laboratories Inc.
dolby labs,,Dolby Laboratories,,,Dolby,canonical_parent_country_undetermined,https://www.dolby.com/about/support/dolby-offices-worldwide/,Dolby Labs is the Dolby Laboratories company identity.
dolby laboratories,,Dolby Laboratories,,,Dolby,canonical_parent_country_undetermined,https://www.dolby.com/about/support/dolby-offices-worldwide/,Official Dolby Laboratories identity.
dolby laboratories inc,,Dolby Laboratories Inc.,,,Dolby,canonical_parent_country_undetermined,https://www.dolby.com/about/support/dolby-offices-worldwide/,Official Dolby legal company identity.
naver ai lab,,NAVER AI Lab,,,NAVER,canonical_parent_country_undetermined,https://www.navercorp.com/media/pressReleasesDetail?seq=30237,Official NAVER release identifies NAVER AI LAB.
naver cloud,,NAVER Cloud,,,NAVER,canonical_parent_country_undetermined,https://www.navercorp.com/en/company/affiliates,Official NAVER affiliates page lists NAVER Cloud.
naver cloud corp,,NAVER Cloud Corporation,,,NAVER,canonical_parent_country_undetermined,https://www.navercorp.com/api/article/download/67e5e29b-daa6-4df6-98ea-b8ead74f0afa,Official financial statement identifies NAVER Cloud Corporation as a subsidiary.
naver labs,,NAVER LABS,,,NAVER,canonical_parent_country_undetermined,https://www.navercorp.com/en/company/affiliates,Official NAVER affiliates page lists NAVER LABS.
naver labs korea,,NAVER LABS,KR,South Korea,NAVER,canonical_parent_country_undetermined,https://www.naverlabs.com/contact,Official NAVER LABS contact page gives Korea HQ and raw affiliation explicitly says Korea.
naverlabs,,NAVER LABS,,,NAVER,canonical_parent_country_undetermined,https://www.naverlabs.com/en,Official NAVER LABS site.
netflix eyeline studios,,Netflix Eyeline Studios,,,Netflix,canonical_parent_country_undetermined,https://about.netflix.com/en/news/bringing-the-best-in-vfx-and-virtual-production-together-as-eyeline,Official Netflix release identifies Eyeline Studios as part of Netflix.
qualcomm ai,,Qualcomm AI,,,Qualcomm,canonical_parent_country_undetermined,https://www.qualcomm.com/research/artificial-intelligence,Official Qualcomm AI Research page identifies the research unit.
qualcomm inc qualcomm,,Qualcomm,,,Qualcomm,canonical_parent_country_undetermined,https://www.qualcomm.com/company,Official Qualcomm corporate identity.
salesforce,,Salesforce,,,Salesforce,canonical_parent_country_undetermined,https://www.salesforce.com/news/collections/research/,Official Salesforce research archive verifies company identity.
salesforce ai research,,Salesforce AI Research,,,Salesforce,canonical_parent_country_undetermined,https://www.salesforce.com/news/collections/research/,Official Salesforce page identifies Salesforce AI Research.
salesforce com,,Salesforce.com,,,Salesforce,canonical_parent_country_undetermined,https://www.salesforce.com/news/collections/research/,Official Salesforce corporate identity.
salesforce research,,Salesforce Research,,,Salesforce,canonical_parent_country_undetermined,https://www.salesforce.com/news/collections/research/,Official Salesforce research archive.
samsung ai cambridge,,Samsung AI Cambridge,,,Samsung,canonical_parent_country_undetermined,https://research.samsung.com/global-rnd-network,Official Samsung R and D network lists AI Center Cambridge.
samsung ai center cambridge,,Samsung AI Center Cambridge,,,Samsung,canonical_parent_country_undetermined,https://research.samsung.com/aicentre_cambridge,Official Samsung AI Center Cambridge page.
samsung ai center cambridge uk,,Samsung AI Center Cambridge,GB,United Kingdom,Samsung,canonical_parent_country_undetermined,https://research.samsung.com/aicentre_cambridge,Official Samsung AI Center Cambridge page and raw affiliation explicitly says UK.
samsung ai centre toronto,,Samsung AI Centre Toronto,,,Samsung,canonical_parent_country_undetermined,https://research.samsung.com/global-rnd-network,Official Samsung R and D network lists AI Center Toronto.
samsung aic toronto,,Samsung AI Center Toronto,,,Samsung,canonical_parent_country_undetermined,https://research.samsung.com/global-rnd-network,Official Samsung R and D network lists AI Center Toronto.
samsung electronics,,Samsung Electronics,,,Samsung,canonical_parent_country_undetermined,https://research.samsung.com/artificial-intelligence,Official Samsung Research page identifies Samsung Electronics research.
samsung electronics co ltd,,Samsung Electronics Co. Ltd.,,,Samsung,canonical_parent_country_undetermined,https://research.samsung.com/artificial-intelligence,Official Samsung Electronics research identity.
samsung r and d india bangalore,,Samsung R&D India Bangalore,IN,India,Samsung,canonical_parent_country_undetermined,https://research.samsung.com/global-rnd-network,Official Samsung R and D network lists Samsung R and D Institute India Bangalore and raw affiliation says India.
samsung r and d institute bangalore,,Samsung R&D Institute Bangalore,,,Samsung,canonical_parent_country_undetermined,https://research.samsung.com/global-rnd-network,Official Samsung R and D network lists the Bangalore institute.
samsung r and d institute bangladesh,,Samsung R&D Institute Bangladesh,BD,Bangladesh,Samsung,canonical_parent_country_undetermined,https://research.samsung.com/global-rnd-network,Official Samsung R and D network lists the Bangladesh institute and raw affiliation says Bangladesh.
samsung research,,Samsung Research,,,Samsung,canonical_parent_country_undetermined,https://research.samsung.com/,Official Samsung Research site.
samsung research america,,Samsung Research America,,,Samsung,canonical_parent_country_undetermined,https://research.samsung.com/global-rnd-network,Official Samsung R and D network lists Samsung Research America.
samsung research america sra,,Samsung Research America,,,Samsung,canonical_parent_country_undetermined,https://research.samsung.com/global-rnd-network,Official Samsung R and D network lists Samsung Research America.
samsung research uk,,Samsung Research UK,GB,United Kingdom,Samsung,canonical_parent_country_undetermined,https://research.samsung.com/global-rnd-network,Official Samsung R and D network lists Samsung Research UK and raw affiliation says UK.
sony,,Sony,,,Sony Group Corporation,canonical_parent_country_undetermined,https://www.sony.com/en/SonyInfo/CorporateInfo/,Official Sony corporate identity.
sony advanced visual sensing,,Sony Advanced Visual Sensing,,,Sony Group Corporation,canonical_parent_country_undetermined,https://www.sony.com/en/SonyInfo/technology/publications/computational-image-sensing-at-sony/,Official Sony publication identifies the research and company unit.
sony advanced visual sensing ag,,Sony Advanced Visual Sensing AG,,,Sony Group Corporation,canonical_parent_country_undetermined,https://www.sony.com/en/SonyInfo/technology/publications/computational-image-sensing-at-sony/,Official Sony publication identifies the unit.
sony ai,,Sony AI,,,Sony Group Corporation,canonical_parent_country_undetermined,https://www.sony.com/en/SonyInfo/csr/library/reports/SustainabilityReport2024_technology_E.pdf,Official Sony report identifies Sony AI within Sony Research.
sony ai america,,Sony AI America,,,Sony Group Corporation,canonical_parent_country_undetermined,https://www.sony.com/en/SonyInfo/csr/library/reports/SustainabilityReport2024_technology_E.pdf,Official Sony report establishes Sony AI within Sony Research.
sony china ltd,,Sony China Ltd.,CN,China,Sony Group Corporation,canonical_parent_country_undetermined,https://www.sony.com/en/SonyInfo/News/Press/201704/17-030E/,Official Sony release identifies Sony China and raw affiliation says China.
sony europe b v,,Sony Europe B.V.,,,Sony Group Corporation,canonical_parent_country_undetermined,https://www.sony.com/en/SonyInfo/News/Press/202102/21-015E/,Official Sony release identifies Sony Europe B.V.
sony europe limited,,Sony Europe Limited,,,Sony Group Corporation,canonical_parent_country_undetermined,https://www.sony.com/en/SonyInfo/News/Press/201608/16-0802/,Official Sony release identifies Sony Europe Ltd.
sony europe ltd,,Sony Europe Ltd.,,,Sony Group Corporation,canonical_parent_country_undetermined,https://www.sony.com/en/SonyInfo/News/Press/201608/16-0802/,Official Sony release identifies Sony Europe Ltd.
sony research,,Sony Research,,,Sony Group Corporation,canonical_parent_country_undetermined,https://www.sony.com/en/SonyInfo/csr/library/reports/SustainabilityReport2024_technology_E.pdf,Official Sony report identifies Sony Research.
sony research india,,Sony Research India,IN,India,Sony Group Corporation,canonical_parent_country_undetermined,https://www.sony.com/en/SonyInfo/News/Press/202006/20-051E/,Official Sony release identifies Sony Research India and raw affiliation says India.
sony research ltd,,Sony Research Ltd.,,,Sony Group Corporation,canonical_parent_country_undetermined,https://www.sony.com/en/SonyInfo/csr/library/reports/SustainabilityReport2024_technology_E.pdf,Official Sony report identifies Sony Research.
tavus,,Tavus,,,Tavus,canonical_parent_country_undetermined,https://www.tavus.io/privacy-policy,Official Tavus policy identifies Tavus Inc.
lg ai research,,LG AI Research,,,LG Corporation,canonical_parent_country_undetermined,https://www.lgcorp.com/media/release/27373,Official LG release identifies LG AI Research as an LG Group AI organization.
language lab lg ai research,,LG AI Research,,,LG Corporation,canonical_parent_country_undetermined,https://www.lgcorp.com/media/release/27373,Official LG release identifies LG AI Research as an LG Group AI organization.
lg electronins,,LG Electronics,,,LG Corporation,canonical_parent_country_undetermined,https://www.lgcorp.com/about/companies,Raw spelling is a clear typo for LG Electronics and official LG page lists the affiliate.
alaya lab,,Alaya Lab,,,,canonical_parent_country_undetermined,https://alayalab.ai/,Official Alaya Lab site verifies the research-lab identity and does not disclose an external parent.
hidream ai,,HiDream.ai,,,,canonical_parent_country_undetermined,https://www.hidream.ai/,Official HiDream.ai site verifies the research and technology identity.
hidream ai inc,,HiDream.ai,,,,canonical_parent_country_undetermined,https://www.hidream.ai/,Official HiDream.ai site verifies the identity and source Inc suffix is not separately asserted.
beingbeyond,,BeingBeyond,,,BeingBeyond Co. Ltd.,canonical_parent_country_undetermined,https://www.beingbeyond.com/en/terms.html,Official terms identify BeingBeyond Co. Ltd. and its research and development activity.
xiaohongshu,,Xiaohongshu,,,Xingyin Information Technology (Shanghai) Co. Ltd.,canonical_parent_country_undetermined,https://beian.xiaohongshu.com/,Official Xiaohongshu subdomain identifies the operating company.
wechat vision tencent inc,,Tencent,,,Tencent,canonical_parent_country_undetermined,https://www.tencent.com/en-us/about.html?trk=s-bl,Official Tencent identity page verifies the stated corporate parent; no research-site country is inferred.
weride,,WeRide,,,WeRide,canonical_parent_country_undetermined,https://weride.ai/about,Official WeRide About page verifies the company identity; the raw affiliation does not state a research-site country.
wolf 1069b lab sany group,,SANY,,,SANY Group,canonical_parent_country_undetermined,https://www.sanyglobal.com/about_us/,Official SANY page verifies SANY Group; raw affiliation names no research-site country.
wxg,,Tencent Weixin Group,,,Tencent,canonical_parent_country_undetermined,https://www.tencent.com/who-we-are/,Official Tencent corporate page defines WXG as Weixin Group.
xreal,,XREAL,,,XREAL,canonical_parent_country_undetermined,https://www.xreal.com/ca/about,Official XREAL About page verifies the company; the raw affiliation does not state a research-site country.
shopee,,Shopee,,,Shopee,canonical_parent_country_undetermined,https://shopee.com/,Official Shopee page verifies the company identity; the raw affiliation does not state a research-site country.
sf technology,,SF Technology,,,SF Technology,canonical_parent_country_undetermined,https://www.sf-tech.com.cn/,Official SF Technology site verifies the organization; the raw affiliation does not state a research-site country.
sakak inc,,SAKAK Inc.,,,SAKAK Inc.,canonical_parent_country_undetermined,https://candiyeng.imweb.me/news,Official SAKAK page identifies SAKAK Inc.; the raw affiliation does not state a research-site country.
sail lab,,SAIL Lab,,,SAIL Lab,canonical_parent_country_undetermined,https://www.saillaboratory.com/,Official SAIL Lab page identifies the company; the raw affiliation does not state a research-site country.
rlr meta platforms,,Reality Labs Research,,,Meta,canonical_parent_country_undetermined,https://ai.meta.com/datasets/rlr-chat/,Official Meta AI page expands RLR as Reality Labs Research; the raw affiliation does not state a research-site country.
rakus partners co ltd,,RAKUS Partners Co. Ltd.,,,RAKUS Partners Co. Ltd.,canonical_parent_country_undetermined,https://www.rakus-partners.co.jp/lp/rakus-partners/,Official RAKUS Partners page verifies the company; the raw affiliation does not state a research-site country.
psibot,,PsiBot,,,PsiBot,canonical_parent_country_undetermined,https://www.psibot.ai/en/home/,Official PsiBot page identifies the company; the raw affiliation does not state a research-site country.
phota labs,,Phota Labs,,,Phota Labs,canonical_parent_country_undetermined,https://www.photalabs.com/about-us,Official Phota Labs page verifies the organization; the raw affiliation does not state a research-site country.
openbayes it co,,OpenBayes,,,OpenBayes,canonical_parent_country_undetermined,https://openbayes.com/about/,Official OpenBayes page identifies the company; the raw affiliation does not state a research-site country.
microagi,,microagi,,,microagi,canonical_parent_country_undetermined,https://www.microagi.ai/,Official microagi site verifies the organization; the raw affiliation does not state a research-site country.
mws ai,,MWS AI,,,MTS,canonical_parent_country_undetermined,https://mts.ai/en/about-us/,Official MWS AI page verifies the AI center and its MTS relationship; the raw affiliation does not state a research-site country.
micro intelligence,https://ror.org/01wnq5g69,Micro-Intelligence (China),,,Micro-Intelligence,canonical_parent_country_undetermined,https://www.microintelligence.com.cn/us,Official Micro-Intelligence page and local ROR record verify the organization; the raw affiliation does not state a research-site country.
china mobile institute,https://ror.org/02k01dh53,China Mobile Research Institute,,,China Mobile,canonical_parent_country_undetermined,https://labs.chinamobile.com,Official China Mobile labs domain and local ROR record verify the institute; the raw affiliation does not state a research-site country.
阿里巴巴 北京 软件服务有限公司,,Alibaba (Beijing) Software Services Co. Ltd.,,,Alibaba Group,canonical_parent_country_undetermined,https://static.alibabagroup.com/reports/fy2024/ar/ebook/en/72/index.html,Official Alibaba Group material names the exact subsidiary; Beijing alone is not used to infer a research-site country.
浙江同花顺智能科技有限公司,,Zhejiang Hithink Smart Technology Co. Ltd.,,,Zhejiang Hithink Smart Technology Co. Ltd.,canonical_parent_country_undetermined,https://www.thsyun.com/cn/,Official Hithink site footer identifies the exact Chinese legal name; the raw affiliation does not state a research-site country.
tencent aipd,,Tencent AIPD,,,Tencent,canonical_parent_country_undetermined,https://www.tencent.com/products/ai/,Official Tencent AI page supports the Tencent-branded unit; no research-site country is inferred.
zozo next,,ZOZO NEXT Inc.,,,ZOZO Inc.,canonical_parent_country_undetermined,https://corp.zozo.com/en/news/20211001-19560/,Official ZOZO release names ZOZO NEXT Inc.; the raw affiliation does not state a research-site country.
zendar,,Zendar Inc.,,,Zendar Inc.,canonical_parent_country_undetermined,https://zendar.ai/privacy,Official page names Zendar Inc.; the raw affiliation does not state a research-site country.
zeekr,,ZEEKR,,,Zeekr Group,canonical_parent_country_undetermined,https://www.zeekrgroup.com/en,Official Zeekr Group page identifies ZEEKR as its brand; the raw affiliation does not state a research-site country.
yuaiweiwu,,Beijing Yuaiweiwu Technology Co. Ltd.,,,Beijing Yuaiweiwu Technology Co. Ltd.,canonical_parent_country_undetermined,https://www.aiv5cdn.com/,Official page names the Chinese legal entity; the raw affiliation does not state a research-site country.
youtube,https://ror.org/05egr9x72,YouTube,,,Google,canonical_parent_country_undetermined,https://about.youtube/,Official YouTube page and local ROR record verify the organization; the raw affiliation does not state a research-site country.
xpeng motors,https://ror.org/05a5cgn70,Xiaopeng Motors (China),,,XPENG,canonical_parent_country_undetermined,https://www.xpeng.com/brand,Official XPENG page and local ROR record verify the organization; the raw affiliation does not state a research-site country.
xiaohongshu rednote,https://ror.org/02apw2076,Xiaohongshu (Little Red Book),,,Xiaohongshu,canonical_parent_country_undetermined,https://creator.xiaohongshu.com/,Official Xiaohongshu platform page and local ROR record verify RedNote as an alias; the raw affiliation does not state a research-site country.
udeer ai pte ltd,,UDEER AI PTE. LTD.,,,UDEER AI PTE. LTD.,canonical_parent_country_undetermined,https://udeer.ai/,Official organization site identifies the exact legal name; the raw affiliation does not state a research-site country.
tusimple,https://ror.org/000xs1x50,Tusimple (United States),,,TuSimple,canonical_parent_country_undetermined,https://www.tusimple.com/,Local ROR record verifies the entity; the generic raw corporate affiliation does not state a research-site country.
toshiba europe ltd,,Toshiba Europe Limited,,,Toshiba,canonical_parent_country_undetermined,https://www.toshiba.eu/about-toshiba-europe/privacy-policy/,Official Toshiba Europe page identifies the legal entity; the raw affiliation does not state a research-site country.
cj ai center,,CJ AI Center,,,CJ,canonical_parent_country_undetermined,https://cjnews.cj.net/?p=26961,Official CJ source identifies CJ AI Center; the raw affiliation does not state a research-site country.
elio ai inc,,Elio AI Inc.,,,Elio AI Inc.,canonical_parent_country_undetermined,https://elioai.com/,Official company page verifies Elio AI; the raw affiliation does not state a research-site country.
openspace lab,,OpenSpace Lab,,,OpenSpace Lab,canonical_parent_country_undetermined,https://github.com/OpenSpace-Lab,Official organization page verifies OpenSpace Lab; the raw affiliation does not state a research-site country.
prox industries,,Prox Industries,,,Prox Industries,canonical_parent_country_undetermined,https://prox-industries.jp/,Official company site verifies Prox Industries; the raw affiliation does not state a research-site country.
skywork,,Skywork AI,,,SKYWORK AI PTE. LTD.,canonical_parent_country_undetermined,https://skywork.ai/home,Official Skywork site verifies the company; the raw affiliation does not state a research-site country.
t2,,T2 Inc.,,,T2 Inc.,canonical_parent_country_undetermined,https://www.t2.auto/about/,Official T2 page verifies the company; the raw affiliation does not state a research-site country.
wedoctor,,WeDoctor,,,WeDoctor,canonical_parent_country_undetermined,https://www.ehangzhou.gov.cn/2021-06/22/c_277477.htm,Official Hangzhou source identifies WeDoctor Holdings; the raw affiliation does not state a research-site country.
tars robotics ltd,,TARS Robotics Ltd.,,,TARS Robotics Ltd.,canonical_parent_country_undetermined,https://tacforesight.github.io/,Official project context verifies TARS Robotics; the raw affiliation does not state a research-site country.
siemens corporate research,,Siemens Corporate Research,,,Siemens AG,canonical_parent_country_undetermined,https://www.siemens.com/en-us/company/innovation/research-development/,Official Siemens R and D page verifies the research organization; the raw affiliation does not state a research-site country.
the bank of new york,https://ror.org/04p3h2z50,The Bank of New York Mellon Corporation,,,BNY,canonical_parent_country_undetermined,https://www.bny.com/corporate/global/en/about-us/history.html,Official BNY history identifies the post-merger corporate identity; the raw affiliation does not state a research-site country.
sony group corporation tokyo,,Sony Group Corporation,JP,Japan,Sony,canonical_parent_country_undetermined,https://www.sony.com/en/SonyInfo/CorporateInfo/,Official Sony corporate page verifies the organization and the raw affiliation directly names Tokyo.
nomadic ai,,Nomadic AI,,,Nomadic AI,canonical_parent_country_undetermined,https://www.nomadicai.com/,Official Nomadic AI page verifies the company; the raw affiliation does not state a research-site country.
niantic,,Niantic,,,Niantic,canonical_parent_country_undetermined,https://nianticlabs.com/,Official legacy site verifies Niantic as distinct from the later Niantic Spatial organization; the raw affiliation does not state a research-site country.
eliza labs,,Eliza Research,,,Eliza Research,canonical_parent_country_undetermined,https://elizaos.ai/,Official current site documents the Eliza Research identity after the Eliza Labs label; the raw affiliation does not state a research-site country.
club presalud,,Club Presalud,,,Tu Herramienta en Salud a Distancia S.A. de C.V.,canonical_parent_country_undetermined,https://club.presalud.com/privacy,Official privacy page identifies the service operator; the raw affiliation does not state a research-site country.
chief data office at and t,,AT&T,,,AT&T,canonical_parent_country_undetermined,https://about.att.com/blogs/2023/call-before-you-dig.html,Official AT&T material identifies the Chief Data Office as an internal office; the raw affiliation does not state a research-site country.
posts and telecom press,,Posts and Telecommunications Press,,,Posts and Telecommunications Press,canonical_parent_country_undetermined,https://www.ptpress.com.cn/en,Official publisher site verifies the organization; the raw affiliation does not state a research-site country.
beijing zitiao network technology co ltd,,Beijing Zitiao Network Technology Co. Ltd.,,,ByteDance,canonical_parent_country_undetermined,https://ttabvue.uspto.gov/ttabvue/v?pnam=Beijing+Zitiao+Network+Technology+Co.%2C+Ltd.,Official government trademark record identifies the exact company; the raw affiliation does not state a research-site country.
shenzhen heytap technology corp ltd,,Shenzhen HeyTap Technology Corp. Ltd.,,,HeyTap,canonical_parent_country_undetermined,https://bo.io.gov.mo/bo/ii/2020/12/economia01_cn.asp?mobile=1,Official Macau government gazette identifies the exact company; the raw affiliation does not state a research-site country.
shanghai zeekr blue new energy technology co ltd,,Shanghai Zeekr Blue New Energy Technology Co. Ltd.,,,Zeekr Group,canonical_parent_country_undetermined,https://eur-lex.europa.eu/eli/reg_impl/2024/1866/oj/eng,Official EU regulation identifies the exact legal entity; the raw affiliation does not state a research-site country.
weixin,,Tencent Weixin Group,,,Tencent,canonical_parent_country_undetermined,https://www.tencent.com/products/weixin-wechat/,Official Tencent page identifies Weixin/WeChat; the raw affiliation does not state a research-site country.
vivo ai lab,,vivo AI Global Research Institute,,,vivo,canonical_parent_country_undetermined,https://developers.vivo.com/doc/d/7d29713988594b79bf1ba586c6f5e450,Official vivo developer documentation identifies the research institute; the raw affiliation does not state a research-site country.
unix ai,,UniX AI,,,UniX AI,canonical_parent_country_undetermined,https://www.unix-group.ai/About-Unix-AI,Official UniX AI page verifies the organization; the raw affiliation does not state a research-site country.
tynapse,,Tynapse,,,Tynapse,canonical_parent_country_undetermined,https://tynapse.com/en,Official Tynapse page verifies the organization; the raw affiliation does not state a research-site country.
therap bd ltd,,Therap (BD) Ltd.,,,Therap (BD) Ltd.,canonical_parent_country_undetermined,https://therapbd.com/,Official company site verifies the legal entity; the raw affiliation does not state a research-site country.
tether,,Tether Operations S.A. de C.V.,,,Tether,canonical_parent_country_undetermined,https://tether.io/privacy/,Official Tether privacy page identifies the legal entity; the raw affiliation does not state a research-site country.
stradvision,,StradVision,,,StradVision,canonical_parent_country_undetermined,https://stradvision.com/,Official StradVision page verifies the organization; the raw affiliation does not state a research-site country.
stmicroelectronics,,STMicroelectronics,,,STMicroelectronics,canonical_parent_country_undetermined,https://www.st.com/content/st_com/en/about/who-we-are.html,Official company page verifies the organization; the raw affiliation does not state a research-site country.
stack av,,Stack AV Co.,,,Stack AV Co.,canonical_parent_country_undetermined,https://stackav.com/terms,Official terms identify Stack AV Co.; the raw affiliation does not state a research-site country.
spirit ai,,Spirit AI,,,Spirit AI,canonical_parent_country_undetermined,https://www.spirit-ai.com/en/about,Official Spirit AI page verifies the organization; the raw affiliation does not state a research-site country.
sionic ai,,Sionic AI,,,Sionic AI,canonical_parent_country_undetermined,https://www.sionic.ai/en/company,Official Sionic AI page verifies the organization; the raw affiliation does not state a research-site country.
simplexity robotics,,Simplexity Robotics,,,Simplexity Robotics,canonical_parent_country_undetermined,https://www.simplexityrobotics.com/,Official company site verifies the organization; the raw affiliation does not state a research-site country.
mircrosoft research asia,,Microsoft Research Asia,,,Microsoft,canonical_parent_country_undetermined,https://www.microsoft.com/en-us/research/lab/microsoft-research-asia/about-us/,Official Microsoft page verifies Microsoft Research Asia; the raw affiliation has a spelling typo and does not state a research-site country.
jiutian research cmcc,,China Mobile Jiutian AI Technology (Beijing) Co. Ltd.,,,China Mobile,canonical_parent_country_undetermined,https://it.10086.cn/aboutus/,Official China Mobile material identifies the Jiutian AI entity; the raw affiliation does not state a research-site country.
intime department store,,Intime Department Store,,,Alibaba Group,canonical_parent_country_undetermined,https://www.alibabagroup.com/en-US/about-alibaba-businesses-1496651995115683840,Official Alibaba business material identifies Intime; the raw affiliation does not state a research-site country.
sakak,,SAKAK Inc.,,,SAKAK Inc.,canonical_parent_country_undetermined,https://candiyeng.imweb.me/news,Official SAKAK page identifies the company; the raw affiliation does not state a research-site country.
vita dynamics,,Vita Dynamics,,,Vita,canonical_parent_country_undetermined,https://en.vita.cn/,Official Vita page verifies the organization; the raw affiliation does not state a research-site country.
department of computer vision technology baidu inc,https://ror.org/03vs3wt56,Baidu (China),,,Baidu,canonical_parent_country_undetermined,https://research.baidu.com/ResearchAreas/index,Official Baidu research material verifies the company unit; the raw affiliation does not state a research-site country.
udeerai,,UDEER AI PTE. LTD.,,,UDEER AI PTE. LTD.,canonical_parent_country_undetermined,https://udeer.ai/,Official site footer identifies the exact legal entity and UDEERAI product identity; the raw affiliation does not state a research-site country.
snow corporation,,SNOW Corporation,,,SNOW,canonical_parent_country_undetermined,https://snowcorp.com/en/,Official SNOW site identifies SNOW Corporation; the raw affiliation does not state a research-site country.
unity,,Unity Technologies,,,Unity Technologies,canonical_parent_country_undetermined,https://unity.com/our-company,Official Unity company page verifies Unity Technologies; the raw affiliation does not state a research-site country.
sync,,Sync Labs,,,Sync Labs,canonical_parent_country_undetermined,https://sync.so/about,Official Sync Labs page verifies the research company; the raw affiliation does not state a research-site country.
tencent pcg ai,,Tencent Platform and Content Group,,,Tencent,canonical_parent_country_undetermined,https://www.tencent.com/who-we-are/,Official Tencent page defines PCG as Platform and Content Group; the raw affiliation does not state a research-site country.
beijing dezhi matrix technology co ltd,,Beijing Dezhi Matrix Technology Co. Ltd.,,,Beijing Dezhi Matrix Technology Co. Ltd.,canonical_parent_country_undetermined,https://www.dz-group.com.cn/company-profile/,Official company profile identifies the exact Beijing legal entity and its AI vision research role; the raw affiliation does not state a research-site country.
mathmagic,,MathMagic,,,InfoLogic Inc.,canonical_parent_country_undetermined,https://mathmagic.com.cn/,Official MathMagic site identifies the MathMagic product and InfoLogic developer identity; the raw affiliation does not state a research-site country.
ovb,,OVB Holding AG,,,OVB Holding AG,canonical_parent_country_undetermined,https://www.ovb.eu/english/imprint.html,Official OVB imprint identifies OVB Holding AG; the raw affiliation does not state a research-site country.
tomorrow advancing life,,TAL Education Group,,,TAL Education Group,canonical_parent_country_undetermined,https://ir.100tal.com/,Official TAL investor material defines TAL as Tomorrow Advancing Life; the raw affiliation does not state a research-site country.
tomorrow advance life,,TAL Education Group,,,TAL Education Group,canonical_parent_country_undetermined,https://ir.100tal.com/,Official TAL material verifies Tomorrow Advancing Life and the raw form is a spelling variant; no research-site country is inferred.
xmax ai ltd,,XMAX AI Inc.,,,XMAX AI Inc.,canonical_parent_country_undetermined,https://ai.xmax.com/,Official XMAX AI material identifies XMAX AI Inc.; raw Ltd is a legal-suffix variant and no research-site country is inferred.
blynx,,Blynx,,,Blynx,canonical_parent_country_undetermined,https://blynx.ai/,Official Blynx site verifies the brand identity; the raw affiliation does not state a research-site country.
xiaohongshu inc,,Xiaohongshu,,,Xingyin Information Technology (Shanghai) Co. Ltd.,canonical_parent_country_undetermined,https://beian.xiaohongshu.com/,Official Xiaohongshu subdomain identifies the operating company.
ant research,,Ant Research,,,Ant Group,canonical_parent_country_undetermined,https://antcplab.github.io/docs/about/,Official Ant lab page states Ant Group launched Ant Research.
insta360,,Insta360,,,Arashi Vision Inc.,canonical_parent_country_undetermined,https://wassets.insta360.com/common/09a7fbda260b41b5a02bcb8b8b931ecc/Insta360%20Link%202C%20Pro%20Safety%20Guidelines-V1.0.pdf,Official Insta360 document identifies Arashi Vision Inc. and the Insta360 brand.
li auto,,Li Auto,,,Li Auto Inc.,canonical_parent_country_undetermined,https://ir.lixiang.com/investor-faqs,Official investor page identifies Li Auto Inc.
jd explore academy,,JD Explore Academy,,,JD.com,canonical_parent_country_undetermined,https://ir.jd.com/system/files-encrypted/nasdaq_kms/assets/2022/05/23/14-48-50/2021%20JD.com%20Environmental%20Social%20and%20Governance%20Report%20-20MB.pdf,Official JD.com ESG report identifies JD Explore Academy.
meituan m17,,Meituan-M17,,,Meituan,canonical_parent_country_undetermined,https://tech.meituan.com/2025/07/17/Meituan-M17-OIBench-CoreCodeBench.html,Official Meituan Technology page identifies the Meituan-M17 team.
vivo mobile communication,,vivo,,,vivo,canonical_parent_country_undetermined,https://www.vivo.com/id/activity/about-us,Official vivo page identifies vivo Mobile Communication Co. Ltd.
gigaai,,GigaAI,,,GigaAI,canonical_parent_country_undetermined,https://gigaai.cc/about,Official company site confirms GigaAI identity without a separate legal parent.
meitu inc,,Meitu Inc.,,,Meitu Inc.,canonical_parent_country_undetermined,https://www.meitu.com/en/introduction,Official company overview identifies Meitu Inc.
ly corporation,,LY Corporation,,,LY Corporation,canonical_parent_country_undetermined,https://www.lycorp.co.jp/en/company/overview/,Official company overview identifies LY Corporation.
china mobile communications company limited research institute,,China Mobile Research Institute,,,China Mobile,canonical_parent_country_undetermined,https://www.chinamobileltd.com/en/ir/reports/ar2021/sd2021.pdf,Official China Mobile report places the named research institute within China Mobile.
waabi,,Waabi,,,Waabi,canonical_parent_country_undetermined,https://waabi.ai/company,Official company site confirms Waabi identity without a separate legal parent.
ntt inc,,NTT Inc.,,,NTT Inc.,canonical_parent_country_undetermined,https://group.ntt/en/corporate/overview/,Official NTT corporate data identifies NTT Inc.
mediatek inc,,MediaTek Incorporated,,,MediaTek Incorporated,canonical_parent_country_undetermined,https://www.mediatek.com/company/discover,Official company overview identifies MediaTek Incorporated.
woven by toyota,,Woven by Toyota,,,Toyota Motor Corporation,canonical_parent_country_undetermined,https://www.woven.toyota/jp/company/profile/,Official profile states Toyota Motor Corporation owns Woven by Toyota.
knowin ai,,Knowin AI,,,Shenzhen Knowin AI Co. Ltd.,canonical_parent_country_undetermined,https://www.knowinai.com/en/company.html,Official company page identifies Shenzhen Knowin AI Co. Ltd.
krafton,,KRAFTON,,,KRAFTON Inc.,canonical_parent_country_undetermined,https://www.krafton.com/wp-content/uploads/2023/09/2022-Consolidated-Financial-Statements_KRAFTON.pdf,Official financial statement identifies KRAFTON Inc.
physical intelligence,,Physical Intelligence,,,Physical Intelligence,canonical_parent_country_undetermined,https://www.pi.website/,Official company site confirms Physical Intelligence identity without a separate legal parent.
realsee,,Realsee,,,如你之视（北京）科技有限公司,canonical_parent_country_undetermined,https://www.realsee.com/article/nbn2otrt,Official Realsee privacy policy identifies the operating entity.
shanda group corp,,Shanda Group Corp.,,,Shanda Group Corp.,canonical_parent_country_undetermined,https://jp.shanda.com/,Official Shanda corporate site identifies Shanda Group Corp.
skywork ai,,SKYWORK AI,,,SKYWORK AI PTE. LTD.,canonical_parent_country_undetermined,https://static.skywork.ai/fe/skywork-site-assets/html/agreement/TermsService.html,Official terms identify SKYWORK AI PTE. LTD.
cowarobot,,Cowarobot,,,酷哇科技有限公司,canonical_parent_country_undetermined,https://www.cowarobot.com/intro,Official company page identifies 酷哇科技有限公司 / Coowa.
zozo research,,ZOZO Research,,,ZOZO NEXT Inc.,canonical_parent_country_undetermined,https://corp.zozo.com/en/sustainability/social/soc_innovation/,Official ZOZO page states ZOZO Research operates within ZOZO NEXT Inc.
intel,,Intel Corporation,,,Intel Corporation,canonical_parent_country_undetermined,https://www.intel.com/content/www/us/en/company-overview/company-overview.html,Official company overview identifies Intel Corporation.
intel labs,,Intel Labs,,,Intel Corporation,canonical_parent_country_undetermined,https://www.intel.com/content/www/us/en/research/blogs/research-areas.html,Official Intel Labs page states its work is for Intel Corporation.
cisco systems,,Cisco Systems Inc.,,,Cisco Systems Inc.,canonical_parent_country_undetermined,https://www.cisco.com/site/us/en/about/index.html,Official Cisco about page identifies Cisco Systems Inc.
transsion,,Shenzhen Transsion Holdings Co. Ltd.,,,Shenzhen Transsion Holdings Co. Ltd.,canonical_parent_country_undetermined,https://www.transsion.com/en/about,Official company page identifies Shenzhen Transsion Holdings Co. Ltd.
ibm,,IBM,,,IBM,canonical_parent_country_undetermined,https://research.ibm.com/about,Official IBM Research page verifies IBM corporate research identity without a research-site country.
voxel51,,Voxel51,,,Voxel51,canonical_parent_country_undetermined,https://voxel51.com/about,Official company page verifies Voxel51 identity without a separate parent or research-site country.
fpt,,FPT Corporation,,,FPT Corporation,canonical_parent_country_undetermined,https://fpt.com/en/,Official FPT site identifies FPT Corporation; the raw key does not state a research-site country.
fpt software ai center,,FPT Software,,,FPT Corporation,canonical_parent_country_undetermined,https://fptsoftware.com/services/digital-technologies-and-platforms/artificial-intelligence,Official FPT Software page identifies its AI Center under FPT Corporation.
frontis ai,,Frontis AI,,,Frontis AI,canonical_parent_country_undetermined,https://www.frontis.ai/about.html,Official Frontis AI site verifies the organization identity.
fenz ai,,Fenz AI,,,Fenz AI,canonical_parent_country_undetermined,https://www.fenz.ai/,Official Fenz AI site verifies the company identity.
figure ai,,Figure AI,,,Figure AI Inc.,canonical_parent_country_undetermined,https://www.figure.ai/terms-and-conditions,Official terms identify Figure AI Inc.
flexion robotics,,Flexion Robotics,,,Flexion Robotics AG,canonical_parent_country_undetermined,https://flexion.ai/legal-pages/imprint,Official imprint identifies Flexion Robotics AG.
frazer nash consultancy,,Frazer-Nash Consultancy,,,KBR,canonical_parent_country_undetermined,https://www.fnc.co.uk/,Official company site identifies Frazer-Nash Consultancy as a KBR company.
fastcodeai,,Fast Code AI,,,Fast Code AI,canonical_parent_country_undetermined,https://www.fastcode.ai/,Official site verifies Fast Code AI identity.
tencent wechat ai,,WeChat AI,,,Tencent,canonical_parent_country_undetermined,https://static.www.tencent.com/uploads/2022/04/19/e4114e693e75636c18e8170735ed50c6.pdf,Official Tencent R&D material identifies WeChat AI as a Tencent AI research laboratory; the raw string does not state its research-site country.
research scientist facebook ai research and professor of computer science,,Facebook AI Research,,,Meta,canonical_parent_country_undetermined,https://ai.meta.com/research/,The affiliation contains the named Facebook AI Research organization plus a role-only professor title; Meta's research site verifies the corporate research organization without a stated research-site country.
deepscenario gmbh,,DeepScenario GmbH,,,DeepScenario GmbH,canonical_parent_country_undetermined,https://www.deepscenario.com/,Official company site verifies the DeepScenario GmbH identity; the raw string does not state a research-site country.
pinscreen inc,,Pinscreen Inc.,,,Pinscreen Inc.,canonical_parent_country_undetermined,https://www.pinscreen.com/,Official company site verifies Pinscreen; the raw string does not state a research-site country.
vivix group limited,,Vivix Group Limited,,,Vivix Group Limited,canonical_parent_country_undetermined,https://www.vivix.com/,Official company site verifies Vivix Group Limited; the raw string does not state a research-site country.
cj corp,,CJ Corporation,,,CJ Corporation,canonical_parent_country_undetermined,https://www.cj.net/,Official company site verifies CJ Corporation; the raw string does not state a research-site country.
smartmore,,SmartMore Corporation,,,SmartMore Corporation,canonical_parent_country_undetermined,https://global.smartmore.com/,Official company site verifies SmartMore Corporation; the raw string does not state a research-site country.
astribot,,Astribot,,,Astribot,canonical_parent_country_undetermined,https://www.astribot.com/en/,Official company site verifies Astribot; the raw string does not state a research-site country.
audi ag,,Audi AG,,,Audi AG,canonical_parent_country_undetermined,https://www.audi.com/en/legal-notice-17130,Official legal notice verifies AUDI AG; the raw string does not state a research-site country.
robbyant,,Robbyant,,,Shanghai Ant Robbyant Technology Co. Ltd.,canonical_parent_country_undetermined,https://www.robbyant.com/,Official company site identifies Shanghai Ant Robbyant Technology Co. Ltd.; the raw string does not state a research-site country.
pixverse,,PixVerse,,,PixVerse,canonical_parent_country_undetermined,https://pixverse.ai/en,Official company site verifies PixVerse; the raw string does not state a research-site country.
therapanacea,,TheraPanacea,,,TheraPanacea,canonical_parent_country_undetermined,https://therapanacea.com/,Official company site verifies TheraPanacea; the raw string does not state a research-site country.
niantic spatial,,Niantic Spatial,,,Niantic Spatial,canonical_parent_country_undetermined,https://www.nianticspatial.com/,Official site identifies Niantic Spatial Inc.; the raw string does not state a research-site country.
heygen,,HeyGen,,,HeyGen,canonical_parent_country_undetermined,https://www.heygen.com/about,Official About page identifies HeyGen; the raw string does not state a research-site country.
intuitive surgical,,Intuitive Surgical,,,Intuitive Surgical,canonical_parent_country_undetermined,https://www.intuitive.com/,Official site identifies Intuitive Surgical Inc.; the raw string does not state a research-site country.
kakao,,Kakao,,,Kakao,canonical_parent_country_undetermined,https://www.kakao.com/policy/kakaoTerms?lang=en&type=s,Official terms identify Kakao Corp.; the raw string does not state a research-site country.
kyutai,,Kyutai,,,Kyutai,canonical_parent_country_undetermined,https://kyutai.org/,Official site identifies the Kyutai open-science AI laboratory; the raw string does not state a research-site country.
may mobility,,May Mobility,,,May Mobility,canonical_parent_country_undetermined,https://maymobility.com/terms-of-use/,Official terms identify May Mobility Inc.; the raw string does not state a research-site country.
moore threads,,Moore Threads,,,Moore Threads,canonical_parent_country_undetermined,https://www.mthreads.com/,Official corporate site verifies Moore Threads; the raw string does not state a research-site country.
netapp,,NetApp,,,NetApp,canonical_parent_country_undetermined,https://www.netapp.com/company/history/,Official history identifies NetApp; the raw string does not state a research-site country.
phigent robotics,,PhiGent Robotics,,,PhiGent Robotics,canonical_parent_country_undetermined,https://www.phigent.ai/,Official company site verifies PhiGent Robotics; the raw string does not state a research-site country.
yandex,,Yandex,,,Yandex,canonical_parent_country_undetermined,https://yandex.com/company/,Official company page verifies Yandex; the raw string does not state a research-site country.
l oreal,,L'Oréal,,,L'Oréal,canonical_parent_country_undetermined,https://www.loreal.com/en/group/,Official group site verifies L'Oréal; the raw string does not state a research-site country.
posco dx,,POSCO DX,,,POSCO DX,canonical_parent_country_undetermined,https://www.poscodx.com/eng,Official corporate site verifies POSCO DX; the raw string does not state a research-site country.
sangfor technologies inc,,Sangfor Technologies,,,Sangfor Technologies,canonical_parent_country_undetermined,https://www.sangfor.com/,Official corporate site verifies Sangfor Technologies; the raw string does not state a research-site country.
shanghai huawei technologies co ltd,,Huawei,,,Huawei,canonical_parent_country_undetermined,https://www.huawei.com/en/,Official Huawei site verifies the named Shanghai entity as part of Huawei; the raw string does not state a research-site country.
beijing huawei digital technologies co ltd,,Huawei,,,Huawei,canonical_parent_country_undetermined,https://www.huawei.com/en/,Official Huawei site verifies the named Beijing entity as part of Huawei; the raw string does not state a research-site country.
sk telecom,,SK Telecom,,,SK Telecom,canonical_parent_country_undetermined,https://www.sktelecom.com/en/,Official site identifies SK Telecom Co. Ltd.; the raw string does not state a research-site country.
snow corp,,SNOW,,,SNOW,canonical_parent_country_undetermined,https://snowcorp.com/en/,Official company site verifies SNOW Corp.; the raw string does not state a research-site country.
amazon aws,,Amazon Web Services,,,Amazon,canonical_parent_country_undetermined,https://aws.amazon.com/about-aws/,Official AWS page identifies Amazon Web Services as Amazon's services organization; the raw string does not state a research-site country.
amazon genai,,Amazon,,,Amazon,canonical_parent_country_undetermined,https://www.amazon.science/,Official research site identifies Amazon generative-AI work; the raw string does not state a research-site country.
apple aiml,,Apple,,,Apple,canonical_parent_country_undetermined,https://machinelearning.apple.com/,Official Apple Machine Learning Research site identifies the Apple research organization; the raw string does not state a research-site country.
baidu com,,Baidu,,,Baidu,canonical_parent_country_undetermined,https://ir.baidu.com/,Official investor site verifies Baidu; the raw string does not state a research-site country.
aurora innovation,,Aurora Innovation,,,Aurora Innovation,canonical_parent_country_undetermined,https://aurora.tech/,Official company site verifies Aurora Innovation; the raw string does not state a research-site country.
aleph alpha,,Aleph Alpha,,,Aleph Alpha,canonical_parent_country_undetermined,https://www.aleph-alpha.com/,Official company site verifies Aleph Alpha; the raw string does not state a research-site country.
bending spoons,,Bending Spoons,,,Bending Spoons,canonical_parent_country_undetermined,https://bendingspoons.com/,Official company site verifies Bending Spoons; the raw string does not state a research-site country.
bmw group,,BMW Group,,,BMW Group,canonical_parent_country_undetermined,https://www.bmwgroup.com/,Official company site verifies BMW Group; the raw string does not state a research-site country.
bayrische motoren werke,,BMW Group,,,BMW Group,canonical_parent_country_undetermined,https://www.bmwgroup.com/,Historical German-name variant is normalized to BMW Group; the raw string does not state a research-site country.
bytedance san jose,,ByteDance,,,ByteDance,canonical_parent_country_undetermined,https://www.bytedance.com/en/,San Jose is a location qualifier on the ByteDance organization; the raw string does not state a country-qualified research site.
changan automobile,,Changan Automobile,,,Changan Automobile,canonical_parent_country_undetermined,https://www.globalchangan.com/,Official global company site verifies Changan Automobile; the raw string does not state a research-site country.
china merchants group,,China Merchants Group,,,China Merchants Group,canonical_parent_country_undetermined,https://www.cmhk.com/,Official company site verifies China Merchants Group; the raw string does not state a research-site country.
didi international business group,,DiDi,,,DiDi,canonical_parent_country_undetermined,https://www.didiglobal.com/,Official site verifies the DiDi organization; the raw business-group label is not treated as a separate parent entity.
epson canada,,Epson,,,Epson,canonical_parent_country_undetermined,https://epson.ca/,Official Epson Canada site verifies the regional Epson entity; the raw string does not establish a country-qualified research site.
dr ing h c f porsche ag,,Dr. Ing. h.c. F. Porsche AG,,,Dr. Ing. h.c. F. Porsche AG,canonical_parent_country_undetermined,https://pnr-prd2-pub1.newsroom.porsche.com/en/company.html,Official Porsche company page verifies Dr. Ing. h.c. F. Porsche AG; the raw string does not state a research-site country.
research team heygen,,HeyGen,,,HeyGen Technology Inc.,canonical_parent_country_undetermined,https://www.heygen.com/terms,Official terms identify HeyGen Technology Inc.; the source's Research Team prefix is a role/unit qualifier.
hisilicon shanghai technologies co limited,,HiSilicon (Shanghai) Technologies CO. LTD.,,,HiSilicon (Shanghai) Technologies CO. LTD.,canonical_parent_country_undetermined,https://www.hisilicon.com/en,Official site footer identifies HiSilicon (Shanghai) Technologies CO. LTD.; the raw string does not state a research-site country.
lockheed martin,,Lockheed Martin Corporation,,,Lockheed Martin Corporation,canonical_parent_country_undetermined,https://www.lockheedmartin.com/en-us/who-we-are.html,Official company page verifies Lockheed Martin Corporation; the raw string does not state a research-site country.
hunyuan,,Tencent Hunyuan,,,Tencent,canonical_parent_country_undetermined,https://www.tencent.com/tencent-hy3-now-available-globally-extending-practical-ai-across-products-workflows-and-cloud-services/,Official Tencent announcement identifies Tencent Hunyuan as the prior name for Tencent HY; the raw string does not state a research-site country.
ogq,,OGQ,,,OGQ Corporation,canonical_parent_country_undetermined,https://www.ogqcorp.com/,Official site identifies OGQ Corporation; the raw string does not state a research-site country.
spaitial ai,,SpAItial,,,SpAItial Ltd,canonical_parent_country_undetermined,https://spaitial.ai/terms,Official terms identify SpAItial Ltd.; the raw string does not state a research-site country.
tiktok,,TikTok,,,TikTok,canonical_parent_country_undetermined,https://www.tiktok.com/about/?lang=en,Official About page identifies TikTok; the raw string does not state a research-site country.
zozo next inc,,ZOZO NEXT Inc.,,,ZOZO NEXT Inc.,canonical_parent_country_undetermined,https://corp.zozo.com/en/about/profile/,Official corporate profile identifies ZOZO NEXT Inc.; the raw string does not state a research-site country.
aim future,,AiM Future,,,AIM FUTURE Inc.,canonical_parent_country_undetermined,https://aimfuture.ai/en/about_en/,Official About page identifies AIM FUTURE Inc.; the raw string does not state a research-site country.
innopeak technology,,InnoPeak Technology,,,InnoPeak Technology,canonical_parent_country_undetermined,https://www.innopeaktech.com/,Official company site verifies InnoPeak Technology; the raw string does not state a research-site country.
hillbot,,Hillbot,,,Hillbot,canonical_parent_country_undetermined,https://www.hillbot.ai/,Official company site verifies Hillbot; the raw string does not state a research-site country.
dzine ai,,Dzine,,,Dzine,canonical_parent_country_undetermined,https://www.dzine.ai/,Official product/company site verifies Dzine; the raw string does not state a research-site country.
capitalone,,Capital One,,,Capital One Financial Corporation,canonical_parent_country_undetermined,https://www.capitalone.com/about/corporate-information/our-company/,Official company page identifies Capital One and its parent Capital One Financial Corporation; the raw string does not state a research-site country.
liauto inc,,Li Auto Inc.,,,Li Auto Inc.,canonical_parent_country_undetermined,https://ir.lixiang.com/investor-faqs,Official investor FAQ identifies Li Auto Inc.; the raw string does not state a research-site country.
sany,,SANY,,,SANY Group,canonical_parent_country_undetermined,https://www.sanyglobal.com/about_us/,Official About page identifies SANY Group; the raw string does not state a research-site country.
cisdi group co ltd,,CISDI Group Co. Ltd.,,,CISDI Group Co. Ltd.,canonical_parent_country_undetermined,https://www.cisdi.com.cn/site-en/article/76672270438278145,Official English company profile gives the exact CISDI Group Co. Ltd. name; the raw string does not state a research-site country.
cygames research cygames inc,,Cygames Research,,,Cygames Inc.,canonical_parent_country_undetermined,https://research.cygames.co.jp/about/,Official Cygames Research page identifies the in-house research institute under Cygames Inc.; the raw string does not state a research-site country.
agibot com,,"AGIBOT Innovation (Shanghai) Technology Co., Ltd.",,,"AGIBOT Innovation (Shanghai) Technology Co., Ltd.",canonical_parent_country_undetermined,https://www.agibot.com/,Official site identifies AGIBOT Innovation (Shanghai) Technology Co. Ltd.; the raw string does not state a research-site country.
ai 2 robotics,,AI² Robotics,,,AI² Robotics,canonical_parent_country_undetermined,https://ai2robotics.com/en/,Official company site verifies AI² Robotics; the raw string does not state a research-site country.
aidachip,,AIDAChip,,,AIDAChip,canonical_parent_country_undetermined,https://www.aidachip.com/,Official company site verifies AIDAChip; the raw string does not state a research-site country.
artefact,,Artefact,,,Artefact,canonical_parent_country_undetermined,https://www.artefact.com/company/about-us/,Official company site verifies Artefact; the raw string does not state a research-site country.
beijing galbot co ltd,,Galbot,,,Galbot,canonical_parent_country_undetermined,https://www.galbot.com/about/,Official About page verifies the Galbot robotics company; the raw string does not state a research-site country.
cisco,,"Cisco Systems, Inc.",,,"Cisco Systems, Inc.",canonical_parent_country_undetermined,https://www.cisco.com/c/en/us/about.html,Official About page verifies Cisco Systems Inc.; the raw string does not state a research-site country.
clo virtual fashion inc,,CLO Virtual Fashion Inc.,,,CLO Virtual Fashion Inc.,canonical_parent_country_undetermined,https://www.clo3d.com/en/about,Official company site verifies CLO Virtual Fashion Inc.; the raw string does not state a research-site country.
credit agricole sa,,Crédit Agricole S.A.,,,Crédit Agricole S.A.,canonical_parent_country_undetermined,https://www.credit-agricole.com/en/about-us,Official company site verifies Crédit Agricole S.A.; the raw string does not state a research-site country.
cyberagent,,"CyberAgent, Inc.",,,"CyberAgent, Inc.",canonical_parent_country_undetermined,https://www.cyberagent.co.jp/en/,Official corporate page verifies CyberAgent Inc.; the raw string does not state a research-site country.
damo academy,,Alibaba DAMO Academy,,,Alibaba Group,canonical_parent_country_undetermined,https://damo.alibaba.com/,Official DAMO Academy site identifies the Alibaba research organization; the raw string does not state a research-site country.
dassault systemes,,Dassault Systèmes SE,,,Dassault Systèmes SE,canonical_parent_country_undetermined,https://www.3ds.com/about-3dexperience/company,Official company site verifies Dassault Systèmes SE; the raw string does not state a research-site country.
deepglint,,"Beijing DeepGlint Technology Co., Ltd.",,,"Beijing DeepGlint Technology Co., Ltd.",canonical_parent_country_undetermined,https://www.deepglint.com/about?lang=en,Official company site verifies Beijing DeepGlint Technology Co. Ltd.; the raw string does not state a research-site country.
dexcom,,"Dexcom, Inc.",,,"Dexcom, Inc.",canonical_parent_country_undetermined,https://www.dexcom.com/about-dexcom,Official company site verifies Dexcom Inc.; the raw string does not state a research-site country.
didi,,"DiDi Global Inc.",,,"DiDi Global Inc.",canonical_parent_country_undetermined,https://ir.didiglobal.com/,Official investor site verifies DiDi Global Inc.; the raw string does not state a research-site country.
didi chuxing,,"DiDi Global Inc.",,,"DiDi Global Inc.",canonical_parent_country_undetermined,https://ir.didiglobal.com/,Official investor site verifies the DiDi Chuxing corporate identity; the raw string does not state a research-site country.
didi global,,"DiDi Global Inc.",,,"DiDi Global Inc.",canonical_parent_country_undetermined,https://ir.didiglobal.com/,Official investor site verifies DiDi Global Inc.; the raw string does not state a research-site country.
didi research,,DiDi Research,,,"DiDi Global Inc.",canonical_parent_country_undetermined,https://www.didiglobal.com/research,Official research site identifies DiDi Research under DiDi Global; the raw string does not state a research-site country.
dotphoton,,dotphoton,,,dotphoton,canonical_parent_country_undetermined,https://dotphoton.com/,Official company site verifies dotphoton; the raw string does not state a research-site country.
dptechnology,,DP Technology,,,DP Technology,canonical_parent_country_undetermined,https://www.dp.tech/en/about,Official company site verifies DP Technology; the raw string does not state a research-site country.
epson,,Seiko Epson Corporation,,,Seiko Epson Corporation,canonical_parent_country_undetermined,https://corporate.epson/en/about/,Official corporate site verifies Seiko Epson Corporation; the raw string does not state a research-site country.
ericsson research,,Ericsson Research,,,Telefonaktiebolaget LM Ericsson,canonical_parent_country_undetermined,https://www.ericsson.com/en/about-us/company-facts,Official company information verifies Ericsson Research under Telefonaktiebolaget LM Ericsson; the raw string does not state a research-site country.
foundation large model department huawei technologies ltd,,Huawei Technologies Co. Ltd.,,,Huawei,canonical_parent_country_undetermined,https://www.huawei.com/en/corporate-information,Official corporate information verifies Huawei Technologies Co. Ltd.; the department is normalized to its named company.
genesis ai,,Genesis AI,,,Genesis AI,canonical_parent_country_undetermined,https://www.genesisai.company/,Official company site verifies Genesis AI; the raw string does not state a research-site country.
great wall motor,,Great Wall Motor Company Limited,,,Great Wall Motor Company Limited,canonical_parent_country_undetermined,https://www.gwm-global.com/,Official corporate site verifies Great Wall Motor Company Limited; the raw string does not state a research-site country.
hello group,,Hello Group Inc.,,,Hello Group Inc.,canonical_parent_country_undetermined,https://ir.hellogroup.com/,Official investor site verifies Hello Group Inc.; the raw string does not state a research-site country.
helsing,,Helsing,,,Helsing,canonical_parent_country_undetermined,https://helsing.ai/company,Official company site verifies Helsing; the raw string does not state a research-site country.
heygen technology inc,,HeyGen Technology Inc.,,,HeyGen Technology Inc.,canonical_parent_country_undetermined,https://www.heygen.com/,Official company site verifies HeyGen Technology Inc.; the raw string does not state a research-site country.
honda,,Honda Motor Co. Ltd.,,,Honda Motor Co. Ltd.,canonical_parent_country_undetermined,https://global.honda/en/about/overview.html,Official corporate profile verifies Honda Motor Co. Ltd.; the raw string does not state a research-site country.
iflytek co ltd,,iFLYTEK Co. Ltd.,,,iFLYTEK Co. Ltd.,canonical_parent_country_undetermined,https://www.iflytek.com/en/,Official company site verifies iFLYTEK Co. Ltd.; the raw string does not state a research-site country.
intuitive surgical ca usa,,"Intuitive Surgical, Inc.",,,"Intuitive Surgical, Inc.",canonical_parent_country_undetermined,https://www.intuitive.com/en-us/about-us,Official company site verifies Intuitive Surgical Inc.; the CA USA suffix does not itself establish a research-site country.
intuitive surgical inc,,"Intuitive Surgical, Inc.",,,"Intuitive Surgical, Inc.",canonical_parent_country_undetermined,https://www.intuitive.com/en-us/about-us,Official company site verifies Intuitive Surgical Inc.; the raw string does not state a research-site country.
iqiyi,,"iQIYI, Inc.",,,"iQIYI, Inc.",canonical_parent_country_undetermined,https://ir.iqiyi.com/,Official investor site verifies iQIYI Inc.; the raw string does not state a research-site country.
kakao corp,,Kakao Corp.,,,Kakao Corp.,canonical_parent_country_undetermined,https://www.kakaocorp.com/page/about,Official company page verifies Kakao Corp.; the raw string does not state a research-site country.
kddi corporation,,KDDI Corporation,,,KDDI Corporation,canonical_parent_country_undetermined,https://www.kddi.com/english/corporate/,Official corporate page verifies KDDI Corporation; the raw string does not state a research-site country.
kingsoft office,,Kingsoft Office Software Corporation Limited,,,Kingsoft Office Software Corporation Limited,canonical_parent_country_undetermined,https://www.wps.com/about-us/,Official company page verifies Kingsoft Office Software Corporation Limited; the raw string does not state a research-site country.
kpmg,,KPMG International Limited,,,KPMG International Limited,canonical_parent_country_undetermined,https://kpmg.com/xx/en/home/about.html,Official network page verifies KPMG International Limited; the raw string does not state a research-site country.
leidos inc,,Leidos Holdings Inc.,,,Leidos Holdings Inc.,canonical_parent_country_undetermined,https://www.leidos.com/about,Official company page verifies Leidos Holdings Inc.; the raw string does not state a research-site country.
lovart,,Lovart AI,,,Lovart AI,canonical_parent_country_undetermined,https://www.lovart.ai/,Official company site verifies Lovart AI; the raw string does not state a research-site country.
lovart ai,,Lovart AI,,,Lovart AI,canonical_parent_country_undetermined,https://www.lovart.ai/,Official company site verifies Lovart AI; the raw string does not state a research-site country.
maum ai,,maum.ai Inc.,,,maum.ai Inc.,canonical_parent_country_undetermined,https://www.maum.ai/,Official company site verifies maum.ai Inc.; the raw string does not state a research-site country.
megvii technology inc,,"Beijing Megvii Technology Co., Ltd.",,,"Beijing Megvii Technology Co., Ltd.",canonical_parent_country_undetermined,https://en.megvii.com/,Official company site verifies the Megvii corporate identity; the raw string does not state a research-site country.
ex chief ai scientist meta researcher in ai ml robotics etc acm turing award laureate,,Meta,,,Meta,canonical_parent_country_undetermined,https://about.meta.com/company-info/,The source contains a former Meta chief-AI-scientist role alongside non-affiliation biography text; Meta is retained as the named corporate organization and no research-site country is inferred.
kargobot,,KargoBot,,,KargoBot,canonical_parent_country_undetermined,https://en.kargobot.ai/,Official site identifies KargoBot as an autonomous-freight technology company; the raw string does not state a research-site country.
aitrics,,AITRICS,,,AITRICS,canonical_parent_country_undetermined,https://aitrics.com/kr/sub/company/about.php,Official company page identifies AITRICS as a healthcare-AI company; the raw string does not state a research-site country.
gengenai,,GenGenAI,,,GenGenAI,canonical_parent_country_undetermined,https://www.gengen.ai/,Official site identifies GenGenAI as an AI data-generation organization; the raw string does not state a research-site country.
hangzhou vivo information technology co ltd,,vivo,,,vivo,canonical_parent_country_undetermined,https://www.vivo.com/en/about-vivo/,Official vivo page identifies its technology organization and R&D network; the raw string does not state a research-site country.
malou tech inc,,Malou Tech Inc,,,Malou Tech Inc,canonical_parent_country_undetermined,https://www.maloutech.com/about,Official page names Malou Tech Inc; the raw string does not state a research-site country.
manycore tech inc,,Manycore Tech Inc,,,Manycore Tech Inc,canonical_parent_country_undetermined,https://manycoretech.com/product,Official site identifies Manycore Tech Inc; the raw string does not state a research-site country.
manycore inc,,Manycore Tech Inc,,,Manycore Tech Inc,canonical_parent_country_undetermined,https://manycoretech.com/product,Official site identifies the abbreviated Manycore organization as Manycore Tech Inc; the raw string does not state a research-site country.
math magic,,Math and Magic,,,Math and Magic,canonical_parent_country_undetermined,https://mathandmagic.ai/,Official site identifies Math and Magic; the raw string does not state a research-site country.
mininglamp academy of sciences mininglamp technology,,Mininglamp Technology,,,Mininglamp Technology,canonical_parent_country_undetermined,https://www.mininglamp.com/en/about/,Official company page identifies Mininglamp Technology; the raw string does not state a research-site country.
pediamed ai,,PediaMed AI,,,PediaMed AI,canonical_parent_country_undetermined,https://pediamedai.com/,Official site identifies PediaMed AI; the raw string does not state a research-site country.
reve,,Reve AI Inc.,,,Reve AI Inc.,canonical_parent_country_undetermined,https://app.reve.com/about,Official page names Reve AI Inc.; the raw string does not state a research-site country.
shenzhen zhuoyu technology co ltd,,Shenzhen Zhuoyu Technology Co. Ltd.,,,Shenzhen Zhuoyu Technology Co. Ltd.,canonical_parent_country_undetermined,https://www.zyt.com/en/terms,Official terms identify Shenzhen Zhuoyu Technology Co. Ltd.; the raw string does not state a research-site country.
siemens technology,,Siemens,,,Siemens AG,canonical_parent_country_undetermined,https://www.siemens.com/de-de/company/innovation/research-development/siemens-core-technologies/,Official Siemens research page identifies the organization; the raw string does not state a research-site country.
yahoo,,Yahoo,,,Yahoo,canonical_parent_country_undetermined,https://www.yahoo.com/,Official Yahoo service domain verifies the named organization; the raw string does not state a research-site country.
nullmax,,Nullmax,,,Nullmax,canonical_parent_country_undetermined,https://www.nullmax.ai/,Official site identifies Nullmax as an AI and autonomous-driving company; the raw string does not state a research-site country.
360 ai research,,360 AI Research,,,360 Group,canonical_parent_country_undetermined,https://research.360.cn/en/about,Official page identifies 360 AI Research as the core AI research team of 360 Group; the raw string does not state a research-site country.
intellindust,,Intellindust Information Technology (Shenzhen) Co. Ltd.,,,Intellindust Information Technology (Shenzhen) Co. Ltd.,canonical_parent_country_undetermined,https://www.intellindust.net/about.html,Official page gives the legal organization name; the raw string does not state a research-site country.
2077ai,,AKURA PTE. LTD.,,,AKURA PTE. LTD.,canonical_parent_country_undetermined,https://www.2077.ai/about/,Official site footer names AKURA PTE. LTD.; the raw string does not state a research-site country.
ai2robotics,,AI² Robotics,,,AI² Robotics,canonical_parent_country_undetermined,https://ai2robotics.com/en/,Official site identifies AI² Robotics; the raw string does not state a research-site country.
chongqing afari intelligent drive co ltd,,Afari Technology,,,Afari Technology,canonical_parent_country_undetermined,https://www.afari.com/,Official site identifies Afari smart-driving technology organization; the raw string does not state a research-site country.
terrasense analytics,,TerraSense Analytics Ltd.,,,TerraSense Analytics Ltd.,canonical_parent_country_undetermined,https://www.terrasense.ca/about-us,Official site identifies TerraSense Analytics Ltd.; the raw string does not state a research-site country.
utopai studios,,Utopai Studios,,,Utopai Studios,canonical_parent_country_undetermined,https://www.utopaistudios.com/about,Official page identifies Utopai Studios; the raw string does not state a research-site country.
x humanoid,,Beijing Humanoid Robot Innovation Center Co. Ltd.,,,Beijing Humanoid Robot Innovation Center Co. Ltd.,canonical_parent_country_undetermined,https://x-humanoid.com/about.html,Official page gives the legal organization name; the raw string does not state a research-site country.
aim future inc,,AIM FUTURE Inc.,,,AIM FUTURE Inc.,canonical_parent_country_undetermined,https://aimfuture.ai/en/about_en/,Official page gives the legal organization name; the raw string does not state a research-site country.
aim intelligence,,AIM Intelligence Co. Ltd.,,,AIM Intelligence Co. Ltd.,canonical_parent_country_undetermined,https://www.aim-intelligence.com/about,Official page identifies AIM Intelligence Co. Ltd.; the raw string does not state a research-site country.
airoa,,AIRoA (AI Robot Association),,,AIRoA (AI Robot Association),canonical_parent_country_undetermined,https://www.airoa.org/,Official organization site identifies AIRoA; the raw string does not state a research-site country.
alpsentek,,AlpsenTek,,,AlpsenTek,canonical_parent_country_undetermined,https://en.alpsentek.com/about-us/,Official page identifies AlpsenTek; the raw string does not state a research-site country.
behavioral signals,,Behavioral Signal Technologies Inc.,,,Behavioral Signal Technologies Inc.,canonical_parent_country_undetermined,https://behavioralsignals.com/contact-centers/group/,Official site identifies the legal organization; the raw string does not state a research-site country.
beijing innovation center of humanoid robotics,,Beijing Innovation Center of Humanoid Robotics Co. Ltd.,,,Beijing Innovation Center of Humanoid Robotics Co. Ltd.,canonical_parent_country_undetermined,https://www.x-humanoid.com/en,Official site uses the exact organization name; the raw string does not state a research-site country.
brain investing limited,,Brain Investing Limited,,,Brain Investing Limited,canonical_parent_country_undetermined,https://www.tto.hku.hk/sc/startups/hku-startup-spin-off-companies,Official HKU Technology Transfer Office listing verifies Brain Investing Limited as a startup/spin-off; the raw string does not state a research-site country.
bt group plc,,BT Group plc,,,BT Group plc,canonical_parent_country_undetermined,https://www.bt.com/about/investors,Official investor page identifies BT Group plc; the raw string does not state a research-site country.
certhub gmbh,,CertHub GmbH,,,CertHub GmbH,canonical_parent_country_undetermined,https://www.certhub.de/en/privacy-policy,Official privacy page names CertHub GmbH; the raw string does not state a research-site country.
deep dimension,,Deep Dimension Inc.,,,Deep Dimension Inc.,canonical_parent_country_undetermined,https://deepdimension.io/en,Official page identifies Deep Dimension Inc.; the raw string does not state a research-site country.
desay sv automotive,,Huizhou Desay SV Automotive Co. Ltd.,,,Desay Corporation,canonical_parent_country_undetermined,https://en.desaysv.com/footerDetails/c-_detailId%3D1871034711909044224.html,Official Desay SV page names the legal organization and identifies its Desay group relationship; the raw string does not state a research-site country.
eabot technology,,Shanghai Ebot Technology Co. Ltd.,,,Shanghai Ebot Technology Co. Ltd.,canonical_parent_country_undetermined,https://www.eabot.tech/,Official company page identifies the EABOT organization; the raw string does not state a research-site country.
ebiomed,,EBioMed,,,EBioMed,canonical_parent_country_undetermined,https://ebio-med.com/,Official site identifies EBioMed; the raw string does not state a research-site country.
eigent ai,,Eigent AI,,,Eigent AI,canonical_parent_country_undetermined,https://www.eigent.ai/,Official site identifies Eigent AI; the raw string does not state a research-site country.
embodied technologies,,Embodied Technologies,,,Embodied Technologies,canonical_parent_country_undetermined,https://www.embodied-technologies.com/contact,Official contact page identifies Embodied Technologies; the raw string does not state a research-site country.
fruitfulai,,FruitfulAI AG,,,FruitfulAI AG,canonical_parent_country_undetermined,https://www.fruitful.ch/work-with-us,Official page identifies FruitfulAI AG; the raw string does not state a research-site country.
generative bionics,,Generative Bionics S.r.l.,,,Generative Bionics,canonical_parent_country_undetermined,https://gbionics.ai/gene01/,Official page identifies Generative Bionics; the raw string does not state a research-site country.
gmi cloud,,GMI Cloud,,,GMI Company,canonical_parent_country_undetermined,https://www.gmicloud.ai/en/company/about,Official company page identifies GMI Cloud; the raw string does not state a research-site country.
hangzhou yugu technology co ltd,,Hangzhou Yugu Technology Co. Ltd.,,,Hangzhou Yugu Technology Co. Ltd.,canonical_parent_country_undetermined,https://yugu.net.cn/phone/newsList.html,Official company page identifies Hangzhou Yugu Technology Co. Ltd.; the raw string does not state a research-site country.
hisilicon shanghai technologies co l,,HiSilicon (Shanghai) Technologies Co. Ltd.,,,HiSilicon (Shanghai) Technologies Co. Ltd.,canonical_parent_country_undetermined,https://www.hisilicon.com/en,Official site identifies HiSilicon; the raw string does not state a research-site country.
holiday robotics,,Holiday Robotics,,,Holiday Robotics,canonical_parent_country_undetermined,https://holiday-robotics.com/about,Official page identifies Holiday Robotics; the raw string does not state a research-site country.
horizon continental technology,,Horizon Continental Technology,,,Horizon Continental Technology,canonical_parent_country_undetermined,https://en.horizon-continental.com/chanpinzixun,Official site identifies Horizon Continental Technology; the raw string does not state a research-site country.
huawei singapore,,Huawei OpenLab Singapore,SG,Singapore,Huawei,canonical_parent_country_undetermined,https://www.huawei.com/en/news/2023/3/openlab-apac,Official Huawei page identifies the Singapore OpenLab; the raw affiliation explicitly names Singapore.
hunyuan llm,,Tencent Hunyuan Large Model,,,Tencent,canonical_parent_country_undetermined,https://www.tencent.com/tencent-unveils-hunyuan-its-proprietary-large-foundation-model-on-tencent-cloud/,Official Tencent page identifies the Hunyuan large-model organization; the raw string does not state a research-site country.
ieit systems beijing co ltd,,IEIT SYSTEMS Co. Ltd.,,,IEIT SYSTEMS Co. Ltd.,canonical_parent_country_undetermined,https://www.ieisystems.com/en/about/index.html,Official page identifies IEIT SYSTEMS; the raw string does not state a research-site country.
ihorry,,iHORRY Corporation,,,iHORRY Corporation,canonical_parent_country_undetermined,https://ihorry.com/en/,Official page identifies iHORRY Corporation; the raw string does not state a research-site country.
incerta intelligence,,Incerta Intelligence,,,Incerta Intelligence,canonical_parent_country_undetermined,https://www.incertaintel.ai/products,Official site identifies Incerta Intelligence; the raw string does not state a research-site country.
innopeak tech inc,,InnoPeak Technology,,,InnoPeak Technology,canonical_parent_country_undetermined,https://www.innopeaktech.com/openpositions,Official site identifies InnoPeak Technology; the raw string does not state a research-site country.
innopeaktech,,InnoPeak Technology,,,InnoPeak Technology,canonical_parent_country_undetermined,https://www.innopeaktech.com/,Official site identifies InnoPeak Technology; the raw string does not state a research-site country.
jetstream security,,JetStream Security,,,JetStream Security,canonical_parent_country_undetermined,https://jetstream.security/about/,Official page identifies JetStream Security; the raw string does not state a research-site country.
joinquant,,Beijing Xiaolongxia Technology Co. Ltd.,,,JoinQuant,canonical_parent_country_undetermined,https://joinquant.com/about,Official page identifies the JoinQuant operating organization; the raw string does not state a research-site country.
kestreleye gmbh,,KESTRELEYE GmbH,,,KESTRELEYE GmbH,canonical_parent_country_undetermined,https://www.kestrel-eye.com/en/legal-information/,Official legal page identifies KESTRELEYE GmbH; the raw string does not state a research-site country.
kling team,,Kling AI,,,Kuaishou Technology,canonical_parent_country_undetermined,https://ir.kuaishou.com/news-releases/news-release-details/kuaishou-launches-full-beta-testing-kling-ai-global-users-0,Official Kuaishou release identifies Kling AI; the raw string does not state a research-site country.
krea,,KREA.AI INC.,,,Krea,canonical_parent_country_undetermined,https://www.krea.ai/terms,Official terms identify KREA.AI INC.; the raw string does not state a research-site country.
lila sciences,,LILA Sciences,,,LILA Sciences,canonical_parent_country_undetermined,https://www.lila.ai/about,Official page identifies LILA Sciences; the raw string does not state a research-site country.
machlear technologies pvt ltd,,MachLear Technologies,,,MachLear Technologies,canonical_parent_country_undetermined,https://machlear.com/,Official site identifies MachLear Technologies; the raw string does not state a research-site country.
mashang consumer finance co ltd,,Mashang Consumer Finance Co. Ltd.,,,Mashang Consumer Finance Co. Ltd.,canonical_parent_country_undetermined,https://www.msxf.com/en/m,Official page identifies Mashang Consumer Finance; the raw string does not state a research-site country.
mercedes benz,,Mercedes-Benz Group AG,,,Mercedes-Benz Group AG,canonical_parent_country_undetermined,https://group.mercedes-benz.com/company/north-america/mercedes-benz-r-d.html,Official company page identifies Mercedes-Benz Group; the raw string does not state a research-site country.
mercedes benz r and d na,,Mercedes-Benz Research and Development North America Inc.,,,Mercedes-Benz Group AG,canonical_parent_country_undetermined,https://group.mercedes-benz.com/company/north-america/mercedes-benz-r-d.html,Official page identifies the regional R&D organization; the raw string does not state a country-qualified research site.
partner 224 ventures,,224 Ventures,,,224 Capital LLC,canonical_parent_country_undetermined,https://www.224ventures.com/,Official 224 Ventures site identifies the venture firm; the raw string does not state a research-site country.
jd,,JD.com,,,JD.com,canonical_parent_country_undetermined,https://corporate.jd.com/,Official JD.com corporate page verifies the organization; the raw string does not state a research-site country.
aimfuture,,AIM FUTURE Inc.,,,AIM FUTURE Inc.,canonical_parent_country_undetermined,https://aimfuture.ai/en/about_en/,Official page verifies the compact source spelling as AIM FUTURE Inc.; the raw string does not state a research-site country.
chongqin afari intelligent drive co ltd,,Afari Technology,,,Afari Technology,canonical_parent_country_undetermined,https://www.afari.com/,Official site verifies Afari smart-driving technology; the raw source spelling is normalized from Chongqin to Chongqing and no research-site country is stated.
alibab,,Alibaba Group,,,Alibaba Group,canonical_parent_country_undetermined,https://www.alibabagroup.com/en-US/about-alibaba,Official page verifies the truncated source spelling as Alibaba Group; the raw string does not state a research-site country.
fair foundation,,Future Artificial Intelligence Research (FAIR) Foundation,,,Future Artificial Intelligence Research (FAIR) Foundation,canonical_parent_country_undetermined,https://fondazione-fair.it/en/,Official foundation site verifies the named organization; the raw string does not state a research-site country.
lambda,,Lambda,,,Lambda,canonical_parent_country_undetermined,https://lambda.ai/about,Official page identifies Lambda; the raw string does not state a research-site country.
mantra inc,,Mantra Inc.,,,Mantra Inc.,canonical_parent_country_undetermined,https://mantra.co.jp/en,Official page identifies Mantra Inc.; the raw string does not state a research-site country.
mercedes benz research and development north america,,Mercedes-Benz Research and Development North America Inc.,,,Mercedes-Benz Group AG,canonical_parent_country_undetermined,https://group.mercedes-benz.com/careers/about-us/locations/,Official page identifies the regional R&D organization; the raw string does not state a country-qualified research site.
meshyai,,Meshy LLC,,,Meshy LLC,canonical_parent_country_undetermined,https://www.meshy.ai/ja/about,Official page identifies Meshy LLC; the raw string does not state a research-site country.
midea,,Midea Group Co. Ltd.,,,Midea Group Co. Ltd.,canonical_parent_country_undetermined,https://www.midea.com/uk/about-midea,Official page identifies Midea Group; the raw string does not state a research-site country.
midea group shanghai co ltd,,Midea Group Co. Ltd.,,,Midea Group Co. Ltd.,canonical_parent_country_undetermined,https://www.midea.com/uk/about-midea,Official page identifies Midea Group; the raw string does not state a research-site country.
mihoyo,,miHoYo,,,miHoYo,canonical_parent_country_undetermined,https://www.mihoyo.com/en/?introtab=honor&page=about,Official page identifies miHoYo; the raw string does not state a research-site country.
minus ai,,Minus AI,,,Minus AI,canonical_parent_country_undetermined,https://www.minus-ai.com/,Official site identifies Minus AI; the raw string does not state a research-site country.
minus ai pte ltd,,Minus AI,,,Minus AI,canonical_parent_country_undetermined,https://www.minus-ai.com/,Official site identifies the source legal-name variant as Minus AI; the raw string does not state a research-site country.
mthreads,,Moore Threads,,,Moore Threads,canonical_parent_country_undetermined,https://docs.mthreads.com/mt-transformerengine/introduction/,Official documentation identifies Moore Threads; the raw string does not state a research-site country.
mts ai,,MTS (Mobile TeleSystems),,,MTS (Mobile TeleSystems),canonical_parent_country_undetermined,https://moskva.mts.ru/about/media-centr/soobshheniya-kompanii/novosti-mts-v-rossii-i-mire/2024-01-25/andrej-kalinin-naznachen-novym-generalnym-direktorom-mts-ai,Official MTS page verifies MTS AI under MTS; the raw string does not state a research-site country.
nec labs america,,NEC Laboratories America,,,NEC Corporation,canonical_parent_country_undetermined,https://www.nec-labs.com/about-us/,Official lab page identifies NEC Laboratories America; the raw string does not state a research-site country.
netmind ai,,NETMIND.AI LTD,,,NETMIND.AI LTD,canonical_parent_country_undetermined,https://netmind.ai/,Official site identifies NETMIND.AI LTD; the raw string does not state a research-site country.
nio ltd,,NIO Inc.,,,NIO Inc.,canonical_parent_country_undetermined,https://www.nio.com/about,Official page identifies NIO Inc.; the raw string does not state a research-site country.
ogq corp,,OGQ Corp,,,OGQ Corp,canonical_parent_country_undetermined,https://stg.nova.ogq.me/business-info,Official page identifies OGQ Corp; the raw string does not state a research-site country.
omilia,,Omilia Natural Language Solutions Ltd.,,,Omilia Natural Language Solutions Ltd.,canonical_parent_country_undetermined,https://omilia.com/enterprise-voice-ai/,Official page identifies Omilia; the raw string does not state a research-site country.
onerobotics,,OneRobotics (Shenzhen) Co. Ltd.,,,OneRobotics (Shenzhen) Co. Ltd.,canonical_parent_country_undetermined,https://www.onerobot.com/,Official site identifies OneRobotics; the raw string does not state a research-site country.
optum,,Optum,,,UnitedHealth Group,canonical_parent_country_undetermined,https://www.optum.com/en/about-us.html,Official page identifies Optum within UnitedHealth Group; the raw string does not state a research-site country.
oracle,,Oracle Corporation,,,Oracle Corporation,canonical_parent_country_undetermined,https://www.oracle.com/corporate/,Official corporate page identifies Oracle Corporation; the raw string does not state a research-site country.
peloton,,Peloton Interactive Inc.,,,Peloton Interactive Inc.,canonical_parent_country_undetermined,https://www.onepeloton.com/company,Official page identifies Peloton Interactive Inc.; the raw string does not state a research-site country.
phigent,,Beijing Jianzhi Robotics Technology Co. Ltd.,,,Beijing Jianzhi Robotics Technology Co. Ltd.,canonical_parent_country_undetermined,https://www.phigent.cn/,Official site identifies the Phigent operating organization; the raw string does not state a research-site country.
photon systems instruments,,PSI (Photon Systems Instruments) spol. s r.o.,,,PSI (Photon Systems Instruments) spol. s r.o.,canonical_parent_country_undetermined,https://psi.cz/contacts/office/,Official contact page identifies PSI; the raw string does not state a research-site country.
pingan technology,,Ping An Insurance (Group) Company of China Ltd.,,,Ping An Insurance (Group) Company of China Ltd.,canonical_parent_country_undetermined,https://group.pingan.com/,Official group page identifies Ping An; the raw string does not state a research-site country.
qifu,,Qifu Technology Inc.,,,Qifu Technology Inc.,canonical_parent_country_undetermined,https://qifu.tech/,Official page identifies Qifu Technology Inc.; the raw string does not state a research-site country.
qoves,,Qoves Inc.,,,Qoves Inc.,canonical_parent_country_undetermined,https://www.qoves.com/legal,Official legal page identifies Qoves Inc.; the raw string does not state a research-site country.
qutwo,,Qutwo,,,Qutwo,canonical_parent_country_undetermined,https://qutwo.com/,Official site identifies Qutwo; the raw string does not state a research-site country.
rakuten group,,Rakuten Group Inc.,,,Rakuten Group Inc.,canonical_parent_country_undetermined,https://global.rakuten.com/corp/about/,Official page identifies Rakuten Group Inc.; the raw string does not state a research-site country.
realman,,RealMan Intelligent Technology (Beijing) Co. Ltd.,,,RealMan Intelligent Technology (Beijing) Co. Ltd.,canonical_parent_country_undetermined,https://realman-robotics.com/en/main/about-us.html,Official page identifies RealMan; the raw string does not state a research-site country.
reve ai,,Reve AI Inc.,,,Reve AI Inc.,canonical_parent_country_undetermined,https://app.reve.com/about,Official page identifies Reve AI Inc.; the raw string does not state a research-site country.
roblox,,Roblox Corporation,,,Roblox Corporation,canonical_parent_country_undetermined,https://en.help.roblox.com/hc/en-us/articles/203313370-Roblox-Company-Information,Official company page identifies Roblox Corporation; the raw string does not state a research-site country.
robotics lab hyundai motor company,,Hyundai Motor Company,,,Hyundai Motor Company,canonical_parent_country_undetermined,https://www.hyundaimotorgroup.com/en/news/hyundai-motor-groups-robotics-lab-unveils-physical-ai-implementation-plan-with-deepx-at-ces-foundry-2026,Official Hyundai page identifies the Robotics Lab; the raw string does not state a research-site country.
roentgen health,,RoentGen Health,,,RoentGen Health,canonical_parent_country_undetermined,https://www.roentgenhealth.com/,Official site identifies RoentGen Health; the raw string does not state a research-site country.
sanofi,,Sanofi,,,Sanofi,canonical_parent_country_undetermined,https://www.sanofi.com/en/our-company,Official page identifies Sanofi; the raw string does not state a research-site country.
scania cv ab,,Scania CV AB,,,Scania CV AB,canonical_parent_country_undetermined,https://www.scania.com/jp/ja/home/about-scania/Scania_Japan.html,Official page identifies Scania CV AB; the raw string does not state a research-site country.
servicenow inc,,ServiceNow Inc.,,,ServiceNow Inc.,canonical_parent_country_undetermined,https://www.servicenow.com/company.html,Official page identifies ServiceNow Inc.; the raw string does not state a research-site country.
moscow independent research institute of artificial intelligence,,Moscow Independent Research Institute of Artificial Intelligence,,,Moscow Independent Research Institute of Artificial Intelligence,canonical_parent_country_undetermined,https://miriai.org/,Official site identifies the institute; the raw string does not state a research-site country.
yinwang intelligent technology co ltd,,Shenzhen Yinwang Intelligent Technology Co. Ltd.,,,Huawei,canonical_parent_country_undetermined,https://developer.yinwang.com/,Official developer site identifies the Yinwang intelligent-connected-vehicle organization; the raw string does not state a research-site country.
shenzhen yinwang intelligent technology co ltd,,Shenzhen Yinwang Intelligent Technology Co. Ltd.,,,Huawei,canonical_parent_country_undetermined,https://developer.yinwang.com/,Official developer site identifies the Yinwang organization; the raw string does not state a research-site country.
yinwang intelligent technology,,Shenzhen Yinwang Intelligent Technology Co. Ltd.,,,Huawei,canonical_parent_country_undetermined,https://developer.yinwang.com/,Official developer site identifies the abbreviated Yinwang organization; the raw string does not state a research-site country.
baowu equipment intelligent technology co ltd,,Baowu Equipment Intelligent Technology Co. Ltd.,,,China Baowu,canonical_parent_country_undetermined,https://www.baoiem.com/,Official company site identifies Baowu Equipment Intelligent Technology; the raw string does not state a research-site country.
beijing baichuan intelligence technology co ltd,,Beijing Baichuan Intelligent Technology Co. Ltd.,,,Beijing Baichuan Intelligent Technology Co. Ltd.,canonical_parent_country_undetermined,https://www.baichuan-ai.com/,Official site identifies the Baichuan AI organization; the raw string does not state a research-site country.
china united network communications group co ltd,,China United Network Communications Group Co. Ltd.,,,China Unicom Group,canonical_parent_country_undetermined,https://www.chinaunicom.cn/,Official company site identifies China Unicom Group; the raw string does not state a research-site country.
deep potential,,Deep Potential,,,Deep Potential,canonical_parent_country_undetermined,https://www.dp.tech/,Official site identifies Deep Potential; the raw string does not state a research-site country.
terminus group,,Terminus Group,,,Terminus Group,canonical_parent_country_undetermined,https://m.terminusgroup.com/,Official site identifies Terminus Group; the raw string does not state a research-site country.
united imaging healthcare,,Shanghai United Imaging Healthcare Co. Ltd.,,,Shanghai United Imaging Healthcare Co. Ltd.,canonical_parent_country_undetermined,https://global.united-imaging.com/,Official site identifies United Imaging Healthcare; the raw string does not state a research-site country.
unitree robotics,,Unitree Robotics,,,Unitree Robotics,canonical_parent_country_undetermined,https://www.unitree.com/about/,Official site identifies Unitree Robotics; the raw string does not state a research-site country.
wayve,,Wayve Technologies Ltd.,,,Wayve Technologies Ltd.,canonical_parent_country_undetermined,https://wayve.ai/company/,Official company page identifies Wayve Technologies Ltd.; the raw string does not state a research-site country.
xai,,xAI,,,xAI,canonical_parent_country_undetermined,https://x.ai/company,Official xAI company page identifies xAI; the raw string does not state a research-site country.
zenseact,,Zenseact AB,,,Zenseact AB,canonical_parent_country_undetermined,https://zenseact.com/,Official site identifies Zenseact AB; the raw string does not state a research-site country.
bosch,,Robert Bosch GmbH,,,Robert Bosch GmbH,canonical_parent_country_undetermined,https://www.bosch.com/company/,Official Bosch company page verifies the corporate identity; the raw string does not state a research-site country.
international business machines,,IBM,,,IBM,canonical_parent_country_undetermined,https://www.ibm.com/about,Official IBM company page verifies the corporate identity; the raw string does not state a research-site country.
telefonaktiebolaget lm ericsson,,Telefonaktiebolaget LM Ericsson,,,Telefonaktiebolaget LM Ericsson,canonical_parent_country_undetermined,https://www.ericsson.com/en/about-us/company-facts,Official Ericsson company page verifies the corporate identity; the raw string does not state a research-site country.
european molecular biology laboratory,,European Molecular Biology Laboratory,,,European Molecular Biology Laboratory,canonical_parent_country_undetermined,https://www.embl.org/,Official EMBL site verifies the organization; the raw affiliation does not identify a branch or research-site country.
tencent ai engine,,Tencent AI Engine,,,Tencent,canonical_parent_country_undetermined,https://www.tencent.com/en-us/,Official Tencent site verifies the named corporate research-unit form; the raw string does not state a research-site country.
zhipuai,,Zhipu AI,,,Zhipu AI,canonical_parent_country_undetermined,https://www.zhipuai.cn/zh/news,Official site verifies the Zhipu AI organization; the raw string does not state a research-site country.
realsee technolgy,,Realsee,,,KE Holdings,canonical_parent_country_undetermined,https://www.realsee.ai/blogs/news/beike-transforming-real-estate-through-technology,Official Realsee page verifies the Realsee and Beike relationship; the raw string does not state a research-site country.
beike realsee technology,,Realsee,,,KE Holdings,canonical_parent_country_undetermined,https://www.realsee.ai/blogs/news/beike-transforming-real-estate-through-technology,Official Realsee page verifies the Realsee and Beike relationship; the raw string does not state a research-site country.
shenzhen smartmore technology co ltd,,SmartMore Corporation,,,SmartMore Corporation,canonical_parent_country_undetermined,https://global.smartmore.com/company.html,Official company page verifies SmartMore Corporation; the raw string does not state a research-site country.
smartmore corporation,,SmartMore Corporation,,,SmartMore Corporation,canonical_parent_country_undetermined,https://global.smartmore.com/company.html,Official company page verifies SmartMore Corporation; the raw string does not state a research-site country.
united imaging intelligence america,,United Imaging Intelligence America,US,United States,United Imaging Intelligence,canonical_parent_country_undetermined,https://global.united-imaging.com/en/news-center/uih-news-list/2023-11-21en,Official page identifies the U.S. entity and Houston research-site address named by the raw affiliation.
advanced machine intelligence,,AMI Labs,,,AMI Labs,canonical_parent_country_undetermined,https://amilabs.xyz/,Official AMI Labs page identifies Advanced Machine Intelligence as the organization; the raw string does not state a research-site country.
ami labs,,AMI Labs,,,AMI Labs,canonical_parent_country_undetermined,https://amilabs.xyz/,Official AMI Labs page verifies the exact organization name; the raw string does not state a research-site country.
founder chair ami labs,,AMI Labs,,,AMI Labs,canonical_parent_country_undetermined,https://amilabs.xyz/,The source includes a role title and AMI Labs; the organization is retained while no research-site country is inferred.
hujing digital media and entertainment group,,Hujing Digital Media and Entertainment Group,,,Alibaba Group,canonical_parent_country_undetermined,https://www.alibabagroup.com/en-US/document-1871720871488389120,Official Alibaba shareholder material identifies Hujing Digital Media and Entertainment Group; the raw string does not state a research-site country.
